rank,team,teamName,organization,city,region,country,gradeLevel,eventSku,eventDate,combined,programming,driver,maxProgramming,maxDriver,eligible
1,15442A,Capybara,CANYON HIGH,Anaheim,California,United States,High School,RE-V5RC-25-0153,2025-11-14,189,85,104,85,104,false
2,1698V,Power Beans,1698,San Jose,California,United States,High School,RE-V5RC-25-1472,2025-10-25,184,90,94,96,94,false
3,54001A,西安市铁一中学A队,Xi'an TieYi Highschool,Xi'an,Shaanxi,China,High School,RE-V5RC-25-3772,2025-11-14,182,84,98,84,98,false
4,16099A,Overclock,KG Computech,Flushing,New York,United States,High School,RE-V5RC-25-9997,2025-09-12,180,71,109,77,109,false
5,32092G,Mile High Mechanics,Stargate Charter School,Thornton,Colorado,United States,High School,RE-V5RC-25-1864,2025-10-07,179,81,98,81,98,false
6,3283A,TIEYI ICC,XIAN TIEYI ICC,Xian,Shaanxi,China,High School,RE-V5RC-25-3772,2025-11-14,178,85,93,85,93,false
7,64411B,B>U,STEM SQUAD ROBOTICS,Miami,Florida,United States,High School,RE-V5RC-25-1986,2025-11-08,178,83,95,83,95,false
8,2054V,Pika Pika,Pika Pika Robotics,Kaysville,Utah,United States,High School,RE-V5RC-25-0094,2025-11-21,176,78,98,78,99,false
9,2145V,Pink Swirlee Unicorns,Pink Unicorns,Manassas,Virginia,United States,High School,RE-V5RC-25-0153,2025-11-14,175,77,98,77,98,false
10,1069A,After Hours,Berthoud Robotics,Berthoud,Colorado,United States,High School,RE-V5RC-25-1864,2025-10-07,174,83,91,83,91,false
11,6842K,Killer Instinct,PARK TUDOR SCHOOL,Indianapolis,Indiana,United States,High School,RE-V5RC-25-0094,2025-11-21,174,73,101,73,102,false
12,2982X,ALL ON RED,Robotfun Academy,Wellesley Hills,Massachusetts,United States,High School,RE-V5RC-25-0179,2025-11-22,172,72,100,72,100,false
13,10B,Exothermic Burnout,Exothermic Robotics,Bellevue,Washington,United States,High School,RE-V5RC-25-0800,2025-11-01,170,82,88,82,96,false
14,1523C,Charisma,Steamoji,Bellevue ,Washington,United States,High School,RE-V5RC-25-0966,2025-11-15,170,78,92,78,92,false
15,16689A,Dracobots,Dracobots,Portland,Oregon,United States,High School,RE-V5RC-25-0209,2025-11-24,170,75,95,75,95,false
16,16610A,Snacky Cakes,Techblazers,Richmond Hill,Ontario,Canada,High School,RE-V5RC-25-9915,2025-11-14,168,66,102,66,102,false
17,3004A,qwerty,Independent,Vaughan,Ontario,Canada,High School,RE-V5RC-25-9915,2025-11-14,167,72,95,72,95,false
18,886S,Why So Serious | WPRA,Western Pacific Robotics Academy,Richmond,British Columbia,Canada,High School,RE-V5RC-25-2529,2025-11-22,167,70,97,70,97,false
19,2815Z,Hongyi STEM International Academy,深圳市弘毅高级中学STEM国际书院,Shenzhen,Guangdong,China,High School,RE-V5RC-25-1914,2025-11-07,167,68,99,68,99,false
20,1791V,JOINUS,Curious X-Lab,Hsinchu City,,Taiwan,High School,RE-V5RC-25-0024,2025-11-22,166,65,101,65,101,false
21,8931R,V-Bots Arsenic,LAKE STEVENS SR HIGH SCHOOL,Lake Stevens,Washington,United States,High School,RE-V5RC-25-2122,2025-11-22,164,83,81,83,81,false
22,9189X,Aurex,Private Team,Highland Park,Texas,United States,High School,RE-V5RC-25-0209,2025-11-24,163,72,91,72,97,false
23,884A,Space Pandas,Bamboo Lab,Manhattan Beach,California,United States,High School,RE-V5RC-25-0649,2025-11-15,161,84,77,84,90,false
24,3150A,Silver Owl,Silver Owl Robotics Inc.,Richmond Hill,Ontario,Canada,High School,RE-V5RC-25-0094,2025-11-21,161,59,102,59,102,false
25,81208X,LeRoi Xenon,LeRoi Robotics,Markham,Ontario,Canada,High School,RE-V5RC-25-2246,2025-11-15,159,79,80,79,92,false
26,81988B,Artemis,Shanghai Hongkou Robotics Club,Shanghai,Shanghai,China,High School,RE-V5RC-25-0835,2025-08-14,159,79,80,79,80,false
27,57249C,Raptor Robotics - JOKR,Ravenwood High School,Brentwood,Tennessee,United States,High School,RE-V5RC-25-0153,2025-11-14,159,68,91,70,91,false
28,77717F,Flip,Peak Robotics,Boulder,Colorado,United States,High School,RE-V5RC-25-1210,2025-11-01,158,81,77,81,89,false
29,7925S,H.I.I Super Robot,Hangzhou No.2 High School,Hangzhou,Zhejiang,China,High School,RE-V5RC-25-1749,2025-10-24,158,74,84,74,84,false
30,2790B,buh,Valparaiso High School,Valparaiso,Indiana,United States,High School,RE-V5RC-25-1856,2025-11-08,156,70,86,73,86,false
31,81988E,Extropy,Shanghai Hongkou Robotics Club,Shanghai,Shanghai,China,High School,RE-V5RC-25-0835,2025-08-14,155,86,69,86,69,false
32,3332A,Astrabot,Astrabot,Foster City,California,United States,High School,RE-V5RC-25-1473,2025-11-15,155,82,73,82,73,false
33,2145Z,Pink Shinee Unicorns,Pink Unicorns,Manassas,Virginia,United States,High School,RE-V5RC-25-0153,2025-11-14,155,74,81,74,81,false
34,2570R,Royal Flush,Next Gen AI Bots ,San Ramon,California,United States,High School,RE-V5RC-25-0209,2025-11-24,155,72,83,72,97,false
35,6008G,G-Force,NORTH UNION HIGH SCHOOL,Richwood,Ohio,United States,High School,RE-V5RC-25-0153,2025-11-14,155,70,85,70,97,false
36,7405R,Millburn Riptide,Millburn High School,Millburn,New Jersey,United States,High School,RE-V5RC-25-2126,2025-11-22,155,58,97,58,97,false
37,8198X,Rolling Robots Infinity,Rolling Robots ,Rolling Hills Estates,California,United States,High School,RE-V5RC-25-0024,2025-11-22,155,52,103,52,103,false
38,16666A,Hefei X-No.1 HS,HF HS No.1,hefei,Anhui,China,High School,RE-V5RC-25-3593,2025-11-21,154,63,91,63,91,false
39,95071V,Saratoga High Velocity,Saratoga High School,Saratoga,California,United States,High School,RE-V5RC-25-0024,2025-11-22,153,70,83,70,83,false
40,47874J,Occam's Chainsaw,Squalicum High School,Bellingham,Washington,United States,High School,RE-V5RC-25-2122,2025-11-22,153,67,86,67,86,false
41,88941C,88941C,Foshan No.1 Middle School,Foshan,Guangdong,China,High School,RE-V5RC-25-1914,2025-11-07,152,73,79,73,79,false
42,11101B,Barcbots Getting There,Barcbots,Cupertino,California,United States,High School,RE-V5RC-25-1514,2025-10-11,151,74,77,74,77,false
43,550X,XAWG,APOPKA HIGH,Apopka,Florida,United States,High School,RE-V5RC-25-2382,2025-11-15,151,66,85,69,85,false
44,8110W,Whisper,Mankato West Robotics,Mankato,Minnesota,United States,High School,RE-V5RC-25-9919,2025-11-15,151,67,84,67,84,false
45,6210M,Meta Mafia,Heritage Christian School,Indianapolis,Indiana,United States,High School,RE-V5RC-25-0094,2025-11-21,150,73,77,73,83,false
46,11811A,Hula Hooligans,Hula Hooligans,Kansas City,Missouri,United States,High School,RE-V5RC-25-9926,2025-07-31,150,70,80,70,80,false
47,295Y,PARTY,Placer Robotics (PART),Roseville,California,United States,High School,RE-V5RC-25-0122,2025-11-02,149,64,85,64,85,false
48,393E,Expedite,Legacy Magnet Academy,Tustin,California,United States,High School,RE-V5RC-25-0649,2025-11-15,148,70,78,70,79,false
49,1739C,Nonapplicable,Nonapplicable Robotics,Oklahoma City,Oklahoma,United States,High School,RE-V5RC-25-0794,2025-10-18,148,63,85,63,85,false
50,8917B,Armageddon,Independent Organization,Irvine,California,United States,High School,RE-V5RC-25-0024,2025-11-22,147,74,73,74,75,false
51,99219M,MeiSha Robo Advancer,梅沙机甲学院,深圳,Guangdong,China,High School,RE-V5RC-25-1914,2025-11-07,147,72,75,72,75,false
52,86669A,EDS_Bunreal,Edison Schools,Hung Yen,,Vietnam,High School,RE-V5RC-25-2890,2025-11-01,147,71,76,71,76,false
53,54666A,XIAN TIEYI HS & GAOXIN NO.1 HS,XIAN TIEYI HS & XIAN GAOXIN NO.1 HS,Xian,Shaanxi,China,High School,RE-V5RC-25-3772,2025-11-14,147,71,76,71,76,false
54,8047F,GSI Robotics,FNATIC Robotics,Lagos De Moreno,Jalisco,Mexico,High School,RE-V5RC-25-0637,2025-11-26,147,70,77,70,77,false
55,45434R,Rift,Beavercreek Robotics Club,Beavercreek,Ohio,United States,High School,RE-V5RC-25-0094,2025-11-21,147,68,79,68,79,false
56,2154A,ad astra,Robobotics,Union City,California,United States,High School,RE-V5RC-25-0024,2025-11-22,147,66,81,66,81,false
57,21510R,Graveyard Shift,BLUE RIDGE HIGH,Greer,South Carolina,United States,High School,RE-V5RC-25-0045,2025-11-15,146,65,81,65,81,false
58,16610V,Vanadium,Techblazers,Richmond Hill,Ontario,Canada,High School,RE-V5RC-25-0104,2025-11-01,145,57,88,70,88,false
59,58888A,Hefei X-No.8 HS,HF HS No.8,合肥,Anhui,China,High School,RE-V5RC-25-3593,2025-11-21,145,68,77,68,77,false
60,9123C,Shanghai RuiGuan Team 9123C,ShangHai RuiGuan Robotics Activity Center,Shanghai,Shanghai,China,High School,RE-V5RC-25-0863,2025-08-22,145,60,85,60,85,false
61,50922T,LSTS MAKO MANIACS,Lawrence S.Ting School,Ho Chi Minh City,,Vietnam,High School,RE-V5RC-25-1400,2025-11-22,145,55,90,55,90,false
62,58676R,Corsaires R,Ecole Pointe-Levy,Lévis,Quebec,Canada,High School,RE-V5RC-25-9941,2025-10-16,144,79,65,79,65,false
63,9447G,Exploding Kittens,Palmetto Scholars Academy,North Charleston,South Carolina,United States,High School,RE-V5RC-25-0050,2025-10-18,144,69,75,69,82,false
64,40684D,Griffilicious,NAPOLEON HIGH SCHOOL,Napoleon,Michigan,United States,High School,RE-V5RC-25-0381,2025-11-22,144,63,81,63,81,false
65,66994B,Unicorn Puncher,Dr. Player Robotic Lab . Taichung,Taichung City,,Taiwan,High School,RE-V5RC-25-0321,2025-10-26,144,60,84,61,84,false
66,1010X,TenTon Robotics,West Vancouver School District #45,West Vancouver,British Columbia,Canada,High School,RE-V5RC-25-0133,2025-11-08,143,62,81,62,87,false
67,2011B,BlastOff,BRECKSVILLE-BROADVIEW HEIGHTS HIGH SCHOOL,Broadview Heights,Ohio,United States,High School,RE-V5RC-25-9915,2025-11-14,143,45,98,55,98,false
68,1281A,It's MyGO!!!!! - Radiant,Radiant Robot,Arcadia,California,United States,High School,RE-V5RC-25-1336,2025-11-16,142,70,72,70,72,false
69,4265X,APX,Holy Family High School,Broomfield,Colorado,United States,High School,RE-V5RC-25-0094,2025-11-21,142,43,99,63,99,false
70,5013X,Quiet,ALL NATIONS COMMUNITY SCHOOL,Oak Ridge North,Texas,United States,High School,RE-V5RC-25-2671,2025-11-08,142,52,90,58,90,false
71,8682A,Apollo,Newton College and Career Academy,Covington,Georgia,United States,High School,RE-V5RC-25-0094,2025-11-21,142,55,87,55,87,false
72,1523W,Washington Football Team,Steamoji,Bellevue ,Washington,United States,High School,RE-V5RC-25-0966,2025-11-15,142,52,90,52,90,false
73,6219B,Rock Em' Sock Em' Robot,NEENAH HIGH,Neenah,Wisconsin,United States,High School,RE-V5RC-25-1267,2025-11-15,141,74,67,74,67,false
74,4154R,U.S.S. ROBOTICS,NSU UNIVERSITY SCHOOL,Fort Lauderdale,Florida,United States,High School,RE-V5RC-25-0153,2025-11-14,141,72,69,72,74,false
75,99219F,MeiSha Robo Advancer,梅沙机甲学院,深圳,Guangdong,China,High School,RE-V5RC-25-1914,2025-11-07,141,62,79,62,79,false
76,1658S,Practice Years 2.5,Education Empowerment Asia,Diamond Bar,California,United States,High School,RE-V5RC-25-9915,2025-11-14,141,57,84,57,84,false
77,40000E,Equinox,Brentwood Community Robotics,Brentwood,Tennessee,United States,High School,RE-V5RC-25-0153,2025-11-14,141,47,94,47,94,false
78,1239E,Flashbang,Flashbang Robotics,Oklahoma City,Oklahoma,United States,High School,RE-V5RC-25-0209,2025-11-24,140,58,82,64,82,false
79,98601Y,Atlantis (Troy),TROY HIGH NJROTC,Fullerton,California,United States,High School,RE-V5RC-25-0345,2025-11-09,138,64,74,64,84,false
80,29712C,COGNITAUR,Cognitaur,Folsom,California,United States,High School,RE-V5RC-25-1472,2025-10-25,138,62,76,62,84,false
81,2550R,Rowdy Grizzlies,GRANITE BAY HIGH,Granite Bay,California,United States,High School,RE-V5RC-25-0024,2025-11-22,138,54,84,54,84,false
82,3796F,Pay Respects,J. L. MANN HIGH ACADEMY,Greenville,South Carolina,United States,High School,RE-V5RC-25-0045,2025-11-15,137,59,78,59,78,false
83,7121B,Maverick Robotics “BLITZ”,ARCHBISHOP EDWARD MCCARTHY HIGH SCHOOL,Southwest Ranches,Florida,United States,High School,RE-V5RC-25-1165,2025-10-19,137,55,82,55,82,false
84,28006B,Robots R Us,NextGen Robotics Association,Plano,Texas,United States,High School,RE-V5RC-25-0044,2025-10-18,137,54,83,54,83,false
85,62595A,EDS _ Phomidable,Edison Schools,Hưng Yên,,Vietnam,High School,RE-V5RC-25-2890,2025-11-01,137,53,84,53,84,false
86,1692A,HangZhou FLS-A,Hangzhou Foreign Languages School,Hangzhou,Zhejiang,China,High School,RE-V5RC-25-1749,2025-10-24,136,79,57,79,80,false
87,8889A,99%,Numberosity Academy,Lexington,Massachusetts,United States,High School,RE-V5RC-25-2145,2025-10-25,135,68,67,68,69,false
88,8223Y,Team 8223Y of Beijing No.80 High School,Beijing No.80 High school,Beijing,Beijing,China,High School,RE-V5RC-25-3129,2025-10-24,135,61,74,61,74,false
89,3577A,DogeBotics,Innovagine Robotics,RCH CUCAMONGA,California,United States,High School,RE-V5RC-25-0345,2025-11-09,135,58,77,58,78,false
90,1168A,Victory,Victor Robotics,Beaverton,Oregon,United States,High School,RE-V5RC-25-9942,2025-11-22,135,49,86,49,86,false
91,1065A,Sunny,SunnyRobotics,Houston,Texas,United States,High School,RE-V5RC-25-0209,2025-11-24,134,78,56,78,66,false
92,99219A,MeiSha Robo Advancer,梅沙教育,深圳,Guangdong,China,High School,RE-V5RC-25-1914,2025-11-07,134,63,71,63,71,false
93,73017D,RoboTopia,RoboTopia,Waxhaw,North Carolina,United States,High School,RE-V5RC-25-9997,2025-09-12,134,62,72,62,72,false
94,23382A,Fifth Dimension,Fifth Dimension Robotics,North Potomac,Maryland,United States,High School,RE-V5RC-25-9997,2025-09-12,134,59,75,59,75,false
95,12478X,Bobaionics,group of friends,Cupertino,California,United States,High School,RE-V5RC-25-1472,2025-10-25,134,58,76,58,76,false
96,22603B,Black,KLEIN OAK HIGH SCHOOL,Spring,Texas,United States,High School,RE-V5RC-25-2671,2025-11-08,134,54,80,54,80,false
97,6121C,The Pioneers,CONESTOGA SHS,Berwyn,Pennsylvania,United States,High School,RE-V5RC-25-0005,2025-11-15,133,58,75,58,75,false
98,59218B,Cedar  Grove Panthers,CEDAR GROVE HIGH SCHOOL,Cedar Grove,New Jersey,United States,High School,RE-V5RC-25-9915,2025-11-14,132,60,72,60,72,false
99,45434Y,ODYSSEY,Beavercreek Robotics Club,Beavercreek,Ohio,United States,High School,RE-V5RC-25-0094,2025-11-21,132,57,75,57,75,false
100,1028A,WASHED,Brownell Talbot College Preparatory School,Omaha,Nebraska,United States,High School,RE-V5RC-25-0002,2025-11-01,132,53,79,53,79,false
101,68729S,未来科技战队-S,西安艾客机器人教育科技有限责任公司,西安,Shanxi,China,High School,RE-V5RC-25-3772,2025-11-14,131,63,68,63,68,false
102,2731H,Hangzhou No.14 Qingshanhu School,Hangzhou Foreign Languages School,杭州市,Zhejiang,China,High School,RE-V5RC-25-1749,2025-10-24,131,61,70,61,70,false
103,2011A,Apex,BRECKSVILLE-BROADVIEW HEIGHTS HIGH SCHOOL,Broadview Heights,Ohio,United States,High School,RE-V5RC-25-9915,2025-11-14,131,58,73,58,80,false
104,1082E,Carbonated Potato,LOVEJOY HIGH SCHOOL,Lucas,Texas,United States,High School,RE-V5RC-25-1588,2025-11-01,131,52,79,52,81,false
105,886Y,Yabadabadoo | WPRA,Western Pacific Robotics Academy,Richmond,British Columbia,Canada,High School,RE-V5RC-25-2576,2025-10-13,131,50,81,50,81,false
106,91923A,RED,Texas Academy at Lamar University,Beaumont,Texas,United States,High School,RE-V5RC-25-1615,2025-10-25,131,48,83,48,83,false
107,66556Z,Nameless,Nameless Robotics,Mesa,Arizona,United States,High School,RE-V5RC-25-2984,2025-11-22,131,45,86,45,94,false
108,45133J,Chicken Tender Defenders,HILLSBORO HIGH SCHOOL,Hillsboro,Ohio,United States,High School,RE-V5RC-25-9915,2025-11-14,130,54,76,54,76,false
109,210E,Equilibrium,Western Mechatronics Robotics Club,Calgary,Alberta,Canada,High School,RE-V5RC-25-0153,2025-11-14,129,57,72,57,81,false
110,9039J,Jinx,BrandywineBOTS,Wilmington,Delaware,United States,High School,RE-V5RC-25-0161,2025-11-15,129,49,80,49,80,false
111,45434M,Meltdown,Beavercreek Robotics Club,Beavercreek,Ohio,United States,High School,RE-V5RC-25-9915,2025-11-14,129,40,89,40,89,false
112,229Y,NOVA,ACE Robotics,Tavares,Florida,United States,High School,RE-V5RC-25-1281,2025-11-01,128,59,69,59,79,false
113,13358C,Collision,SILVER CREEK HIGH SCHOOL,Longmont,Colorado,United States,High School,RE-V5RC-25-1210,2025-11-01,128,51,77,56,77,false
114,81Y,VEXMEN: Paradox,Brandywine Robotics Inc.,Chester Springs,Pennsylvania,United States,High School,RE-V5RC-25-9997,2025-09-12,128,52,76,52,76,false
115,2627E,Demotorized,Demotorized Robotics,Scottsdale,Arizona,United States,High School,RE-V5RC-25-2088,2025-11-08,128,52,76,52,76,false
116,10C,Ex Machina,Exothermic Robotics,Bellevue,Washington,United States,High School,RE-V5RC-25-0966,2025-11-15,128,50,78,50,87,false
117,76624S,Box Bots,Box Bots,Miami,Florida,United States,High School,RE-V5RC-25-1986,2025-11-08,128,50,78,50,78,false
118,8977A,上海市市北初级中学＆达罗捷派学院联队,Shanghai Shibei Junior High School,上海,Shanghai,China,High School,RE-V5RC-25-1749,2025-10-24,127,59,68,59,68,false
119,2602K,Hopkinetics KryptoKnights,HOPKINTON HIGH,Hopkinton,Massachusetts,United States,High School,RE-V5RC-25-0179,2025-11-22,127,58,69,58,69,false
120,10278A,APEX Robotics,Horizon West Robotics,Winter Garden,Florida,United States,High School,RE-V5RC-25-0153,2025-11-14,127,43,84,43,84,false
121,93211C,SD,SDXT,Foshan,Guangdong,China,High School,RE-V5RC-25-1914,2025-11-07,126,60,66,60,66,false
122,1010G,TenTon Robotics,West Vancouver School District #45,West Vancouver,British Columbia,Canada,High School,RE-V5RC-25-2529,2025-11-22,126,53,73,53,73,false
123,291Z,Friends High School,重庆市广益中学校,重庆,Chongqing,China,High School,RE-V5RC-25-3772,2025-11-14,126,49,77,49,77,false
124,7258C,HSch Attached to BJUT-C,High School Attached to Beijing University of Technology,Beijing,Beijing,China,High School,RE-V5RC-25-3093,2025-10-24,126,46,80,46,80,false
125,20605A,First Class,ALEXANDRIA HIGH SCHOOL,Alexandria,Alabama,United States,High School,RE-V5RC-25-1207,2025-11-20,125,60,65,60,65,false
126,95071X,Saratoga High Extremity,Saratoga High School,Saratoga,California,United States,High School,RE-V5RC-25-0024,2025-11-22,125,59,66,59,67,false
127,727G,Terrapin Gold,TAMPA PREPARATORY SCHOOL,Tampa,Florida,United States,High School,RE-V5RC-25-2382,2025-11-15,125,51,74,51,74,false
128,9181G,Ghost,Seaquam Secondary,Delta,British Columbia,Canada,High School,RE-V5RC-25-2529,2025-11-22,124,60,64,60,64,false
129,2115P,Peekaboo,Peekaboo Robotics,Irvine,California,United States,High School,RE-V5RC-25-0209,2025-11-24,124,54,70,56,70,false
130,1511X,Nexus,EASTMARK HIGH SCHOOL,Mesa,Arizona,United States,High School,RE-V5RC-25-0270,2025-11-15,124,45,79,45,79,false
131,8448G,winGmen,MOUNTAIN BROOK HIGH SCHOOL,Mountain Brook,Alabama,United States,High School,RE-V5RC-25-0153,2025-11-14,124,40,84,40,84,false
132,9364V,Iron Eagles - Vitality,BRENTWOOD ACADEMY,Brentwood,Tennessee,United States,High School,RE-V5RC-25-0344,2025-08-17,123,54,69,54,72,false
133,33333C,X-Robo.C,X-Robo,Hefei,Anhui,China,High School,RE-V5RC-25-3498,2025-11-07,123,53,70,53,70,false
134,1898A,Olympus,MILTON ACADEMY,Milton,Massachusetts,United States,High School,RE-V5RC-25-0179,2025-11-22,123,49,74,49,74,false
135,45434V,Vortex,Beavercreek Robotics Club,Beavercreek,Ohio,United States,High School,RE-V5RC-25-9958,2025-11-15,123,48,75,48,75,false
136,197C,Carnation,Harriton Senior High School,Rosemont,Pennsylvania,United States,High School,RE-V5RC-25-0005,2025-11-15,122,52,70,52,70,false
137,7686A,ISLANDERS,Tiger Robotics,Harrisburg,South Dakota,United States,High School,RE-V5RC-25-9926,2025-07-31,122,48,74,48,74,false
138,6627A,Knight Time Bots - Ace,FOOTHILL HIGH,Santa Ana,California,United States,High School,RE-V5RC-25-0367,2025-10-19,122,46,76,46,83,false
139,17022A,Pangolin,Happy Robot,New Taipei City,,Taiwan,High School,RE-V5RC-25-0037,2025-10-19,122,45,77,45,82,false
140,65162A,Déjà vu,BOB JONES ACADEMY,Greenville,South Carolina,United States,High School,RE-V5RC-25-0153,2025-11-14,122,44,78,44,78,false
141,9621V,Void,First Principles Robotics Group,Las Vegas,Nevada,United States,High School,RE-V5RC-25-2178,2025-11-08,122,42,80,42,80,false
142,6403Z,Zedonk,Brookside High School,Sheffield Village,Ohio,United States,High School,RE-V5RC-25-1956,2025-11-08,119,47,72,51,72,false
143,16099B,Overclock,KG Computech,Flushing,New York,United States,High School,RE-V5RC-25-0363,2025-11-15,119,37,82,37,82,false
144,70407R,Refraction,Meahagh Robotics,Buchanan,New York,United States,High School,RE-V5RC-25-9997,2025-09-12,119,35,84,35,84,false
145,12883A,12883A,Hangzhou No.2 High School QianJiang,Hangzhou,Zhejiang,China,High School,RE-V5RC-25-1749,2025-10-24,118,63,55,63,55,false
146,2393S,Valor,Valor Robotics,Carmel,Indiana,United States,High School,RE-V5RC-25-1810,2025-11-15,118,54,64,54,64,false
147,25600Y,Blackbird,THE ROXBURY LATIN SCHOOL,West Roxbury,Massachusetts,United States,High School,RE-V5RC-25-0179,2025-11-22,118,54,64,54,64,false
148,507A,Mustang Robotics,Otay Ranch High School,Chula Vista,California,United States,High School,RE-V5RC-25-1026,2025-11-15,118,43,75,45,75,false
149,65162C,Antares,BOB JONES ACADEMY,Greenville,South Carolina,United States,High School,RE-V5RC-25-0153,2025-11-14,118,42,76,42,76,false
150,988B,福州金山中学、福州第八中学,福州金山中学、福州第八中学,Fuzhou,Fujian,China,High School,RE-V5RC-25-1914,2025-11-07,117,53,64,53,64,false
151,99989D,CODEmandos - Codra Kai,Hendersonville High School,Hendersonville,Tennessee,United States,High School,RE-V5RC-25-1076,2025-11-15,117,46,71,46,71,false
152,5956W,Bangarang,Bangarang - Timber Creek High School,Orlando,Florida,United States,High School,RE-V5RC-25-1563,2025-11-08,117,39,78,39,78,false
153,24658J,The Danny Devitos,Jay High School,Jay,Oklahoma,United States,High School,RE-V5RC-25-0794,2025-10-18,117,37,80,37,80,false
154,2429V,Lithium Mamba - Radiant,Radiant Robot,Irvine,California,United States,High School,RE-V5RC-25-0209,2025-11-24,117,37,80,37,80,false
155,13722A,Green House,The Frazer School,Gainesville,Florida,United States,High School,RE-V5RC-25-0153,2025-11-14,116,54,62,54,72,false
156,119B,BOTMAN,ST BERNARD SCHOOL,Uncasville,Connecticut,United States,High School,RE-V5RC-25-0126,2025-11-08,116,41,75,41,75,false
157,1412J,BANSHEE!,CYPRESS SPRINGS HIGH SCHOOL,Cypress,Texas,United States,High School,RE-V5RC-25-1618,2025-11-12,116,28,88,31,93,false
158,7618A,Earthmover,Shanghai Xiangming High School,Shanghai,Shanghai,China,High School,RE-V5RC-25-3593,2025-11-21,115,66,49,66,50,false
159,11987T,Lanzhou No.1 Senior High School,Lanzhou No.1 Senior High School,Lanzhou,Gansu,China,High School,RE-V5RC-25-3498,2025-11-07,115,56,59,56,59,false
160,12125A,Sublime,Sublime Robotics,Irvine,California,United States,High School,RE-V5RC-25-1249,2025-11-16,115,47,68,54,68,false
161,8223X,Team 8223X of Beijing No.80 High School,Beijing No.80 High school,Beijing,Beijing,China,High School,RE-V5RC-25-3129,2025-10-24,115,50,65,50,65,false
162,76316J,QC Robotics,QC Robotics,Carmel,Indiana,United States,High School,RE-V5RC-25-1082,2025-11-01,115,47,68,47,73,false
163,6008D,Dark Mode,NORTH UNION HIGH SCHOOL,Richwood,Ohio,United States,High School,RE-V5RC-25-0094,2025-11-21,115,44,71,44,71,false
164,6842V,Vicious Vortex,PARK TUDOR SCHOOL,Indianapolis,Indiana,United States,High School,RE-V5RC-25-1810,2025-11-15,115,38,77,39,77,false
165,12C,Caffeine,The Potomac School,Mclean,Virginia,United States,High School,RE-V5RC-25-0494,2025-11-15,115,39,76,39,76,false
166,842T,Nova,Nova,Chester Springs,Pennsylvania,United States,High School,RE-V5RC-25-0005,2025-11-15,114,47,67,47,67,false
167,42824A,Eternity,Private Team,Sammamish,Washington,United States,High School,RE-V5RC-25-0966,2025-11-15,114,47,67,47,67,false
168,1599N,SSIS Big Pink Pegasus,Saigon South International School (SSIS),Ho Chi Minh City,,Vietnam,High School,RE-V5RC-25-1400,2025-11-22,114,45,69,45,69,false
169,4610Z,Zenith: Robot Rev,Robot Revolution,Summit,New Jersey,United States,High School,RE-V5RC-25-9915,2025-11-14,114,42,72,42,74,false
170,4886S,String Theory,Thetford Academy,Thetford Center,Vermont,United States,High School,RE-V5RC-25-9941,2025-10-16,114,41,73,41,73,false
171,10K,Exothermic Knockout,Exothermic Robotics,Bellevue,Washington,United States,High School,RE-V5RC-25-0966,2025-11-15,114,41,73,41,73,false
172,34020A,Tokyo Mater,LA SERNA HIGH,Whittier,California,United States,High School,RE-V5RC-25-1336,2025-11-16,114,37,77,37,82,false
173,197E,Ethereus,Harriton Senior High School,Rosemont,Pennsylvania,United States,High School,RE-V5RC-25-0005,2025-11-15,113,55,58,55,58,false
174,20850W,Accelerated Dragon,AOE Robotics Club ,Rockville,Maryland,United States,High School,RE-V5RC-25-9915,2025-11-14,113,46,67,46,67,false
175,2131N,~Nuisance~,DAVIS HIGH,Kaysville,Utah,United States,High School,RE-V5RC-25-0566,2025-10-25,113,42,71,42,71,false
176,12914X,OmegaBotz,A-Technology Robotics Corp,Gainesville,Virginia,United States,High School,RE-V5RC-25-0506,2025-11-08,113,33,80,36,80,false
177,8448X,Team Rocket,MOUNTAIN BROOK HIGH SCHOOL,Mountain Brook,Alabama,United States,High School,RE-V5RC-25-0832,2025-11-08,113,34,79,34,79,false
178,3134G,Dublin Robotics Genesis,Robolabs,Dublin,California,United States,High School,RE-V5RC-25-0637,2025-11-26,112,45,67,47,67,false
179,66957B,TuringBots - Aplite,Folsom-El Dorado Hills HS Students,El Dorado Hills,California,United States,High School,RE-V5RC-25-1473,2025-11-15,112,43,69,43,69,false
180,98548H,Revamped,Bear River High School,Garland,Utah,United States,High School,RE-V5RC-25-0209,2025-11-24,112,36,76,40,76,false
181,2623K,Kingsmen,Independent,Ilford,,United Kingdom,High School,RE-V5RC-25-9988,2025-11-22,112,33,79,40,79,false
182,57249A,Raptor Robotics - Goose,Ravenwood High School,Brentwood,Tennessee,United States,High School,RE-V5RC-25-0260,2025-11-22,112,39,73,39,75,false
183,9039Z,Zen,BrandywineBOTS,Wilmington,Delaware,United States,High School,RE-V5RC-25-1363,2025-11-22,111,44,67,46,73,false
184,1010V,TenTon Robotics,West Vancouver School District #45,West Vancouver,British Columbia,Canada,High School,RE-V5RC-25-2576,2025-10-13,111,46,65,46,65,false
185,5069Y,Havøc,Millard North High School,Omaha,Nebraska,United States,High School,RE-V5RC-25-0608,2025-10-25,111,45,66,45,66,false
186,62024P,Panda Robotics,Panda Robotics,Ho Chi Minh City,,Vietnam,High School,RE-V5RC-25-1400,2025-11-22,110,51,59,51,59,false
187,7925X,H.I.I 杭州二中Sharpness X,Hangzhou No.2 High School,Hangzhou,Zhejiang,China,High School,RE-V5RC-25-0863,2025-08-22,110,47,63,47,63,false
188,54000Z,TIEYI ICC-Z,XIAN TIEYI ICC,Xian,Shaanxi,China,High School,RE-V5RC-25-3498,2025-11-07,110,47,63,47,63,false
189,1233J,Janitors,CROWN POINT HIGH SCHOOL,Crown Point,Indiana,United States,High School,RE-V5RC-25-1214,2025-11-01,110,42,68,42,80,false
190,9181J,Jelopesis,Seaquam Secondary,Delta,British Columbia,Canada,High School,RE-V5RC-25-2529,2025-11-22,110,40,70,40,70,false
191,96789Z,Mililani Mechs,Mililani Mechs Robotics,Mililani,Hawaii,United States,High School,RE-V5RC-25-2038,2025-11-22,110,36,74,37,75,false
192,1082M,Meltdown,LOVEJOY HIGH SCHOOL,Lucas,Texas,United States,High School,RE-V5RC-25-1588,2025-11-01,110,27,83,27,91,false
193,9185W,it's whatever,BELLEFONTAINE HIGH SCHOOL,Bellefontaine,Ohio,United States,High School,RE-V5RC-25-0094,2025-11-21,109,40,69,40,69,false
194,2145X,Pink Shimmeree Unicorns,Pink Unicorns,Manassas,Virginia,United States,High School,RE-V5RC-25-9941,2025-10-16,109,31,78,35,78,false
195,26038X,Atomic,JOHN MARSHALL HIGH SCHOOL,Glen Dale,West Virginia,United States,High School,RE-V5RC-25-0804,2025-11-01,108,49,59,49,80,false
196,96666A,Only One,Fuzhou No. 1 High School,Fuzhou,Fujian,China,High School,RE-V5RC-25-1745,2025-10-03,108,45,63,45,63,false
197,3536V,Vortex,NORTH FORSYTH HIGH SCHOOL,Cumming,Georgia,United States,High School,RE-V5RC-25-1859,2025-11-08,108,36,72,36,72,false
198,7110A,Andromeda,CARROLL HIGH SCHOOL,Southlake,Texas,United States,High School,RE-V5RC-25-1588,2025-11-01,108,35,73,35,74,false
199,40824A,Equinox,Equinox,Sammamish,Washington,United States,High School,RE-V5RC-25-0966,2025-11-15,108,34,74,34,74,false
200,1010W,TenTon Robotics,West Vancouver School District #45,West Vancouver,British Columbia,Canada,High School,RE-V5RC-25-2529,2025-11-22,108,32,76,32,76,false
201,45434H,Aftershock,Beavercreek Robotics Club,Beavercreek,Ohio,United States,High School,RE-V5RC-25-9958,2025-11-15,108,28,80,28,80,false
202,28S,So7en ICD7,Chengdu No.7 High School International Department,Chengdu,Sichuan,China,High School,RE-V5RC-25-3772,2025-11-14,108,25,83,25,83,false
203,4478B,Blizzard,MASUK HIGH SCHOOL,Monroe,Connecticut,United States,High School,RE-V5RC-25-0126,2025-11-08,107,32,75,44,75,false
204,569A,Angular Acceleration,MURRIETA VALLEY HIGH,Murrieta,California,United States,High School,RE-V5RC-25-1212,2025-11-15,107,40,67,40,67,false
205,1727K,REX,Dulaney High School,Timonium,Maryland,United States,High School,RE-V5RC-25-0506,2025-11-08,107,38,69,38,69,false
206,3595V,Vortex,Irvine Area Robotics,Tustin,California,United States,High School,RE-V5RC-25-1142,2025-10-25,106,48,58,48,59,false
207,78857U,Tsinglan U,Tsinglan shool,Dongguan,Guangdong,China,High School,RE-V5RC-25-1914,2025-11-07,106,48,58,48,58,false
208,60206Y,MeiSha Robo Advancer,梅沙机甲学院,深圳,Guangdong,China,High School,RE-V5RC-25-1914,2025-11-07,106,35,71,35,71,false
209,22603A,Gold,KLEIN OAK HIGH SCHOOL,Spring,Texas,United States,High School,RE-V5RC-25-2671,2025-11-08,106,35,71,35,71,false
210,11211X,Xelsius,OCSA,Santa Ana,California,United States,High School,RE-V5RC-25-1421,2025-10-05,106,32,74,32,74,false
211,54000S,TIEYI ICC-S,XIAN TIEYI CC,Xian,Shaanxi,China,High School,RE-V5RC-25-3498,2025-11-07,105,48,57,48,57,false
212,80001X,Double Double,Double Play,Oakland,California,United States,High School,RE-V5RC-25-0024,2025-11-22,105,44,61,44,61,false
213,87490X,FORGED,FARMERSVILLE HIGH SCHOOL,Farmersville,Texas,United States,High School,RE-V5RC-25-1827,2025-10-06,105,40,65,40,65,false
214,82777A,Koi Fish,Magikid Cupertino Robotics Lab,San Jose,California,United States,High School,RE-V5RC-25-0388,2025-11-09,105,37,68,37,71,false
215,14882Z,JLSC Team,Vanke School Pudong,Shanghai,Shanghai,China,High School,RE-V5RC-25-1749,2025-10-24,105,34,71,34,71,false
216,355Z,Falcons,Fox Valley Robotics,Batavia,Illinois,United States,High School,RE-V5RC-25-1995,2025-11-08,105,29,76,29,77,false
217,1862A,Shining Bots,Knowledge Tree Institute Inc.,Fremont,California,United States,High School,RE-V5RC-25-0852,2025-09-27,105,26,79,26,79,false
218,99268C,STS900,a,深圳市,Guangdong,China,High School,RE-V5RC-25-1914,2025-11-07,104,46,58,46,58,false
219,8568A,od,NORTH ANDOVER HIGH,North Andover,Massachusetts,United States,High School,RE-V5RC-25-9998,2025-11-15,104,37,67,39,69,false
220,4330P,RoboPigeons,RANSOM EVERGLADES SCHOOL,Miami,Florida,United States,High School,RE-V5RC-25-1986,2025-11-08,103,46,57,46,57,false
221,5155E,Cereal Killers,CROSS COUNTY HIGH SCHOOL,Stromsburg,Nebraska,United States,High School,RE-V5RC-25-2882,2025-11-22,103,42,61,42,61,false
222,6008X,X-Factor,NORTH UNION HIGH SCHOOL,Richwood,Ohio,United States,High School,RE-V5RC-25-0153,2025-11-14,103,32,71,32,71,false
223,7225F,Red 40,Southland High School,Adams,Minnesota,United States,High School,RE-V5RC-25-9919,2025-11-15,103,30,73,30,73,false
224,296A,Hurricane Robotics,Heart Lake Secondary School,Brampton,Ontario,Canada,High School,RE-V5RC-25-0250,2025-11-22,102,40,62,40,62,false
225,7925B,H.I.I 杭州二中Barrett,Hangzhou No.2 High School,Hangzhou,Zhejiang,China,High School,RE-V5RC-25-0835,2025-08-14,102,32,70,32,70,false
226,9185T,Terminator,BELLEFONTAINE HIGH SCHOOL,Bellefontaine,Ohio,United States,High School,RE-V5RC-25-1956,2025-11-08,101,39,62,39,77,false
227,9039H,Harold,BrandywineBOTS,Wilmington,Delaware,United States,High School,RE-V5RC-25-0161,2025-11-15,101,31,70,31,70,false
228,7701X,(formerly Twitter),Zionsville Community High School,Zionsville,Indiana,United States,High School,RE-V5RC-25-9915,2025-11-14,101,27,74,30,74,false
229,1474X,Prestige Worldwide,Unhinged Robotics,Muskogee,Oklahoma,United States,High School,RE-V5RC-25-1416,2025-11-13,101,30,71,30,71,false
230,95071Y,Saratoga High Yabbadabbadoo,Saratoga High School,Saratoga,California,United States,High School,RE-V5RC-25-0024,2025-11-22,101,27,74,27,74,false
231,8110S,Subzero,Mankato West Robotics,Mankato,Minnesota,United States,High School,RE-V5RC-25-9919,2025-11-15,101,27,74,27,74,false
232,38535A,TitanTron,GLENBROOK SOUTH HIGH SCHOOL,Glenview,Illinois,United States,High School,RE-V5RC-25-1321,2025-10-25,101,20,81,20,81,false
233,1764V,Infinite Improbability Robotics,Yarmouth High School,Yarmouth,Maine,United States,High School,RE-V5RC-25-9998,2025-11-15,100,39,61,39,61,false
234,1831D,King's Team Delta,The King's School,North Parramatta,New South Wales,Australia,High School,RE-V5RC-25-2055,2025-11-09,100,34,66,34,66,false
235,2360A,Arachnid,Neuqua Valley High School,Naperville,Illinois,United States,High School,RE-V5RC-25-1647,2025-11-16,100,33,67,33,67,false
236,62880A,Tidal,Coast 2 Coast Robotics,Bayside,New York,United States,High School,RE-V5RC-25-1862,2025-11-22,100,15,85,15,85,false
237,5150D,Mad Hatters - Delta,DANBURY HIGH SCHOOL,Danbury,Connecticut,United States,High School,RE-V5RC-25-2126,2025-11-22,99,39,60,39,60,false
238,2624C,CapyVaders,CapyVaders,St Louis,Missouri,United States,High School,RE-V5RC-25-0094,2025-11-21,99,37,62,37,62,false
239,9623W,Lucky Charms,West Ashley Center for Advanced Studies,Charleston,South Carolina,United States,High School,RE-V5RC-25-0050,2025-10-18,99,31,68,31,68,false
240,26038A,George Drinks Water,JOHN MARSHALL HIGH SCHOOL,Glen Dale,West Virginia,United States,High School,RE-V5RC-25-1854,2025-11-08,99,25,74,27,74,false
241,91416N,S.W.A.T.,Wahoo Robotics (Saunders Catholic Schools & Wahoo Public Schools),Wahoo,Nebraska,United States,High School,RE-V5RC-25-2882,2025-11-22,99,20,79,20,79,false
242,4894A,Overcooked,4894,Santa Clara,California,United States,High School,RE-V5RC-25-0024,2025-11-22,98,44,54,44,54,false
243,2135A,Iron Core,Iron-Core Robotics,OMAHA,Nebraska,United States,High School,RE-V5RC-25-0398,2025-11-08,98,35,63,35,69,false
244,10222G,New Start Robotics Team G ,NewStartRobotics,Beijing,Beijing,China,High School,RE-V5RC-25-3129,2025-10-24,98,34,64,34,64,false
245,7899B,Rolling Robots - Sharks,Rolling Robots,Irvine,California,United States,High School,RE-V5RC-25-1212,2025-11-15,98,32,66,32,73,false
246,31617Z,Zero Gravity,CSRA HEA,North Augusta,South Carolina,United States,High School,RE-V5RC-25-0045,2025-11-15,98,32,66,32,66,false
247,5138K,Innovative Robotics 21CS,Beijing 21st Century School,Beijing,Beijing,China,High School,RE-V5RC-25-3593,2025-11-21,98,31,67,31,67,false
248,39702F,New Hope Robotics,New Hope Robotics,Columbus,Mississippi,United States,High School,RE-V5RC-25-1106,2025-11-08,98,31,67,31,67,false
249,63310A,Event Horizon,KATY HIGH SCHOOL,Katy,Texas,United States,High School,RE-V5RC-25-2262,2025-11-01,98,27,71,27,71,false
250,16610Z,Zee happy ,Techblazers,Oakville,Ontario,Canada,High School,RE-V5RC-25-0104,2025-11-01,97,41,56,41,67,false
251,2731C,Joymate VEX,杭州中学,杭州市,Zhejiang,China,High School,RE-V5RC-25-0863,2025-08-22,97,40,57,40,57,false
252,781X,Dark Matter,Dark Matter,Chandler,Arizona,United States,High School,RE-V5RC-25-0612,2025-11-15,97,36,61,36,61,false
253,9909M,Marco,MIDDLETOWN HIGH SCHOOL,Middletown,Connecticut,United States,High School,RE-V5RC-25-0126,2025-11-08,97,30,67,36,67,false
254,7899X,Rolling Robots Sting Rays,Rolling Robots,Irvine,California,United States,High School,RE-V5RC-25-1249,2025-11-16,97,23,74,33,74,false
255,8151W,Parts on Order,Grand Island Senior High School,Grand Island,Nebraska,United States,High School,RE-V5RC-25-2882,2025-11-22,97,32,65,32,76,false
256,1408C,Caution!,King Henry VIII School,Coventry,,United Kingdom,High School,RE-V5RC-25-9988,2025-11-22,97,32,65,32,65,false
257,2496N,Beckman Robotics Nemesis,Arnold O. Beckman High School,Irvine,California,United States,High School,RE-V5RC-25-0345,2025-11-09,97,30,67,30,67,false
258,5689B,Social Hour,CALDWELL SENIOR HIGH SCHOOL,Caldwell,Idaho,United States,High School,RE-V5RC-25-2517,2025-11-22,97,23,74,23,78,false
259,3758X,Kaboom,Apex Robotics,San Jose,California,United States,High School,RE-V5RC-25-0112,2025-09-14,96,15,81,48,81,false
260,5776T,DVHS Robotics,DOUGHERTY VALLEY HIGH,San Ramon,California,United States,High School,RE-V5RC-25-1460,2025-11-08,96,32,64,41,64,false
261,20541B,Cu?iosity?,TAHLEQUAH HIGH SCHOOL,Tahlequah,Oklahoma,United States,High School,RE-V5RC-25-1416,2025-11-13,96,35,61,35,63,false
262,7009X,//Xcceleration//,Tech360,Suwanee,Georgia,United States,High School,RE-V5RC-25-0153,2025-11-14,96,12,84,34,84,false
263,18961C,Pixel Bot,"High School Affiliated To Shanghai Jiao Tong University, Minghang Branch",Shanghai,Shanghai,China,High School,RE-V5RC-25-1749,2025-10-24,96,34,62,34,62,false
264,2140A,Quiet Riot,JENISON HIGH SCHOOL,Jenison,Michigan,United States,High School,RE-V5RC-25-2323,2025-11-17,96,33,63,33,63,false
265,2966A,HD Beijing School Team A,HD Beijing School,Beijing,Beijing,China,High School,RE-V5RC-25-3093,2025-10-24,96,28,68,28,68,false
266,4613F,Barker Redbacks,Barker College,Sydney,New South Wales,Australia,High School,RE-V5RC-25-2055,2025-11-09,96,20,76,20,76,false
267,334C,Supernova Chimera,SCIENCE ACADEMY STEM MAGNET,North Hollywood,California,United States,High School,RE-V5RC-25-0983,2025-10-18,96,20,76,20,76,false
268,16666B,Hefei No.1 HS-B,Hefei No.1 HS-B,Hefei,Anhui,China,High School,RE-V5RC-25-3593,2025-11-21,95,48,47,48,47,false
269,10W,Exothermic Willy Wonkers,Exothermic Robotics,Bellevue,Washington,United States,High School,RE-V5RC-25-0966,2025-11-15,95,33,62,41,62,false
270,63600C,Eaglebots: Blackjack,GRAND RAPIDS CHRISTIAN HIGH SCHOOL,Grand Rapids,Michigan,United States,High School,RE-V5RC-25-2323,2025-11-17,95,38,57,38,57,false
271,32792B,COGNEX,Winter Park High School,Winter Park,Florida,United States,High School,RE-V5RC-25-1563,2025-11-08,95,32,63,32,63,false
272,2290Z,Eagle's Descendants,Colegio Adianez,Guaynabo,,Puerto Rico,High School,RE-V5RC-25-0269,2025-08-23,95,31,64,31,64,false
273,1523X,xplosive naptime,Steamoji,Bellevue ,Washington,United States,High School,RE-V5RC-25-0153,2025-11-14,95,31,64,31,64,false
274,1229W,The Wet Sprockets,Twelve Twenty Nine Robotics,Alexandria,Kentucky,United States,High School,RE-V5RC-25-1413,2025-10-18,95,27,68,27,71,false
275,32092D,Sky's the Limit,Stargate Charter School,Thornton,Colorado,United States,High School,RE-V5RC-25-1864,2025-10-07,95,20,75,20,75,false
276,7258A,HSch Attached to BJUT-A,High School Attached to Beijing University of Technology,Beijing,Beijing,China,High School,RE-V5RC-25-3093,2025-10-24,95,20,75,20,75,false
277,35016Z,(AERO) It’ll buff,ARAB HIGH SCHOOL,Arab,Alabama,United States,High School,RE-V5RC-25-1207,2025-11-20,95,20,75,20,75,false
278,7368G,CCHS Backlash,Covenant Christian High School,Indianapolis,Indiana,United States,High School,RE-V5RC-25-0094,2025-11-21,95,20,75,20,75,false
279,507E,507E,OTAY RANCH SENIOR HIGH,Chula Vista,California,United States,High School,RE-V5RC-25-1026,2025-11-15,95,18,77,18,77,false
280,2011G,Godspeed,BRECKSVILLE-BROADVIEW HEIGHTS HIGH SCHOOL,Broadview Heights,Ohio,United States,High School,RE-V5RC-25-0094,2025-11-21,95,15,80,15,80,false
281,77275B,Hello Kitty,Spark Academy,Manchester,New Hampshire,United States,High School,RE-V5RC-25-3009,2025-11-08,94,37,57,37,57,false
282,10222H,New Start Robotics Team H,New Start Robotics,Beijing,Beijing,China,High School,RE-V5RC-25-3129,2025-10-24,94,35,59,35,59,false
283,56114A,Robo Riders,ROOSEVELT HIGH SCHOOL,San Antonio,Texas,United States,High School,RE-V5RC-25-2262,2025-11-01,94,31,63,31,69,false
284,85301X,No!,The International School of Macao,Macau,,Macau,High School,RE-V5RC-25-0576,2025-10-31,94,30,64,30,64,false
285,3184A,Torquers,SULPHUR HIGH SCHOOL,Sulphur,Louisiana,United States,High School,RE-V5RC-25-0477,2025-11-22,94,20,74,20,74,false
286,1115E,Exothermic,Greenfield-Central High School,Greenfield,Indiana,United States,High School,RE-V5RC-25-0744,2025-11-15,94,20,74,20,74,false
287,13205A,Aurora,STEM SCHOOL CHATTANOOGA,Chattanooga,Tennessee,United States,High School,RE-V5RC-25-0260,2025-11-22,94,20,74,20,74,false
288,65519A,CL_LastFire,CHI LANG HIGH SCHOOL,GIA LAI,,Vietnam,High School,RE-V5RC-25-1400,2025-11-22,93,48,45,48,45,false
289,45434W,Hogwild,Beavercreek Robotics Club,Beavercreek,Ohio,United States,High School,RE-V5RC-25-0153,2025-11-14,93,37,56,37,56,false
290,39702A,New Hope Robotics,NEW HOPE HIGH SCHOOL,Columbus,Mississippi,United States,High School,RE-V5RC-25-1106,2025-11-08,93,36,57,36,57,false
291,8110C,Alpacas,Mankato West Robotics,Mankato,Minnesota,United States,High School,RE-V5RC-25-9919,2025-11-15,93,27,66,27,66,false
292,3131V,Drumroll Please,EASTSIDE HIGH SCHOOL,Gainesville,Florida,United States,High School,RE-V5RC-25-1563,2025-11-08,93,23,70,23,75,false
293,255H,Norristown Robotics - HOG RIDAAAAA,NORRISTOWN AREA HIGH SCHOOL,Norristown,Pennsylvania,United States,High School,RE-V5RC-25-9997,2025-09-12,93,20,73,20,73,false
294,3796K,Roomba,J. L. MANN HIGH ACADEMY,Greenville,South Carolina,United States,High School,RE-V5RC-25-0153,2025-11-14,92,43,49,43,54,false
295,21S,SPUR-FLYS,CHAMPS - CHARTER HIGH SCHOOL OF ARTS-MULTIMEDIA & PERFORMING,Van Nuys,California,United States,High School,RE-V5RC-25-1335,2025-11-15,92,42,50,42,54,false
296,210Z,Eclipse,Western Mechatronics Robotics Club,Calgary,Alberta,Canada,High School,RE-V5RC-25-1905,2025-10-18,92,35,57,35,57,false
297,98040C,Slippery Penguins,Islander Robotics Academy,Mercer Island,Washington,United States,High School,RE-V5RC-25-0024,2025-11-22,92,35,57,35,62,false
298,67002V,VEXCALIBUR,Northwest Career And Technical Academy,Las Vegas,Nevada,United States,High School,RE-V5RC-25-3045,2025-11-22,92,32,60,32,62,false
299,98548G,Golden Eagles,Bear River High School,Garland,Utah,United States,High School,RE-V5RC-25-1483,2025-11-15,92,25,67,30,67,false
300,2131W,Wipeout,Davis High School,Kaysville,Utah,United States,High School,RE-V5RC-25-1483,2025-11-15,92,27,65,27,65,false
301,1082J,Jumbo Shrimp,LOVEJOY HIGH SCHOOL,Lucas,Texas,United States,High School,RE-V5RC-25-1537,2025-11-15,92,23,69,23,69,false
302,333Y,FourDollar SeventyFive Cent SpicyChicken Sandwich,Niles North 333 Robotics,Skokie,Illinois,United States,High School,RE-V5RC-25-0275,2025-11-01,92,22,70,22,70,false
303,8675A,Jenny,NRAI,Omaha,Nebraska,United States,High School,RE-V5RC-25-2882,2025-11-22,92,22,70,22,70,false
304,11753A,Nylock,Jericho Families,Jericho,New York,United States,High School,RE-V5RC-25-1862,2025-11-22,92,20,72,20,72,false
305,7282T,AutoFlashes: Tsunami,Franklin Central High School,Indianapolis,Indiana,United States,High School,RE-V5RC-25-1512,2025-11-22,92,20,72,20,72,false
306,66778X,Axis,Axis Robotics,Pine,Arizona,United States,High School,RE-V5RC-25-2984,2025-11-22,92,20,72,20,72,false
307,34001A,IOROBOT,İbrahim Özaydın Mesleki ve Teknik Anadolu Lisesi,İstanbul,,Türkiye,High School,RE-V5RC-25-3455,2025-11-22,92,20,72,20,72,false
308,7700R,Rolling Robots Ravens,Rolling Robots,Rolling Hills Estates,California,United States,High School,RE-V5RC-25-0094,2025-11-21,92,20,72,20,72,false
309,79912C,Genesis,FRANKLIN HIGH SCHOOL,El Paso,Texas,United States,High School,RE-V5RC-25-1641,2025-11-14,92,19,73,19,73,false
310,11101X,Coming Soon,Barcbots,Cupertino,California,United States,High School,RE-V5RC-25-0024,2025-11-22,92,13,79,13,79,false
311,58593B,Flying Penguins,Robocubs Robotics Club,Saratoga,California,United States,High School,RE-V5RC-25-0024,2025-11-22,91,27,64,40,68,false
312,3885B,"Screws, Nuts, Bolts",UNITEC CAREER CTR.,Bonne Terre,Missouri,United States,High School,RE-V5RC-25-1693,2025-11-08,91,39,52,39,52,false
313,3743C,Intellectual Idiots,ERIE HIGH SCHOOL,Erie,Colorado,United States,High School,RE-V5RC-25-1864,2025-10-07,91,37,54,37,54,false
314,22666A,MKES,"Mu Kuang English School,MKES",HK,,Hong Kong,High School,RE-V5RC-25-1914,2025-11-07,91,33,58,33,58,false
315,43779P,Tachanka,SHENANDOAH HIGH SCHOOL,Sarahsville,Ohio,United States,High School,RE-V5RC-25-9961,2025-11-15,91,32,59,32,59,false
316,78181A,Genesis,IBSH-Curious Robotics,Hsinchu City,,Taiwan,High School,RE-V5RC-25-0321,2025-10-26,91,30,61,30,61,false
317,355A,2Xstream Robotics,Fox Valley Robotics,Batavia,Illinois,United States,High School,RE-V5RC-25-1647,2025-11-16,91,28,63,28,63,false
318,2668A,Bobot,Bobot Robotics,Austin,Texas,United States,High School,RE-V5RC-25-0876,2025-11-15,91,22,69,22,69,false
319,99040B,Blackout robotics,VESTAVIA HILLS HIGH SCHOOL,Vestavia Hills,Alabama,United States,High School,RE-V5RC-25-0153,2025-11-14,91,20,71,20,71,false
320,295A,Habibi,Placer Robotics (PART),Granite Bay,California,United States,High School,RE-V5RC-25-0122,2025-11-02,91,20,71,20,71,false
321,393C,Cooked Fish,Legacy Magnet Academy,Tustin,California,United States,High School,RE-V5RC-25-1336,2025-11-16,90,40,50,40,64,false
322,99904E,I'm a Banana,NEW PALESTINE HIGH SCHOOL,New Palestine,Indiana,United States,High School,RE-V5RC-25-0738,2025-11-08,90,37,53,37,60,false
323,40000A,Apogee,Brentwood Community Robotics,Brentwood,Tennessee,United States,High School,RE-V5RC-25-0153,2025-11-14,90,32,58,32,69,false
324,6741V,Viper,PICKERINGTON HIGH SCHOOL CENTRAL,Pickerington,Ohio,United States,High School,RE-V5RC-25-1956,2025-11-08,90,30,60,30,60,false
325,3773P,BowBots - Phosphorus (P),Bow High School,Bow,New Hampshire,United States,High School,RE-V5RC-25-3009,2025-11-08,90,30,60,30,60,false
326,74403X,74403 X,HILLDALE HIGH SCHOOL,Muskogee,Oklahoma,United States,High School,RE-V5RC-25-1919,2025-11-15,90,27,63,27,63,false
327,5691X,Hornet Robotics- Hephaestus,BRYANT HIGH SCHOOL,Bryant,Arkansas,United States,High School,RE-V5RC-25-0134,2025-11-15,90,25,65,25,65,false
328,62880C,C’Mon Man!,Coast 2 Coast Robotics,Bayside,New York,United States,High School,RE-V5RC-25-1862,2025-11-22,90,20,70,20,70,false
329,2496W,Beckman Robotics Watermelon,Arnold O. Beckman High School,Irvine,California,United States,High School,RE-V5RC-25-1336,2025-11-16,90,20,70,20,70,false
330,50421A,Rogue 1,"Summit City Robotics, Inc.",Fort Wayne,Indiana,United States,High School,RE-V5RC-25-1810,2025-11-15,89,41,48,41,53,false
331,10702X,Milky Way Monkeys,Galaxy Robotics,Austin,Texas,United States,High School,RE-V5RC-25-9926,2025-07-31,89,36,53,36,62,false
332,47510S,Quasar,"Robotics Edge, LLC.",Chandler,Arizona,United States,High School,RE-V5RC-25-2984,2025-11-22,89,32,57,32,60,false
333,210K,Kawaii Kittens,Western Mechatronics Robotics Club,Calgary,Alberta,Canada,High School,RE-V5RC-25-9926,2025-07-31,89,20,69,23,69,false
334,66994D,Gigantic Marshmallow,Dr. Player Robotic Lab . Taichung,Taichung City,,Taiwan,High School,RE-V5RC-25-0321,2025-10-26,89,20,69,20,69,false
335,5430A,Blue Brains,Parkway West High School,Chesterfield,Missouri,United States,High School,RE-V5RC-25-1693,2025-11-08,89,20,69,20,69,false
336,9924X,Hydra,Hydra Robotics,Irvine,California,United States,High School,RE-V5RC-25-1142,2025-10-25,89,15,74,15,74,false
337,80001C,Double Play,Double Play,Oakland,California,United States,High School,RE-V5RC-25-0024,2025-11-22,89,0,89,0,89,false
338,20027W,Watt.,ST ANDREW'S EPISCOPAL SCHOOL,Ridgeland,Mississippi,United States,High School,RE-V5RC-25-1106,2025-11-08,88,37,51,37,51,false
339,16329E,CURRENT,CYPRESS RIDGE HIGH SCHOOL,Houston,Texas,United States,High School,RE-V5RC-25-1618,2025-11-12,88,37,51,37,51,false
340,5956Z,Bangarang,Timber Creek High School,Orlando,Florida,United States,High School,RE-V5RC-25-1762,2025-10-18,88,31,57,31,58,false
341,9364E,Iron Eagles - Ember,Brentwood Academy,Brentwood,Tennessee,United States,High School,RE-V5RC-25-9941,2025-10-16,88,27,61,27,61,false
342,654J,Jupiter,LAKE TRAVIS HIGH SCHOOL,Austin,Texas,United States,High School,RE-V5RC-25-0209,2025-11-24,88,25,63,25,63,false
343,3796E,Caution! Student Drivers!,J. L. MANN HIGH ACADEMY,Greenville,South Carolina,United States,High School,RE-V5RC-25-0045,2025-11-15,88,15,73,20,73,false
344,334W,Supernova W,SCIENCE ACADEMY STEM MAGNET,North Hollywood,California,United States,High School,RE-V5RC-25-0409,2025-10-18,88,19,69,20,69,false
345,1233A,Astro,CROWN POINT HIGH SCHOOL,Crown Point,Indiana,United States,High School,RE-V5RC-25-0094,2025-11-21,88,20,68,20,68,false
346,34001B,MARIO,İbrahim Özaydın Mesleki ve Teknik Anadolu Lisesi,İstanbul,,Türkiye,High School,RE-V5RC-25-3455,2025-11-22,88,11,77,11,77,false
347,71909X,TESLA MODEL X,Baton Rouge Magnet High School,Baton Rouge,Louisiana,United States,High School,RE-V5RC-25-0209,2025-11-24,87,39,48,39,48,false
348,2147Z,Integer Robotics,Integer Applied Technologies ,Santa Ana,California,United States,High School,RE-V5RC-25-9997,2025-09-12,87,26,61,26,65,false
349,32266C,佛山一中,佛山第一中学,fs,Guangdong,China,High School,RE-V5RC-25-1745,2025-10-03,87,25,62,25,62,false
350,1940A,High-Q,Knox Grammar School,Wahroonga,New South Wales,Australia,High School,RE-V5RC-25-1957,2025-10-11,87,19,68,21,68,false
351,96666V,96666V 随机炜杰晨,福州第一中学 Fuzhou No. 1 Middle School ,Fuzhou,Fujian,China,High School,RE-V5RC-25-1745,2025-10-03,87,21,66,21,66,false
352,84260V,Invasion,CABOT HIGH SCHOOL,Cabot,Arkansas,United States,High School,RE-V5RC-25-0209,2025-11-24,87,20,67,20,67,false
353,89040B,Dread Pirates,MOAPA VALLEY HIGH SCHOOL,Overton,Nevada,United States,High School,RE-V5RC-25-0566,2025-10-25,87,20,67,20,67,false
354,2011J,Jester,BRECKSVILLE-BROADVIEW HEIGHTS HIGH SCHOOL,Broadview Heights,Ohio,United States,High School,RE-V5RC-25-1956,2025-11-08,87,11,76,11,76,false
355,45434X,Paradox,Beavercreek Robotics Club,Beavercreek,Ohio,United States,High School,RE-V5RC-25-9958,2025-11-15,87,10,77,10,77,false
356,8995H,Habanero,Metea Valley High School,Aurora,Illinois,United States,High School,RE-V5RC-25-1995,2025-11-08,86,42,44,42,44,false
357,57711X,Rocky,Alchemy Global STEM Institute,White Pine,Tennessee,United States,High School,RE-V5RC-25-0344,2025-08-17,86,28,58,41,58,false
358,7447G,The Dysfunctional,Pickens County Career and Technology Center,Liberty,South Carolina,United States,High School,RE-V5RC-25-0088,2025-11-08,86,40,46,40,57,false
359,11444X,Clairvoyance,play ground Robotics,Valley Village,California,United States,High School,RE-V5RC-25-9926,2025-07-31,86,38,48,38,48,false
360,288A,RoboDawgs: Counter-Strike,Grandville High School,Grandville,Michigan,United States,High School,RE-V5RC-25-2323,2025-11-17,86,37,49,37,59,false
361,663A,&,CHATTANOOGA CHRISTIAN SCHOOL,Chattanooga,Tennessee,United States,High School,RE-V5RC-25-0432,2025-11-08,86,30,56,30,60,false
362,2142S,The SnuggleMuffins,John Bapst Memorial High School,Bangor,Maine,United States,High School,RE-V5RC-25-2119,2025-11-22,86,29,57,29,62,false
363,99040A,Awesome Sauce!,VESTAVIA HILLS HIGH SCHOOL,Vestavia Hills,Alabama,United States,High School,RE-V5RC-25-0906,2025-11-01,86,26,60,26,64,false
364,34100A,Robotist,İstanbul Havalimanı Mesleki ve Teknik Anadolu Lisesi,İstanbul,,Türkiye,High School,RE-V5RC-25-3455,2025-11-22,86,25,61,25,61,false
365,70478S,Gen Z,Generation Robotics,Georgetown,Texas,United States,High School,RE-V5RC-25-0209,2025-11-24,86,20,66,20,66,false
366,88613V,88613V,Middle school affiliated to Beijing Normal University,Beijing,Beijing,China,High School,RE-V5RC-25-3093,2025-10-24,85,45,40,45,40,false
367,3142C,Cuties,PAIDEIA SCHOOL,Atlanta,Georgia,United States,High School,RE-V5RC-25-0874,2025-11-01,85,35,50,35,54,false
368,4303H,Hypnotic,FOREST PARK HIGH,Woodbridge,Virginia,United States,High School,RE-V5RC-25-9935,2025-10-25,85,21,64,21,64,false
369,22204V,Vanguard,WYLIE HIGH SCHOOL,Wylie,Texas,United States,High School,RE-V5RC-25-0197,2025-11-22,85,18,67,18,67,false
370,5776A,DV Anomaly,DOUGHERTY VALLEY HIGH,San Ramon,California,United States,High School,RE-V5RC-25-1460,2025-11-08,85,15,70,15,70,false
371,51548B,Inertial,Covington High Lion-Bots,Covington,Louisiana,United States,High School,RE-V5RC-25-0477,2025-11-22,84,23,61,30,61,false
372,77360Z,Eagercats,ONALASKA JR/SR HIGH,Onalaska,Texas,United States,High School,RE-V5RC-25-0209,2025-11-24,84,23,61,23,61,false
373,9185K,Kratos,BELLEFONTAINE HIGH SCHOOL,Bellefontaine,Ohio,United States,High School,RE-V5RC-25-0094,2025-11-21,84,20,64,20,64,false
374,8682N,Nighthawks,Newton College and Career Academy,Covington,Georgia,United States,High School,RE-V5RC-25-0094,2025-11-21,84,15,69,20,69,false
375,84954B,Wa-Nee:  Momentum,NORTH WOOD HIGH SCHOOL,Nappanee,Indiana,United States,High School,RE-V5RC-25-0094,2025-11-21,84,16,68,16,68,false
376,45434A,Atomic,Beavercreek Robotics Club,Beavercreek,Ohio,United States,High School,RE-V5RC-25-0167,2025-10-25,83,16,67,42,67,false
377,39H,HNS,CRANBROOK SCHOOLS,Bloomfield Hills,Michigan,United States,High School,RE-V5RC-25-0381,2025-11-22,83,42,41,42,45,false
378,393A,Aquanots,Legacy Magnet Academy,Tustin,California,United States,High School,RE-V5RC-25-1336,2025-11-16,83,26,57,36,57,false
379,5278D,Doubled,BROOKWOOD HIGH SCHOOL,Snellville,Georgia,United States,High School,RE-V5RC-25-1517,2025-11-01,83,30,53,30,53,false
380,83280Y,Lobos Rojos,LANGHAM CREEK HIGH SCHOOL,Houston,Texas,United States,High School,RE-V5RC-25-1618,2025-11-12,83,27,56,27,56,false
381,62629X,Iron Patriots:  X-RAY,WHEELING PARK HIGH SCHOOL,Wheeling,West Virginia,United States,High School,RE-V5RC-25-0804,2025-11-01,83,27,56,27,56,false
382,55230Z,Zenith,Mississippi Robotics,Canton,Mississippi,United States,High School,RE-V5RC-25-1106,2025-11-08,83,21,62,21,62,false
383,13722V,Invictus,The Frazer School,Gainesville,Florida,United States,High School,RE-V5RC-25-0153,2025-11-14,83,20,63,20,63,false
384,1010N,TenTon Robotics,West Vancouver School District #45,West Vancouver,British Columbia,Canada,High School,RE-V5RC-25-2529,2025-11-22,83,20,63,20,63,false
385,7760X,Airplane Mode,Seed Seek Robotics,Bloomfield Hills,Michigan,United States,High School,RE-V5RC-25-0380,2025-11-15,83,15,68,15,68,false
386,3632A,Mistakes,Peter's workshop,Singapore,,Singapore,High School,RE-V5RC-25-1037,2025-11-19,83,0,83,0,83,false
387,2667R,Radiant,Radiant Engineering Collective,Kissimmee,Florida,United States,High School,RE-V5RC-25-1563,2025-11-08,82,30,52,30,52,false
388,66300A,Aurora,Northstar Robots,Malvern,Pennsylvania,United States,High School,RE-V5RC-25-9915,2025-11-14,82,30,52,30,52,false
389,10Z,Exothermic Zenith,Exothermic Robotics,Bellevue,Washington,United States,High School,RE-V5RC-25-9915,2025-11-14,82,26,56,26,56,false
390,404E,Bot Not Found,ELEMENTARY SCHOOL CAMINO REAL CHARTER HIGH,Woodland Hills,California,United States,High School,RE-V5RC-25-0345,2025-11-09,82,22,60,22,60,false
391,4118J,JACKBOT,Clear Creek ISD,Houston,Texas,United States,High School,RE-V5RC-25-0209,2025-11-24,82,10,72,18,72,false
392,1554P,Photon,Photon,Calgary,Alberta,Canada,High School,RE-V5RC-25-1906,2025-11-22,82,15,67,15,67,false
393,7862H,Highlanders,Hesston High School,Hesston,Kansas,United States,High School,RE-V5RC-25-1040,2025-11-15,82,15,67,15,67,false
394,2496J,Beckman Robotics Jenesis,Arnold O. Beckman High School,Irvine,California,United States,High School,RE-V5RC-25-1336,2025-11-16,82,15,67,15,67,false
395,9909V,Valor,MIDDLETOWN HIGH SCHOOL,Middletown,Connecticut,United States,High School,RE-V5RC-25-2126,2025-11-22,82,8,74,8,74,false
396,20132B,Falcon Robotics - Wingin'-It,Central Valley High School,Shasta Lake,California,United States,High School,RE-V5RC-25-1938,2025-11-15,82,3,79,5,79,false
397,1996Y,Go warriors,AP Program of The High School Affiliated to Beijing Normal University,Beijing,Beijing,China,High School,RE-V5RC-25-3093,2025-10-24,81,44,37,44,37,false
398,78889X,Extraction,KILLINGLY HIGH SCHOOL,Killingly,Connecticut,United States,High School,RE-V5RC-25-0177,2025-10-25,81,27,54,27,54,false
399,21111B,Toa Robotics 2.0,TAFUNA HIGH SCHOOL,Pago Pago,,American Samoa,High School,RE-V5RC-25-0326,2025-11-05,81,26,55,26,55,false
400,2459C,Golden Hawks Robotics,NANAKULI HIGH & INTERMEDIATE SCHOOL,Waianae,Hawaii,United States,High School,RE-V5RC-25-2405,2025-11-15,81,25,56,25,56,false
401,15800A,"""Atticus"" - Omaha Westview HS JROTC",Omaha Westview High School,Bennington,Nebraska,United States,High School,RE-V5RC-25-0002,2025-11-01,81,24,57,24,58,false
402,2496V,Beckman Robotics Void,ARNOLD O. BECKMAN HIGH,Irvine,California,United States,High School,RE-V5RC-25-1388,2025-10-25,81,21,60,21,70,false
403,5690W,Technophobia,BISHOP CHATARD HIGH SCHOOL,Indianapolis,Indiana,United States,High School,RE-V5RC-25-0094,2025-11-21,81,20,61,20,61,false
404,52274X,Xenon,Xenon,Tustin,California,United States,High School,RE-V5RC-25-1026,2025-11-15,81,20,61,20,61,false
405,99905X,RoboGryphs,ST GEORGE'S INDEPENDENT SCHOOL,Collierville,Tennessee,United States,High School,RE-V5RC-25-0454,2025-11-08,81,17,64,17,64,false
406,35075A,[BHr] Milk & Cookies,BELMONT HILL SCHOOL,Belmont,Massachusetts,United States,High School,RE-V5RC-25-0179,2025-11-22,81,17,64,17,64,false
407,19697W,Purgatory,JORDAN HIGH SCHOOL,Katy,Texas,United States,High School,RE-V5RC-25-2263,2025-11-22,81,15,66,15,66,false
408,39Y,Yolt,CRANBROOK SCHOOLS,Bloomfield Hills,Michigan,United States,High School,RE-V5RC-25-1231,2025-11-01,81,15,66,15,66,false
409,7258K,HSch Attached to BJUT-K,High School Attached to Beijing University of Technology,Beijing,Beijing,China,High School,RE-V5RC-25-3093,2025-10-24,81,14,67,14,67,false
410,502N,The Swarm,"SD41 Mechatronics, Burnaby ",Burnaby,British Columbia,Canada,High School,RE-V5RC-25-2529,2025-11-22,81,11,70,11,70,false
411,7258Y,HSch Attached to BJUT-Y,High School Attached to Beijing University of Technology,Beijing,Beijing,China,High School,RE-V5RC-25-3093,2025-10-24,81,5,76,5,76,false
412,474G,Paragon,Wakefield HS,Arlington,Virginia,United States,High School,RE-V5RC-25-0494,2025-11-15,80,26,54,26,54,false
413,338A,Iterated,High Caliber Robotics,Louisville,Kentucky,United States,High School,RE-V5RC-25-0094,2025-11-21,80,23,57,23,66,false
414,9568X,Mischief,RoboPlanet Education and Community Society,Richmond,British Columbia,Canada,High School,RE-V5RC-25-0024,2025-11-22,80,15,65,20,65,false
415,13358V,Velocity,SILVER CREEK HIGH SCHOOL,Longmont,Colorado,United States,High School,RE-V5RC-25-1628,2025-11-22,80,20,60,20,60,false
416,11207S,im the real one,American International School of Guangzhou,Guangzhou,Guangdong,China,High School,RE-V5RC-25-0374,2025-07-17,80,20,60,20,60,false
417,29204A,r/Obot,CREATE,Oxford,Alabama,United States,High School,RE-V5RC-25-1207,2025-11-20,80,15,65,20,65,false
418,2567P,Porta-Botz! - Particle Effect,PORTAGE HIGH SCHOOL,Portage,Indiana,United States,High School,RE-V5RC-25-0094,2025-11-21,80,15,65,15,66,false
419,7700S,Rolling Robots Simplicity,Rolling Robots,Rolling Hills Estates,California,United States,High School,RE-V5RC-25-1142,2025-10-25,80,15,65,15,65,false
420,55760R,Rubber Duckies,NORTHRIDGE HIGH SCHOOL,Middlebury,Indiana,United States,High School,RE-V5RC-25-0738,2025-11-08,80,15,65,15,65,false
421,3268A,3268A,Dulwich College Shanghai Pudong,Shanghai,Shanghai,China,High School,RE-V5RC-25-0835,2025-08-14,80,12,68,12,68,false
422,1200B,YETI,ST MARY CATHOLIC SCHOOLS,Neenah,Wisconsin,United States,High School,RE-V5RC-25-1267,2025-11-15,80,11,69,11,69,false
423,88299A,HZ.Robot Club,HZ.Robot Club,Ningbo,Zhejiang,China,High School,RE-V5RC-25-1749,2025-10-24,79,26,53,26,53,false
424,18888A,Heavy Metal Mush,Power Robot Foundation,Dublin,California,United States,High School,RE-V5RC-25-1460,2025-11-08,79,22,57,22,57,false
425,69969A,player,中子星科创中心,南昌,Jiangxi,China,High School,RE-V5RC-25-3498,2025-11-07,79,20,59,20,59,false
426,15442C,The Minions,CANYON HIGH,Anaheim,California,United States,High School,RE-V5RC-25-1335,2025-11-15,79,20,59,20,59,false
427,945G,Crash Test,GREEN VALLEY HIGH SCHOOL,Henderson,Nevada,United States,High School,RE-V5RC-25-3045,2025-11-22,79,20,59,20,59,false
428,85142Z,Geared UP,QCRF,Queen Creek,Arizona,United States,High School,RE-V5RC-25-0209,2025-11-24,79,20,59,20,59,false
429,1940C,Burnout,Knox Grammar School,Wahroonga,New South Wales,Australia,High School,RE-V5RC-25-2055,2025-11-09,79,15,64,15,64,false
430,43146R,RipTide,ALFRED M. BARBE HIGH SCHOOL,Lake Charles,Louisiana,United States,High School,RE-V5RC-25-0209,2025-11-24,79,15,64,15,64,false
431,334U,Supernova Redeem,SCIENCE ACADEMY STEM MAGNET,North Hollywood,California,United States,High School,RE-V5RC-25-0810,2025-09-14,79,0,79,15,79,false
432,2982Z,Zesty Zebras,Robotfun Academy,Wellesley Hills,Massachusetts,United States,High School,RE-V5RC-25-1516,2025-11-08,79,4,75,4,75,false
433,92087S,Sage Hill Robotics,Sage Hill School,Newport Coast,California,United States,High School,RE-V5RC-25-0024,2025-11-22,79,0,79,0,79,false
434,91231C,IRVINE RUIGUAN,IRVINE RUIGUAN,Irvine,California,United States,High School,RE-V5RC-25-0024,2025-11-22,79,0,79,0,79,false
435,84841Z,84841Z,HANGZHOU XUEJUN HIGH SCHOOL,Hangzhou,Zhejiang,China,High School,RE-V5RC-25-1749,2025-10-24,78,43,35,43,36,false
436,9784A,Wingin-It,TROY BUCHANAN HIGH,Troy,Missouri,United States,High School,RE-V5RC-25-0963,2025-10-18,78,23,55,31,55,false
437,4478N,Nightfall,MASUK HIGH SCHOOL,Monroe,Connecticut,United States,High School,RE-V5RC-25-2126,2025-11-22,78,16,62,26,62,false
438,6121B,The Pioneers,CONESTOGA SHS,Berwyn,Pennsylvania,United States,High School,RE-V5RC-25-0005,2025-11-15,78,21,57,21,57,false
439,9181C,C-Channel,Seaquam Secondary,Delta,British Columbia,Canada,High School,RE-V5RC-25-2529,2025-11-22,78,21,57,21,57,false
440,13974A,Talos,Robotic Study Group,Dallas,Texas,United States,High School,RE-V5RC-25-0209,2025-11-24,78,21,57,21,57,false
441,7862K,VEXpertise,Hesston High School,Hesston,Kansas,United States,High School,RE-V5RC-25-1040,2025-11-15,78,20,58,20,58,false
442,12516B,Boundless,Event horizon ,Bellevue,Washington,United States,High School,RE-V5RC-25-2122,2025-11-22,78,20,58,20,58,false
443,9698S,Affiliated High School of Fujian Normal University,Affiliated High School of Fujian Normal University,Fuzhou,Fujian,China,High School,RE-V5RC-25-1745,2025-10-03,78,16,62,16,62,false
444,355U,UltraPink,Fox Valley Robotics,Batavia,Illinois,United States,High School,RE-V5RC-25-0275,2025-11-01,78,15,63,15,63,false
445,39R,Serenity,CRANBROOK SCHOOLS,Bloomfield Hills,Michigan,United States,High School,RE-V5RC-25-0644,2025-10-02,78,15,63,15,63,false
446,5776K,DV Kiwi Krew,DOUGHERTY VALLEY HIGH,San Ramon,California,United States,High School,RE-V5RC-25-1514,2025-10-11,78,15,63,15,63,false
447,43141Z,VEXCALIBUR,HIGHLAND HIGH SCHOOL,Gilbert,Arizona,United States,High School,RE-V5RC-25-9955,2025-10-18,78,6,72,6,72,false
448,3150V,How Did We Get Here?,Silver Owl Robotics Inc.,Richmond Hill,Ontario,Canada,High School,RE-V5RC-25-9941,2025-10-16,78,6,72,6,72,false
449,47874B,Sisyphus,SQUALICUM HIGH SCHOOL,Bellingham,Washington,United States,High School,RE-V5RC-25-2122,2025-11-22,78,4,74,4,74,false
450,14882A,上海浦东新区民办万科学校,Vanke School Pudong,Shanghai,Shanghai,China,High School,RE-V5RC-25-1749,2025-10-24,77,30,47,32,47,false
451,4118D,SharkByte,Clear Creek ISD,Houston,Texas,United States,High School,RE-V5RC-25-0209,2025-11-24,77,31,46,31,51,false
452,26163X,"Team Black Knights ""Excalibur""",KENWOOD HIGH,Clarksville,Tennessee,United States,High School,RE-V5RC-25-1076,2025-11-15,77,25,52,25,52,false
453,53073N,The Jawas,Northwest High School,Opelousas,Louisiana,United States,High School,RE-V5RC-25-1324,2025-11-08,77,25,52,25,52,false
454,99236K,重庆南开中学,重庆南开中学,重庆市沙坪坝区,Chongqing,China,High School,RE-V5RC-25-3772,2025-11-14,77,24,53,24,53,false
455,8823E,Erudite,Milford Robotics,Milford,Ohio,United States,High School,RE-V5RC-25-9958,2025-11-15,77,22,55,22,55,false
456,98548K,½mv²,Bear River High School,Garland,Utah,United States,High School,RE-V5RC-25-1483,2025-11-15,77,20,57,20,57,false
457,2035X,Danny Guarantee,Danny Guarantee,Buckeye,Arizona,United States,High School,RE-V5RC-25-2984,2025-11-22,77,20,57,20,57,false
458,2360S,Singularity,Neuqua Valley High School,Naperville,Illinois,United States,High School,RE-V5RC-25-1647,2025-11-16,77,20,57,20,57,false
459,96671H,Hitmen,RED RIVER HIGH SCHOOL,Grand Forks,North Dakota,United States,High School,RE-V5RC-25-2140,2025-11-22,77,20,57,20,57,false
460,4588B,Radiant,BELTON NEW TECH HIGH SCHOOL AT WASKOW,Belton,Texas,United States,High School,RE-V5RC-25-2066,2025-11-08,77,17,60,17,60,false
461,359C,Hawaiian Kids,WAIALUA HIGH & INTERMEDIATE SCHOOL,Waialua,Hawaii,United States,High School,RE-V5RC-25-2405,2025-11-15,77,15,62,15,62,false
462,5813R,The Allen Keys,Abraham Lincoln High School,Council Bluffs,Iowa,United States,High School,RE-V5RC-25-0608,2025-10-25,77,15,62,15,62,false
463,1412E,Hypercharged!,CYPRESS SPRINGS HIGH SCHOOL,Cypress,Texas,United States,High School,RE-V5RC-25-0209,2025-11-24,76,31,45,31,45,false
464,46846T,INT,Gordonstoun School,Elgin,,United Kingdom,High School,RE-V5RC-25-0073,2025-10-11,76,27,49,27,49,false
465,2397A,Frequency,Frequency,Santa Ana,California,United States,High School,RE-V5RC-25-0024,2025-11-22,76,26,50,26,60,false
466,6104G,Tempest,Shorecrest Preparatory School,St Petersberg,Florida,United States,High School,RE-V5RC-25-1281,2025-11-01,76,21,55,21,55,false
467,1764P,Paradox,Yarmouth High School,Yarmouth,Maine,United States,High School,RE-V5RC-25-9941,2025-10-16,76,20,56,20,56,false
468,96021A,JavaJags,JAMES IRWIN CHARTER HIGH SCHOOL,Colorado Springs,Colorado,United States,High School,RE-V5RC-25-1053,2025-10-18,76,15,61,15,61,false
469,3145H,Hysteria,Triway High School,Wooster,Ohio,United States,High School,RE-V5RC-25-9915,2025-11-14,76,15,61,15,61,false
470,81218G,Overcooked,Loveless Academic Magnet Prog High School,Montgomery,Alabama,United States,High School,RE-V5RC-25-1406,2025-11-15,76,15,61,15,61,false
471,1233H,Hazard,CROWN POINT HIGH SCHOOL,Crown Point,Indiana,United States,High School,RE-V5RC-25-1982,2025-11-15,76,12,64,12,64,false
472,3150Z,Wing It,Silver Owl Robotics Inc.,Richmond Hill,Ontario,Canada,High School,RE-V5RC-25-2246,2025-11-15,76,0,76,0,76,false
473,3239V,Vanguard,Vanguard Robotics,Atlanta,Georgia,United States,High School,RE-V5RC-25-0874,2025-11-01,75,27,48,27,48,false
474,119X,Exponential,ST BERNARD SCHOOL,Uncasville,Connecticut,United States,High School,RE-V5RC-25-0126,2025-11-08,75,8,67,22,67,false
475,3359A,Team 1 of Hangzhou Entel Foreign Language School,Hangzhou Entel Foreign Language School,Hangzhou,Zhejiang,China,High School,RE-V5RC-25-0863,2025-08-22,75,15,60,20,60,false
476,4828X,Redux,BREWTECH TECHNOLOGY MAGNET HIGH SCHOOL,Montgomery,Alabama,United States,High School,RE-V5RC-25-0832,2025-11-08,75,20,55,20,56,false
477,6741R,[redacted],PICKERINGTON HIGH SCHOOL CENTRAL,Pickerington,Ohio,United States,High School,RE-V5RC-25-9915,2025-11-14,75,17,58,17,63,false
478,9576X,Ascent,Unbound Robotics,Austin,Texas,United States,High School,RE-V5RC-25-0876,2025-11-15,75,15,60,15,60,false
479,7282K,AutoFlashes: Kachow,Franklin Central High School,Indianapolis,Indiana,United States,High School,RE-V5RC-25-1413,2025-10-18,75,15,60,15,60,false
480,13765W,MTS_Andromeda,Merchant Taylors' School,London,,United Kingdom,High School,RE-V5RC-25-9988,2025-11-22,75,15,60,15,60,false
481,2501S,Shenanigan's,THOMAS JEFFERSON HIGH SCHOOL,Council Bluffs,Iowa,United States,High School,RE-V5RC-25-0046,2025-11-15,75,9,66,15,66,false
482,12208A,Shrimple as That,FRIENDSWOOD HIGH SCHOOL,Friendswood,Texas,United States,High School,RE-V5RC-25-0209,2025-11-24,74,29,45,29,45,false
483,3023K,重庆南开(融侨)中学校,重庆南开（融侨）中学校,重庆市南岸区,Chongqing,China,High School,RE-V5RC-25-0863,2025-08-22,74,27,47,27,47,false
484,7225T,Yellow Jackets,Southland High School,Adams,Minnesota,United States,High School,RE-V5RC-25-9926,2025-07-31,74,26,48,26,48,false
485,20850T,Tailwind,AOE Robotics Club,Rockville,Maryland,United States,High School,RE-V5RC-25-0506,2025-11-08,74,25,49,25,49,false
486,334H,Supernova Hyperspeeders,SCIENCE ACADEMY STEM MAGNET,North Hollywood,California,United States,High School,RE-V5RC-25-0024,2025-11-22,74,20,54,20,55,false
487,20785A,HYBRID,Queen Elizabeth's School,London,,United Kingdom,High School,RE-V5RC-25-2783,2025-10-27,74,20,54,20,54,false
488,6293X,X-ECUTE,PINECREST ACADEMY CHARTER HIGH SCHOOL,Miami,Florida,United States,High School,RE-V5RC-25-1165,2025-10-19,74,16,58,16,58,false
489,5327A,Gael Force All In,DUBLIN HIGH,Dublin,California,United States,High School,RE-V5RC-25-1459,2025-10-18,74,15,59,15,59,false
490,1356B,Parkview Bane,PARKVIEW HIGH SCHOOL,Lilburn,Georgia,United States,High School,RE-V5RC-25-0874,2025-11-01,74,6,68,6,68,false
491,2602G,Hopkinetics G-Force,HOPKINTON HIGH,Hopkinton,Massachusetts,United States,High School,RE-V5RC-25-2126,2025-11-22,74,0,74,0,74,false
492,20850G,Tigers Robotics,AOE Robotics Club ,Rockville,Maryland,United States,High School,RE-V5RC-25-1363,2025-11-22,73,37,36,37,38,false
493,1022Z,Inspector Quackett,Claremont Secondary School,Victoria,British Columbia,Canada,High School,RE-V5RC-25-3291,2025-11-22,73,25,48,25,48,false
494,288C,RoboDawgs: Celsius,Grandville High School,Grandville,Michigan,United States,High School,RE-V5RC-25-1441,2025-11-08,73,23,50,23,50,false
495,3796B,Birds Aren't Real,J. L. MANN HIGH ACADEMY,Greenville,South Carolina,United States,High School,RE-V5RC-25-0153,2025-11-14,73,20,53,20,53,false
496,99904W,Wooosh,NEW PALESTINE HIGH SCHOOL,New Palestine,Indiana,United States,High School,RE-V5RC-25-0738,2025-11-08,73,20,53,20,53,false
497,87490Z,Men in Purple,FARMERSVILLE HIGH SCHOOL,Farmersville,Texas,United States,High School,RE-V5RC-25-1827,2025-10-06,73,20,53,20,53,false
498,23457S,BRICK Lab SUPER,BRICK lab Robotics,Ho Chi Minh,,Vietnam,High School,RE-V5RC-25-1400,2025-11-22,73,19,54,19,54,false
499,95979V,Valkyrie Robotics,Valkyrie Robotics,Cumming,Georgia,United States,High School,RE-V5RC-25-0874,2025-11-01,73,15,58,18,58,false
500,99751E,Electrical Fire,Colorado Early College Fort Collins,Fort Collins,Colorado,United States,High School,RE-V5RC-25-1573,2025-10-25,73,15,58,15,58,false
501,43146K,Kraken,ALFRED M. BARBE HIGH SCHOOL,Lake Charles,Louisiana,United States,High School,RE-V5RC-25-1502,2025-09-25,73,5,68,15,68,false
502,3735A,Maybe,Klein High School,Klein,Texas,United States,High School,RE-V5RC-25-2671,2025-11-08,73,15,58,15,58,false
503,16329B,EGO,CYPRESS RIDGE HIGH SCHOOL,Houston,Texas,United States,High School,RE-V5RC-25-1618,2025-11-12,73,11,62,11,62,false
504,7316X,Xcalibur,FIRESTONE HIGH SCHOOL,Akron,Ohio,United States,High School,RE-V5RC-25-9915,2025-11-14,73,4,69,7,69,false
505,74762A,Lucky Ducky,Horizon High School,El Paso,Texas,United States,High School,RE-V5RC-25-1352,2025-11-22,73,0,73,0,73,false
506,78887B,Knox Knights,Knox Grammar School,Wahroonga,New South Wales,Australia,High School,RE-V5RC-25-1957,2025-10-11,72,31,41,31,41,false
507,40040M,Microwave Safe,Academic Magnet High School,North Charleston,South Carolina,United States,High School,RE-V5RC-25-0045,2025-11-15,72,30,42,30,42,false
508,7890E,Half Moon Cat,Fuzhou NO .3 High School,Fuzhou,Fujian,China,High School,RE-V5RC-25-1745,2025-10-03,72,25,47,25,47,false
509,81Z,VEXMEN: Zephyr,Brandywine Robotics Inc.,Chester Springs,Pennsylvania,United States,High School,RE-V5RC-25-9915,2025-11-14,72,15,57,20,57,false
510,316W,Wall-E,Island Robotics,Waipahu,Hawaii,United States,High School,RE-V5RC-25-0675,2025-10-25,72,17,55,17,58,false
511,5069G,Ziptide,Millard North High School,Omaha,Nebraska,United States,High School,RE-V5RC-25-1479,2025-10-18,72,15,57,15,57,false
512,10081K,Kingsnakes,Las Vegas Kingsnakes Robotics,Henderson,Nevada,United States,High School,RE-V5RC-25-0024,2025-11-22,72,15,57,15,61,false
513,14241A,RoboDragons,Level V Robotics,Charlotte,North Carolina,United States,High School,RE-V5RC-25-0050,2025-10-18,72,15,57,15,57,false
514,6741D,Doom,PICKERINGTON HIGH SCHOOL CENTRAL,Pickerington,Ohio,United States,High School,RE-V5RC-25-9915,2025-11-14,72,15,57,15,57,false
515,6121D,The Pioneers,CONESTOGA SHS,Paoli,Pennsylvania,United States,High School,RE-V5RC-25-0005,2025-11-15,72,13,59,13,59,false
516,5176E,Eclipse,BearShark Robotics,Manassas,Virginia,United States,High School,RE-V5RC-25-0494,2025-11-15,71,29,42,29,42,false
517,19355A,G.O.A.T. Robotics,G.O.A.T. Robotics,Newtown Square,Pennsylvania,United States,High School,RE-V5RC-25-0094,2025-11-21,71,26,45,26,45,false
518,9257C,House Cats,COVINGTON CATHOLIC HIGH SCHOOL,Park Hills,Kentucky,United States,High School,RE-V5RC-25-2148,2025-11-08,71,21,50,21,50,false
519,2131S,O.W.C.A.,DAVIS HIGH,Kaysville,Utah,United States,High School,RE-V5RC-25-1483,2025-11-15,71,20,51,20,51,false
520,4154S,U.S.S. ROBOTICS,NSU UNIVERSITY SCHOOL,Fort Lauderdale,Florida,United States,High School,RE-V5RC-25-1521,2025-10-18,71,16,55,20,55,false
521,56S,Self Destruct System,CAPE ELIZABETH HIGH SCHOOL,Cape Elizabeth,Maine,United States,High School,RE-V5RC-25-1202,2025-11-01,71,17,54,17,54,false
522,3388S,Spirit,Sir Winston Churchill High School,Calgary,Alberta,Canada,High School,RE-V5RC-25-1906,2025-11-22,71,15,56,15,56,false
523,7410X,ATHS - XCEPT, Arsenal Technical High School,Indianapolis,Indiana,United States,High School,RE-V5RC-25-1512,2025-11-22,71,15,56,15,56,false
524,334X,Supernova Phat Chickens,SCIENCE ACADEMY STEM MAGNET,North Hollywood,California,United States,High School,RE-V5RC-25-1386,2025-10-11,71,15,56,15,56,false
525,3141W,Wow Factor,Gross Catholic Robotics,Bellevue,Nebraska,United States,High School,RE-V5RC-25-0608,2025-10-25,71,15,56,15,56,false
526,54600A,Team Dynamite,Global Minds Academy,The Woodlands,Texas,United States,High School,RE-V5RC-25-9921,2025-10-18,71,15,56,15,56,false
527,11101K,Catch me if you can,Barcbots,Cupertino,California,United States,High School,RE-V5RC-25-0852,2025-09-27,71,9,62,9,62,false
528,66994T,Samuel Crossing,Dr. Player Robotic Lab . Taichung,Taichung City,,Taiwan,High School,RE-V5RC-25-0321,2025-10-26,71,6,65,6,65,false
529,3009H,Heroic Robotics,RANDALL K. COOPER HIGH SCHOOL,Union,Kentucky,United States,High School,RE-V5RC-25-2549,2025-11-22,71,0,71,2,71,false
530,7316D,Drop Test,FIRESTONE HIGH SCHOOL,Akron,Ohio,United States,High School,RE-V5RC-25-1956,2025-11-08,70,33,37,33,37,false
531,2490P,Perplexity,Perplexity,Gilbert,Arizona,United States,High School,RE-V5RC-25-2984,2025-11-22,70,32,38,32,38,false
532,3116Z,Team Control Freaks - Max'd out!,The John Warner School,Hoddesdon,,United Kingdom,High School,RE-V5RC-25-2783,2025-10-27,70,30,40,30,40,false
533,91416X,Lechuga,Wahoo Robotics (Saunders Catholic Schools & Wahoo Public Schools),Wahoo,Nebraska,United States,High School,RE-V5RC-25-9926,2025-07-31,70,26,44,26,44,false
534,10F,Exothermic Fusion,Exothermic Robotics,Bellevue,Washington,United States,High School,RE-V5RC-25-0800,2025-11-01,70,24,46,24,46,false
535,6978R,Roger67,Highland High School,Marengo,Ohio,United States,High School,RE-V5RC-25-0167,2025-10-25,70,21,49,21,49,false
536,62629Y,Iron Patriots:  Yikes,WHEELING PARK HIGH SCHOOL,Wheeling,West Virginia,United States,High School,RE-V5RC-25-0804,2025-11-01,70,20,50,20,50,false
537,16756A,B.R.I.C.C.C.,WINNSBORO HIGH SCHOOL,Winnsboro,Texas,United States,High School,RE-V5RC-25-2029,2025-11-21,70,16,54,20,54,false
538,39116E,Team East Z,东城区青少年科技馆,Beijing,Beijing,China,High School,RE-V5RC-25-0642,2025-07-29,70,6,64,19,64,false
539,2055A,Capybaras,Mi3L School,Oakville,Ontario,Canada,High School,RE-V5RC-25-0104,2025-11-01,70,15,55,16,55,false
540,53C,Area 53 C Chronos,Greenbelt Robotics Team,Greenbelt,Maryland,United States,High School,RE-V5RC-25-1363,2025-11-22,70,15,55,15,55,false
541,355X,Hexa-Force,Fox Valley Robotics,Batavia,Illinois,United States,High School,RE-V5RC-25-0094,2025-11-21,70,15,55,15,55,false
542,68561D,Canadian Loners,WEST HOLMES HIGH SCHOOL,Millersburg,Ohio,United States,High School,RE-V5RC-25-9961,2025-11-15,70,15,55,15,55,false
543,57249B,Raptor Robotics - BLAZE,Ravenwood High School,Brentwood,Tennessee,United States,High School,RE-V5RC-25-0260,2025-11-22,70,15,55,15,55,false
544,1010Z,Zero | TenTon Robotics,West Vancouver School District #45,West Vancouver,British Columbia,Canada,High School,RE-V5RC-25-0680,2025-11-16,70,15,55,15,55,false
545,77749F,嘉成六队,School(K12) in the china,成都,Sichuan,China,High School,RE-V5RC-25-3593,2025-11-21,70,15,55,15,55,false
546,98548D,Deviance,Bear River High School,Garland,Utah,United States,High School,RE-V5RC-25-1483,2025-11-15,69,20,49,20,49,false
547,2373C,Lake Robotics,CLEAR LAKE HIGH SCHOOL,Houston,Texas,United States,High School,RE-V5RC-25-0209,2025-11-24,69,20,49,20,49,false
548,2496R,Beckman Robotics Rampage,Arnold O. Beckman High School,Irvine,California,United States,High School,RE-V5RC-25-1049,2025-10-18,69,20,49,20,49,false
549,20605B,Vault Tec,ALEXANDRIA HIGH SCHOOL,Alexandria,Alabama,United States,High School,RE-V5RC-25-1207,2025-11-20,69,20,49,20,49,false
550,7862T,Low VEXpectations,Hesston High School,Hesston,Kansas,United States,High School,RE-V5RC-25-2015,2025-11-01,69,16,53,16,53,false
551,49637B,McFarland Team Bravo,Mcfarland High School,Mcfarland,California,United States,High School,RE-V5RC-25-9931,2025-10-25,69,15,54,15,54,false
552,62880D,Dang It,Coast 2 Coast Robotics,Bayside,New York,United States,High School,RE-V5RC-25-1862,2025-11-22,69,5,64,15,64,false
553,95059D,Wubba Duckies,Greer Middle College Charter High School ,Taylors,South Carolina,United States,High School,RE-V5RC-25-0088,2025-11-08,69,5,64,15,64,false
554,6741A,Anarchy,PICKERINGTON HIGH SCHOOL CENTRAL,Pickerington,Ohio,United States,High School,RE-V5RC-25-9915,2025-11-14,69,12,57,15,57,false
555,1649E,The Empire,St Mary Redcliffe Sixth Form,Bristol ,,United Kingdom,High School,RE-V5RC-25-0670,2025-11-22,69,15,54,15,54,false
556,69955X,Gheese,LADUE HORTON WATKINS HIGH,St. Louis,Missouri,United States,High School,RE-V5RC-25-0094,2025-11-21,69,12,57,12,57,false
557,39792D,Delta Aviators,ACADEMY FOR INNOVATIVE EDUCATION CHARTER SCHOOL,Miami Springs,Florida,United States,High School,RE-V5RC-25-1521,2025-10-18,69,10,59,10,59,false
558,666S,SRobotS,Xian Gaoxin No.1 High School,Xi'an,Shaanxi,China,High School,RE-V5RC-25-3498,2025-11-07,69,6,63,6,63,false
559,7862J,Slim Jim,Hesston High School,Hesston,Kansas,United States,High School,RE-V5RC-25-2015,2025-11-01,69,5,64,5,64,false
560,2011C,Carbon Copy,BRECKSVILLE-BROADVIEW HEIGHTS HIGH SCHOOL,Broadview Heights,Ohio,United States,High School,RE-V5RC-25-9915,2025-11-14,68,34,34,34,45,false
561,6743P,Paradigm,Lakewood Ranch High School,Bradenton,Florida,United States,High School,RE-V5RC-25-1281,2025-11-01,68,24,44,24,44,false
562,2602E,Hopkinetics Entropy,HOPKINTON HIGH,Hopkinton,Massachusetts,United States,High School,RE-V5RC-25-0179,2025-11-22,68,23,45,23,45,false
563,71811N,Nemesis,NORTHVIEW HIGH SCHOOL,Johns Creek,Georgia,United States,High School,RE-V5RC-25-1517,2025-11-01,68,16,52,22,52,false
564,10702S,Storm Bots,Galaxy Robotics,Austin,Texas,United States,High School,RE-V5RC-25-2066,2025-11-08,68,15,53,21,53,false
565,23333A,SHBS_23333,上海宏润博源学校,Shanghai,Shanghai,China,High School,RE-V5RC-25-0835,2025-08-14,68,21,47,21,47,false
566,2011D,Dopamine,BRECKSVILLE-BROADVIEW HEIGHTS HIGH SCHOOL,Broadview Heights,Ohio,United States,High School,RE-V5RC-25-9915,2025-11-14,68,20,48,20,52,false
567,5805X,X-Factor,Concordia Academy,Roseville,Minnesota,United States,High School,RE-V5RC-25-9984,2025-11-22,68,20,48,20,48,false
568,99319W,Wildcard,PRINCETON HIGH SCHOOL,Princeton,Minnesota,United States,High School,RE-V5RC-25-9984,2025-11-22,68,20,48,20,48,false
569,24816T,Invictus,Happy Valley High School,Elizabethton,Tennessee,United States,High School,RE-V5RC-25-0214,2025-10-25,68,15,53,15,53,false
570,295F,PART F,Placer Robotics (PART),Roseville,California,United States,High School,RE-V5RC-25-0122,2025-11-02,68,15,53,15,53,false
571,5138X,Industrious Robotics 21CS,Beijing 21st Century School,Beijing,Beijing,China,High School,RE-V5RC-25-3093,2025-10-24,68,11,57,15,57,false
572,6079B,Battle Rams,Waltrip High School,Houston,Texas,United States,High School,RE-V5RC-25-1028,2025-10-25,68,15,53,15,53,false
573,99153A,Dark Side,CECYTE Chihuahua No. 14 Villa Esperanza,Ciudad Juárez,Chihuahua,Mexico,High School,RE-V5RC-25-0637,2025-11-26,68,15,53,15,53,false
574,54677A,Norse Force,WESTBY HIGH,Westby,Wisconsin,United States,High School,RE-V5RC-25-1389,2025-11-12,68,5,63,5,63,false
575,2775V,Jackson Area Robotics,Jackson Area Robotics,Jackson,Tennessee,United States,High School,RE-V5RC-25-0454,2025-11-08,68,0,68,0,68,false
576,1599R,SSIS Christopher Columbus,Saigon South International School (SSIS),Ho Chi Minh City,,Vietnam,High School,RE-V5RC-25-1400,2025-11-22,68,0,68,0,68,false
577,2140D,Pepto Bismol,JENISON HIGH SCHOOL,Jenison,Michigan,United States,High School,RE-V5RC-25-0094,2025-11-21,67,23,44,23,44,false
578,46311B,Bits N' Pieces - Illiana,Illiana Christian High School,Dyer,Indiana,United States,High School,RE-V5RC-25-1856,2025-11-08,67,20,47,20,47,false
579,56000A,Botley Crue,Northern Michigan Robotics Club,Interlochen,Michigan,United States,High School,RE-V5RC-25-1606,2025-11-22,67,15,52,15,52,false
580,77360B,Astromechs,ONALASKA JR/SR HIGH,Onalaska,Texas,United States,High School,RE-V5RC-25-0209,2025-11-24,67,15,52,15,52,false
581,6408W,Wigglers,Heritage Woods Secondary,Port Moody,British Columbia,Canada,High School,RE-V5RC-25-2529,2025-11-22,67,15,52,15,52,false
582,3743A,Attention Defi-SQUIRREL!!,ERIE HIGH SCHOOL,Erie,Colorado,United States,High School,RE-V5RC-25-1864,2025-10-07,67,15,52,15,52,false
583,39792E,ECHO Aviators,ACADEMY FOR INNOVATIVE EDUCATION CHARTER SCHOOL,Miami Springs,Florida,United States,High School,RE-V5RC-25-1986,2025-11-08,67,8,59,8,59,false
584,13713A,SharkByte,Bitey Byte Bite Robotics,Broomfield,Colorado,United States,High School,RE-V5RC-25-0257,2025-10-11,66,20,46,27,46,false
585,90606W,Guangzhou No.6 Middle School,Guangzhou No.6 Middle School,Guangzhou,Guangdong,China,High School,RE-V5RC-25-1914,2025-11-07,66,27,39,27,39,false
586,84954C,Wa-Nee: Backlash,NORTH WOOD HIGH SCHOOL,Nappanee,Indiana,United States,High School,RE-V5RC-25-1982,2025-11-15,66,25,41,25,41,false
587,74485B,Perpetual,BENZIE CENTRAL SR HIGH SCHOOL,Benzonia,Michigan,United States,High School,RE-V5RC-25-1606,2025-11-22,66,24,42,24,42,false
588,3017D,Diffusion,HENLEY HIGH SCHOOL,Klamath Falls,Oregon,United States,High School,RE-V5RC-25-1984,2025-11-15,66,20,46,20,46,false
589,27508F,Viking Robotics Team TYR,North Salem High School,Salem,Oregon,United States,High School,RE-V5RC-25-9942,2025-11-22,66,20,46,20,46,false
590,1769A,EXtreme,Lakeridge Robotics,Lake Oswego,Oregon,United States,High School,RE-V5RC-25-9942,2025-11-22,66,20,46,20,46,false
591,3050X,Peninsula High School Xiphos,PALOS VERDES PENINSULA HIGH,Rolling Hills,California,United States,High School,RE-V5RC-25-1335,2025-11-15,66,20,46,20,46,false
592,28407D,N.U.T.S.,SILOAM SPRINGS HIGH SCHOOL CONVERSION CHARTER,Siloam Springs,Arkansas,United States,High School,RE-V5RC-25-0682,2025-10-25,66,15,51,20,51,false
593,35993A,The Rockys 1,IGS Rockenhausen,Rockenhausen,Rheinland-Pfalz,Germany,High School,RE-V5RC-25-0073,2025-10-11,66,16,50,16,50,false
594,2502X,Xtc,Playideasny Inc,Jericho,New York,United States,High School,RE-V5RC-25-9926,2025-07-31,66,15,51,15,51,false
595,55760V,Vulcan's Flame,NORTHRIDGE HIGH SCHOOL,Middlebury,Indiana,United States,High School,RE-V5RC-25-0738,2025-11-08,66,15,51,15,51,false
596,2790C,Circuit Breakers,Valparaiso High School,Valparaiso,Indiana,United States,High School,RE-V5RC-25-1982,2025-11-15,66,15,51,15,51,false
597,29204B,Dougatron,CREATE,Oxford,Alabama,United States,High School,RE-V5RC-25-1207,2025-11-20,66,15,51,15,51,false
598,11981D,Deimos,STEINBRENNER HIGH SCHOOL,Lutz,Florida,United States,High School,RE-V5RC-25-0326,2025-11-05,66,15,51,15,51,false
599,978X,UnionFree Team X,Beijing UnionFree Robotics,Beijing,Beijing,China,High School,RE-V5RC-25-0863,2025-08-22,66,15,51,15,51,false
600,43146B,Buccaneers,ALFRED M. BARBE HIGH SCHOOL,Lake Charles,Louisiana,United States,High School,RE-V5RC-25-1502,2025-09-25,66,15,51,15,51,false
601,6277B,FrostByte,THE HARVEY SCHOOL,Katonah,New York,United States,High School,RE-V5RC-25-0094,2025-11-21,66,10,56,10,56,false
602,2449V,High Voltage,Hamilton HS,Chandler,Arizona,United States,High School,RE-V5RC-25-0270,2025-11-15,66,7,59,7,59,false
603,43779E,Error 404,SHENANDOAH HIGH SCHOOL,Sarahsville,Ohio,United States,High School,RE-V5RC-25-9961,2025-11-15,66,5,61,5,61,false
604,9144C,Somerset Vitamin C,SOMERSET HIGH,Somerset,Wisconsin,United States,High School,RE-V5RC-25-0094,2025-11-21,66,0,66,3,66,false
605,10085A,Hiba Academy Team A,Hiba Academy Shanghai	,Shanghai,Shanghai,China,High School,RE-V5RC-25-9926,2025-07-31,66,0,66,0,66,false
606,1509B,Rmageddon,Ridley College High School,St Catharines,Ontario,Canada,High School,RE-V5RC-25-0250,2025-11-22,66,0,66,0,66,false
607,98601X,Paradox (Troy),TROY HIGH NJROTC,Fullerton,California,United States,High School,RE-V5RC-25-0325,2025-10-08,65,30,35,30,48,false
608,8931W,V-Bots Vexing Vipers,LAKE STEVENS SR HIGH SCHOOL,Lake Stevens,Washington,United States,High School,RE-V5RC-25-2122,2025-11-22,65,27,38,27,38,false
609,19350A,Xenonite,South Surrey Independent,Surrey,British Columbia,Canada,High School,RE-V5RC-25-0133,2025-11-08,65,26,39,26,39,false
610,51459M,Wenona 1,Wenona School,North Sydney,New South Wales,Australia,High School,RE-V5RC-25-2055,2025-11-09,65,20,45,20,45,false
611,90385G,Pumas: Green,UPREP,Seattle,Washington,United States,High School,RE-V5RC-25-0800,2025-11-01,65,15,50,20,50,false
612,42652E,The Escapees,SULLIVAN EAST HIGH SCHOOL,Bluff City,Tennessee,United States,High School,RE-V5RC-25-0214,2025-10-25,65,20,45,20,60,false
613,72116A,G Luff & the Triple S,Catholic High School For Boys,Little Rock,Arkansas,United States,High School,RE-V5RC-25-1447,2025-11-08,65,20,45,20,45,false
614,3008A,Team Magma,kalani High school,Honolulu,Hawaii,United States,High School,RE-V5RC-25-2038,2025-11-22,65,20,45,20,45,false
615,7686X,Phoenix Rising,Tiger Robotics,Harrisburg,South Dakota,United States,High School,RE-V5RC-25-9933,2025-09-26,65,20,45,20,49,false
616,34857B,WOLVES CECYTECH 11 CD. DEL CONOCIMIENTO,CECYTECH 11 Ciudad del Conocimiento,Ciudad Juárez,Chihuahua,Mexico,High School,RE-V5RC-25-0637,2025-11-26,65,20,45,20,54,false
617,91825C,Celsius,BARTLESVILLE HIGH SCHOOL,Bartlesville,Oklahoma,United States,High School,RE-V5RC-25-0478,2025-10-25,65,20,45,20,45,false
618,98548N,Nightmare,Bear River High School,Garland,Utah,United States,High School,RE-V5RC-25-0581,2025-11-08,65,15,50,15,50,false
619,5150K,Mad Hatters - Kat,DANBURY HIGH SCHOOL,Danbury,Connecticut,United States,High School,RE-V5RC-25-2126,2025-11-22,65,8,57,15,57,false
620,67100G,Genesis,Maize Bot Club,Wichita,Kansas,United States,High School,RE-V5RC-25-2015,2025-11-01,65,15,50,15,51,false
621,2131Y,Susan,DAVIS HIGH,Kaysville,Utah,United States,High School,RE-V5RC-25-1483,2025-11-15,65,8,57,8,57,false
622,98377H,Pink Havoc,TECHNICAL SENIOR HIGH,St. Cloud,Minnesota,United States,High School,RE-V5RC-25-9919,2025-11-15,64,36,28,36,45,false
623,68762F,ASJ-F team,Ai Tech Robotics,Foshan,Guangdong,China,High School,RE-V5RC-25-0139,2025-11-22,64,31,33,31,33,false
624,20850X,Superposition,AOE Robotics Club ,Rockville,Maryland,United States,High School,RE-V5RC-25-1363,2025-11-22,64,22,42,22,42,false
625,44691C,Cosmic Rewind,WOOSTER HIGH SCHOOL,Wooster,Ohio,United States,High School,RE-V5RC-25-9961,2025-11-15,64,20,44,20,44,false
626,16610X,Cooking goose,Techblazers,Richmond Hill,Ontario,Canada,High School,RE-V5RC-25-0378,2025-11-08,64,20,44,20,44,false
627,4886Y,Yogurt,THETFORD ACADEMY,Thetford Center,Vermont,United States,High School,RE-V5RC-25-9998,2025-11-15,64,20,44,20,44,false
628,393D,Deadly Dumplings,Legacy Magnet Academy,Tustin,California,United States,High School,RE-V5RC-25-0649,2025-11-15,64,15,49,15,49,false
629,27508A,Viking Robotics Team Valkyrie,North Salem High School,Salem,Oregon,United States,High School,RE-V5RC-25-9942,2025-11-22,64,15,49,15,49,false
630,404S,Sticky Keys Enabled,EL CAMINO REAL CHARTER HIGH SCHOOL,Woodland Hills,California,United States,High School,RE-V5RC-25-0983,2025-10-18,64,15,49,15,49,false
631,31218W,The Moderately Sized Wave,ETOWAH HIGH SCHOOL,Attalla,Alabama,United States,High School,RE-V5RC-25-0325,2025-10-08,64,15,49,15,49,false
632,2140F,Quantum,JENISON HIGH SCHOOL,Jenison,Michigan,United States,High School,RE-V5RC-25-1438,2025-10-25,64,15,49,15,49,false
633,355P,PowerHouse,Fox Valley Robotics,Batavia,Illinois,United States,High School,RE-V5RC-25-0275,2025-11-01,64,15,49,15,49,false
634,57249D,Raptor Robotics - Dart Goblin,Ravenwood High School,Brentwood,Tennessee,United States,High School,RE-V5RC-25-0260,2025-11-22,64,15,49,15,49,false
635,11777J,Rotobics Xperts,NAMPA CHRISTIAN SCHOOLS,Nampa,Idaho,United States,High School,RE-V5RC-25-2517,2025-11-22,64,14,50,14,50,false
636,3946S,Shenanigan,Kent Denver School,Englewood,Colorado,United States,High School,RE-V5RC-25-1628,2025-11-22,64,1,63,1,63,false
637,13312A,NAIS SRCC Robot Club,NAIS,上海,Shanghai,China,High School,RE-V5RC-25-1749,2025-10-24,64,0,64,0,64,false
638,99600F,重庆枫叶国际学校,重庆枫叶国际学校,重庆市,Chongqing,China,High School,RE-V5RC-25-3772,2025-11-14,64,0,64,0,64,false
639,20226H,NGS Hogrider,Newton Secondary and High School,Hanoi,,Vietnam,High School,RE-V5RC-25-1400,2025-11-22,63,32,31,32,45,false
640,57000A,Beijing 57 High School,Beijing 57 High School,Beijing,Beijing,China,High School,RE-V5RC-25-3129,2025-10-24,63,30,33,30,33,false
641,55732B,[Team Name Here],Maryville High School,Maryville,Missouri,United States,High School,RE-V5RC-25-2882,2025-11-22,63,23,40,23,40,false
642,9257F,Flintstones,COVINGTON CATHOLIC HIGH SCHOOL,Park Hills,Kentucky,United States,High School,RE-V5RC-25-2148,2025-11-08,63,15,48,22,48,false
643,9204B,Dragons,The John Cooper School,The Woodlands,Texas,United States,High School,RE-V5RC-25-1615,2025-10-25,63,20,43,20,43,false
644,19713N,The Oil Rig,Cypress Ranch High School,Cypress,Texas,United States,High School,RE-V5RC-25-2671,2025-11-08,63,15,48,20,55,false
645,12323K,Blue Eagles Robotics,PLYMOUTH NORTH HIGH,Plymouth,Massachusetts,United States,High School,RE-V5RC-25-0347,2025-10-23,63,15,48,15,48,false
646,663D,UltraViolet,CHATTANOOGA CHRISTIAN SCHOOL,Chattanooga,Tennessee,United States,High School,RE-V5RC-25-0094,2025-11-21,63,15,48,15,48,false
647,98377R,Roulette,TECHNICAL SENIOR HIGH,St. Cloud,Minnesota,United States,High School,RE-V5RC-25-2140,2025-11-22,63,15,48,15,48,false
648,70077A,Super Kings,Private,"Sammamish, Washington",Washington,United States,High School,RE-V5RC-25-0966,2025-11-15,63,15,48,15,48,false
649,52222B,Double Bee,北京四中国际校区,北京,Beijing,China,High School,RE-V5RC-25-3593,2025-11-21,63,2,61,15,61,false
650,18190D,BIGZ-D,BASIS INTERNATIONAL SCHOOL GUANGZHOU,Guangzhou,Guangdong,China,High School,RE-V5RC-25-1178,2025-09-26,63,12,51,12,51,false
651,71414A,Smooth Operators,PIERCE JR/SR HIGH SCHOOL,Pierce,Nebraska,United States,High School,RE-V5RC-25-2882,2025-11-22,63,9,54,9,54,false
652,3796J,Jank,J. L. MANN HIGH ACADEMY,Greenville,South Carolina,United States,High School,RE-V5RC-25-0153,2025-11-14,63,0,63,0,63,false
653,67002E,Electro Boogie,Northwest Career And Technical Academy,Las Vegas,Nevada,United States,High School,RE-V5RC-25-2178,2025-11-08,62,25,37,25,37,false
654,6627D,Knight Time Bots - Dragons,FOOTHILL HIGH,Santa Ana,California,United States,High School,RE-V5RC-25-1388,2025-10-25,62,7,55,21,55,false
655,2011F,FaZe Clan,BRECKSVILLE-BROADVIEW HEIGHTS HIGH SCHOOL,Broadview Heights,Ohio,United States,High School,RE-V5RC-25-1956,2025-11-08,62,20,42,20,47,false
656,99905C,10AC RoboGryphs,ST GEORGE'S INDEPENDENT SCHOOL,Collierville,Tennessee,United States,High School,RE-V5RC-25-0572,2025-10-03,62,20,42,20,42,false
657,81218B,Brisquet Again,Loveless Academic Magnet Prog High School,Montgomery,Alabama,United States,High School,RE-V5RC-25-1406,2025-11-15,62,15,47,20,47,false
658,71909Z,Phantom ZEPHYR,Baton Rouge Magnet High School,Baton Rouge,Louisiana,United States,High School,RE-V5RC-25-0209,2025-11-24,62,20,42,20,46,false
659,19190T,Takevians,Samsun TAKEV Lisesi,Samsun,,Türkiye,High School,RE-V5RC-25-3455,2025-11-22,62,20,42,20,42,false
660,62629Z,Iron Patriots:  Zenith,WHEELING PARK HIGH SCHOOL,Wheeling,West Virginia,United States,High School,RE-V5RC-25-1854,2025-11-08,62,19,43,19,43,false
661,1233E,Excalibur,Crown Point High School,Crown Point,Indiana,United States,High School,RE-V5RC-25-1856,2025-11-08,62,0,62,19,62,false
662,19085Z,Porg,Black Rock Middle School,Villanova,Pennsylvania,United States,High School,RE-V5RC-25-0005,2025-11-15,62,15,47,15,47,false
663,11981B,BEN.,Steinbrenner High School,Lutz,Florida,United States,High School,RE-V5RC-25-0326,2025-11-05,62,15,47,15,47,false
664,70260A,Mechalorians,Don Soffer Aventura High School,Aventura,Florida,United States,High School,RE-V5RC-25-1547,2025-10-03,62,15,47,15,47,false
665,31218X,Blinded By The Light,ETOWAH HIGH SCHOOL,Attalla,Alabama,United States,High School,RE-V5RC-25-0325,2025-10-08,62,15,47,15,47,false
666,25426D,Phantom Liberty,25426D,Shenzhen,Guangdong,China,High School,RE-V5RC-25-1178,2025-09-26,62,0,62,11,62,false
667,98225F,Fiasco,Bellingham High School,Bellingham,Washington,United States,High School,RE-V5RC-25-2122,2025-11-22,62,11,51,11,51,false
668,17924A,Pocket Rockets,Boswin Robotics,Mississauga,Ontario,Canada,High School,RE-V5RC-25-9915,2025-11-14,62,9,53,9,53,false
669,5327K,KIBBA,DUBLIN HIGH SCHOOL,Dublin,California,United States,High School,RE-V5RC-25-1019,2025-10-04,62,0,62,4,62,false
670,9909D,Delilah,MIDDLETOWN HIGH SCHOOL,Middletown,Connecticut,United States,High School,RE-V5RC-25-2126,2025-11-22,62,0,62,2,62,false
671,18189A,BIPH-A,BIPH,Huizhou,Guangdong,China,High School,RE-V5RC-25-0374,2025-07-17,62,1,61,1,61,false
672,3743Z,Brain Rot,ERIE HIGH SCHOOL,Erie,Colorado,United States,High School,RE-V5RC-25-0996,2025-11-01,61,22,39,22,48,false
673,97934U,RoboPanthers - Up the Ante,FRANKLIN ROAD ACADEMY,Nashville,Tennessee,United States,High School,RE-V5RC-25-2436,2025-11-01,61,20,41,20,41,false
674,53F,Area 53 Alien Raiders,Eleanor Roosevelt High School,Greenbelt,Maryland,United States,High School,RE-V5RC-25-1363,2025-11-22,61,15,46,15,46,false
675,47779K,GRANBOTS K,Granville Boys High School,Granville Nsw,New South Wales,Australia,High School,RE-V5RC-25-2055,2025-11-09,61,15,46,15,46,false
676,21111A,Toa Robotics,TAFUNA HIGH SCHOOL,Pago Pago,,American Samoa,High School,RE-V5RC-25-0325,2025-10-08,61,15,46,15,46,false
677,97230D,Quartic Quibblers,Highvale Secondary College,Glen Waverley,Victoria,Australia,High School,RE-V5RC-25-0034,2025-11-15,61,15,46,15,48,false
678,9364A,Iron Eagles - Avalanche,Brentwood Academy,Brentwood,Tennessee,United States,High School,RE-V5RC-25-0260,2025-11-22,61,15,46,15,46,false
679,76058A,Why nOt,JOSHUA HIGH SCHOOL,Joshua,Texas,United States,High School,RE-V5RC-25-0044,2025-10-18,61,1,60,1,60,false
680,7447X,eXile,Pickens County Career and Technology Center,Liberty,South Carolina,United States,High School,RE-V5RC-25-0088,2025-11-08,61,0,61,0,61,false
681,936D,HKIS Dragons,Hong Kong International School,Hong Kong,,Hong Kong,High School,RE-V5RC-25-0139,2025-11-22,60,15,45,20,45,false
682,45519X,RefleX,STEM Innovation Academy,Calgary,Alberta,Canada,High School,RE-V5RC-25-1906,2025-11-22,60,20,40,20,40,false
683,28898S,Tusks and Tech,PAUL W BRYANT HIGH SCHOOL,Cottondale,Alabama,United States,High School,RE-V5RC-25-2509,2025-11-22,60,20,40,20,40,false
684,52575C,I can't pronounce that!,WARREN AREA HIGH SCHOOL,Warren,Pennsylvania,United States,High School,RE-V5RC-25-2848,2025-11-24,60,20,40,20,40,false
685,11342B,Rubber Duckies,Christopher Columbus High School,Miami,Florida,United States,High School,RE-V5RC-25-1165,2025-10-19,60,20,40,20,40,false
686,1894A,Culver Academies Robotics,Culver Academies,Culver,Indiana,United States,High School,RE-V5RC-25-1214,2025-11-01,60,20,40,20,40,false
687,5691A,Hornet Robotics- Aurora,Bryant High School,Bryant,Arkansas,United States,High School,RE-V5RC-25-0134,2025-11-15,60,10,50,20,50,false
688,106A,Blue Tangerines,Excel-Robotic Lab LLC,University Park,Texas,United States,High School,RE-V5RC-25-9995,2025-11-15,60,20,40,20,40,false
689,6030M,Mages,Arizona College Prep High School,Chandler,Arizona,United States,High School,RE-V5RC-25-9955,2025-10-18,60,15,45,17,45,false
690,540Z,Appleby,Appleby College,Oakville,Ontario,Canada,High School,RE-V5RC-25-0071,2025-11-04,60,16,44,16,44,false
691,99904X,That One Team,NEW PALESTINE HIGH SCHOOL,New Palestine,Indiana,United States,High School,RE-V5RC-25-0094,2025-11-21,60,15,45,15,45,false
692,8301D,Cougarbots D,SAN YSIDRO HIGH,San Diego,California,United States,High School,RE-V5RC-25-1026,2025-11-15,60,15,45,15,45,false
693,3796C,Sea Sharks,J. L. MANN HIGH ACADEMY,Greenville,South Carolina,United States,High School,RE-V5RC-25-0088,2025-11-08,60,15,45,15,48,false
694,2501T,Robo Turtles,THOMAS JEFFERSON HIGH SCHOOL,Council Bluffs,Iowa,United States,High School,RE-V5RC-25-0046,2025-11-15,60,15,45,15,45,false
695,599Z,The Robodox,Granada Hills Charter,Granada Hills,California,United States,High School,RE-V5RC-25-0285,2025-11-15,60,11,49,12,49,false
696,8823M,Mystery Incorporated,Milford Robotics,Milford,Ohio,United States,High School,RE-V5RC-25-9961,2025-11-15,60,11,49,11,49,false
697,50810X,Interstellar,CITY/PEMBROKE PINES CHARTER HIGH SCHOOL,Pembroke Pines,Florida,United States,High School,RE-V5RC-25-1547,2025-10-03,60,11,49,11,49,false
698,17924B,Stay hard,Boswin Robotics,Mississauga,Ontario,Canada,High School,RE-V5RC-25-9915,2025-11-14,60,6,54,6,54,false
699,15442B,Canyon Crackshots,CANYON HIGH,Anaheim,California,United States,High School,RE-V5RC-25-1336,2025-11-16,60,6,54,6,54,false
700,2011K,Kinetic,BRECKSVILLE-BROADVIEW HEIGHTS HIGH SCHOOL,Broadview Heights,Ohio,United States,High School,RE-V5RC-25-9915,2025-11-14,60,0,60,2,60,false
701,7262A,中国人民大学附属中学A队,The High School Affiliated to Renmin University of China,Beijing,Beijing,China,High School,RE-V5RC-25-3093,2025-10-24,59,26,33,26,33,false
702,84443F,Ingenuity,RICE LAKE HIGH,Rice Lake,Wisconsin,United States,High School,RE-V5RC-25-1389,2025-11-12,59,20,39,20,39,false
703,75477M,Frij,St John's Grammar School,Belair,South Australia,Australia,High School,RE-V5RC-25-1137,2025-10-18,59,20,39,20,40,false
704,8330X,Sci-botics,Westwood Competition Robotics,Morgantown,West Virginia,United States,High School,RE-V5RC-25-1854,2025-11-08,59,20,39,20,39,false
705,44252C,Cobalt,LEXINGTON TECHNOLOGY CENTER,Lexington,South Carolina,United States,High School,RE-V5RC-25-0045,2025-11-15,59,20,39,20,43,false
706,8782A,Einstein @SHSSIP,SUZHOU HIGH SCHOOL - SIP,SUZHOU,Jiangsu,China,High School,RE-V5RC-25-0863,2025-08-22,59,20,39,20,39,false
707,8609Z,Ares,Lorain Titans Robotics - High School,Lorain,Ohio,United States,High School,RE-V5RC-25-0754,2025-10-14,59,20,39,20,39,false
708,17380C,Ctrl+Alt+Defeat,Searsport District Middle/High School,Searsport,Maine,United States,High School,RE-V5RC-25-2119,2025-11-22,59,20,39,20,39,false
709,98115A,98115A,Guiyang NO.1 High School,Guiyang,Guizhou,China,High School,RE-V5RC-25-3772,2025-11-14,59,16,43,16,43,false
710,76308A,KCDGearcats1,Kentucky Country Day School,Louisville,Kentucky,United States,High School,RE-V5RC-25-2549,2025-11-22,59,15,44,15,44,false
711,32092E,The Wrecking Crew,Stargate Charter School,Thornton,Colorado,United States,High School,RE-V5RC-25-1864,2025-10-07,59,15,44,15,44,false
712,3050W,Peninsula High School Wildcard,PALOS VERDES PENINSULA HIGH,Rolling Hills,California,United States,High School,RE-V5RC-25-1335,2025-11-15,59,15,44,15,44,false
713,9545X,Wreckin' Crew,Roland High School,Roland,Oklahoma,United States,High School,RE-V5RC-25-1416,2025-11-13,59,15,44,15,54,false
714,5430B,BreakPoint,Parkway West High School,Chesterfield,Missouri,United States,High School,RE-V5RC-25-1693,2025-11-08,59,10,49,15,49,false
715,2498B,bummer.,PiRA,Jericho,New York,United States,High School,RE-V5RC-25-9997,2025-09-12,59,15,44,15,44,false
716,20541F,Brobots,TAHLEQUAH HIGH SCHOOL,Tahlequah,Oklahoma,United States,High School,RE-V5RC-25-1416,2025-11-13,59,15,44,15,44,false
717,999D,Affiliated High School of Fujian Normal University,Affiliated High School of Fujian Normal University,Fuzhou,Fujian,China,High School,RE-V5RC-25-1914,2025-11-07,59,11,48,11,48,false
718,5Y,Goblin Gang,RAVENNA SENIOR HIGH,Ravenna,Nebraska,United States,High School,RE-V5RC-25-0002,2025-11-01,59,6,53,7,53,false
719,10102A,[Vinci] Vinsanity,iSTEAM Academy,Burlington,Massachusetts,United States,High School,RE-V5RC-25-9997,2025-09-12,59,7,52,7,52,false
720,8336B,Jonesy,Hialeah Gardens High School,Hialeah Gardens,Florida,United States,High School,RE-V5RC-25-1986,2025-11-08,59,1,58,5,58,false
721,89250K,Katastrophe,PINECREST NORTH PREPARATORY (FONTAINEBLEAU CAMPUS),Miami,Florida,United States,High School,RE-V5RC-25-1986,2025-11-08,59,0,59,0,59,false
722,74762B,DBZ,HORIZON HIGH SCHOOL,El Paso,Texas,United States,High School,RE-V5RC-25-2036,2025-10-30,58,28,30,28,30,false
723,74100D,dGoats,CONCORDIA JR/SR HIGH SCHOOL,Omaha,Nebraska,United States,High School,RE-V5RC-25-2882,2025-11-22,58,21,37,23,37,false
724,47779H,GRANBOTS H,Granville Boys High School,Granville Nsw,New South Wales,Australia,High School,RE-V5RC-25-2055,2025-11-09,58,20,38,20,38,false
725,9142B,Pulse,CLAREMORE HIGH SCHOOL,Claremore,Oklahoma,United States,High School,RE-V5RC-25-2583,2025-11-22,58,20,38,20,38,false
726,2930B,Blackout,Scott County High School RoboCards,Georgetown,Kentucky,United States,High School,RE-V5RC-25-2549,2025-11-22,58,20,38,20,38,false
727,8110R,Geared Up,Mankato West Robotics,Mankato,Minnesota,United States,High School,RE-V5RC-25-9919,2025-11-15,58,20,38,20,38,false
728,99206V,VOLTROX,CodeCraftRobotics,Leander,Texas,United States,High School,RE-V5RC-25-2066,2025-11-08,58,20,38,20,48,false
729,94X,FrostByte,COMMUNITY SCHOOL OF NAPLES,Naples,Florida,United States,High School,RE-V5RC-25-1547,2025-10-03,58,20,38,20,38,false
730,80634V,ReVolt,GREELEY WEST HIGH SCHOOL,Greeley,Colorado,United States,High School,RE-V5RC-25-1210,2025-11-01,58,20,38,20,38,false
731,17788F,Frostbyte,Private,Valley,Nebraska,United States,High School,RE-V5RC-25-2882,2025-11-22,58,20,38,20,38,false
732,42652C,Slip Hazard,SULLIVAN EAST HIGH SCHOOL,Bluff City,Tennessee,United States,High School,RE-V5RC-25-0214,2025-10-25,58,15,43,15,43,false
733,7983T,Centennial CyberHawks T,Centennial High School,Bakersfield,California,United States,High School,RE-V5RC-25-9938,2025-10-18,58,15,43,15,43,false
734,1408H,Hyper,King Henry VIII School,Coventry,,United Kingdom,High School,RE-V5RC-25-9988,2025-11-22,58,15,43,15,43,false
735,11254G,Antidisestablishmentarianism 2.0,William Henry Harrison High School,Harrison,Ohio,United States,High School,RE-V5RC-25-9958,2025-11-15,58,15,43,15,43,false
736,87217A,Pink Pony Club,RIVERSIDE HIGH SCHOOL,El Paso,Texas,United States,High School,RE-V5RC-25-1203,2025-11-07,58,8,50,8,50,false
737,11777S,Total Eclipse,NAMPA CHRISTIAN SCHOOLS,Nampa,Idaho,United States,High School,RE-V5RC-25-2517,2025-11-22,58,5,53,5,53,false
738,8076Y,Chonky,Hwa Chong Institution,Singapore,,Singapore,High School,RE-V5RC-25-1037,2025-11-19,58,1,57,1,57,false
739,9181F,Frenzy,Seaquam Secondary,Delta,British Columbia,Canada,High School,RE-V5RC-25-2529,2025-11-22,58,0,58,0,58,false
740,91231X,IRVINE RUIGUAN,IRVINE RUIGUAN,Irvine,California,United States,High School,RE-V5RC-25-1049,2025-10-18,58,0,58,0,58,false
741,10501D,Dynamic,Team Dynamic,Hamilton,Ontario,Canada,High School,RE-V5RC-25-0250,2025-11-22,57,25,32,25,39,false
742,9061X,Vortex,The Mind Spark,Exton,Pennsylvania,United States,High School,RE-V5RC-25-9997,2025-09-12,57,24,33,24,33,false
743,7110H,HAUNTED,CARROLL HIGH SCHOOL,Southlake,Texas,United States,High School,RE-V5RC-25-0209,2025-11-24,57,21,36,21,36,false
744,31260Z,bruh,Camberwell Grammar School,Canterbury,Victoria,Australia,High School,RE-V5RC-25-0034,2025-11-15,57,20,37,20,37,false
745,9065C,Phantom Robotics,PLATTE COUNTY HIGH,Platte City,Missouri,United States,High School,RE-V5RC-25-0398,2025-11-08,57,20,37,20,37,false
746,88875M,Morris Robotics (Blue Bomber),Morris School,Morris,Manitoba,Canada,High School,RE-V5RC-25-2140,2025-11-22,57,20,37,20,37,false
747,11211W,wdym,OCSA,Santa Ana,California,United States,High School,RE-V5RC-25-1249,2025-11-16,57,16,41,16,44,false
748,36620B,Blue Crew,UNITY CHRISTIAN HIGH SCHOOL,Hudsonville,Michigan,United States,High School,RE-V5RC-25-1441,2025-11-08,57,15,42,15,42,false
749,7701Z,Zero Gravity,ZIONSVILLE COMMUNITY HIGH SCHOOL,Zionsville,Indiana,United States,High School,RE-V5RC-25-1214,2025-11-01,57,15,42,15,42,false
750,31260X,Yellow Panda Microwave,Camberwell Grammar School,Canterbury,Victoria,Australia,High School,RE-V5RC-25-0034,2025-11-15,57,15,42,15,42,false
751,25155Z,Pathfinders Zeta,American Leadership Academy Applied Technologies,Mesa,Arizona,United States,High School,RE-V5RC-25-1723,2025-11-01,57,15,42,15,42,false
752,36830A,Leprechauns,Auburn High School,Auburn,Alabama,United States,High School,RE-V5RC-25-2133,2025-11-01,57,15,42,15,42,false
753,7225Z,Borderbots,Southland Senior High,Adams,Minnesota,United States,High School,RE-V5RC-25-9919,2025-11-15,57,15,42,15,42,false
754,60066S,SS-S,Guangdong Experimental High School,Guangzhou,Guangdong,China,High School,RE-V5RC-25-1914,2025-11-07,57,8,49,8,49,false
755,5509E,VHS Excelsior!,Valley Home Schoolers,Appleton,Wisconsin,United States,High School,RE-V5RC-25-1267,2025-11-15,57,6,51,6,51,false
756,526C,Gearheads C,MENASHA HIGH,Menasha,Wisconsin,United States,High School,RE-V5RC-25-1267,2025-11-15,57,4,53,4,53,false
757,9123X,Shanghai RuiGuan Team 9123X,ShangHai RuiGuan Robotics Activity Center,Shanghai,Shanghai,China,High School,RE-V5RC-25-9926,2025-07-31,57,0,57,0,57,false
758,1255D,Warhawk Delta,GREAT CROSSING HIGH SCHOOL,Georgetown,Kentucky,United States,High School,RE-V5RC-25-0692,2025-10-04,57,0,57,0,57,false
759,36830B,Roshambo,Auburn High School,Auburn,Alabama,United States,High School,RE-V5RC-25-2133,2025-11-01,56,21,35,21,35,false
760,886K,WPRA,Western Pacific Robotics Academy,Richmond,British Columbia,Canada,High School,RE-V5RC-25-2529,2025-11-22,56,20,36,20,36,false
761,2925X,Teddy,Roboters,Mountain View,California,United States,High School,RE-V5RC-25-9941,2025-10-16,56,18,38,18,38,false
762,42652F,Fix-It Felix,SULLIVAN EAST HIGH SCHOOL,Bluff City,Tennessee,United States,High School,RE-V5RC-25-0214,2025-10-25,56,18,38,18,38,false
763,5689E,Dead Weight,CALDWELL SENIOR HIGH SCHOOL,Caldwell,Idaho,United States,High School,RE-V5RC-25-2517,2025-11-22,56,16,40,16,40,false
764,44077T,Vajiravudh College,Vajiravudh College,Bangkok,,Thailand,High School,RE-V5RC-25-0588,2025-11-15,56,15,41,15,41,false
765,8068E,isodynamic,"School of Science and Technology, Singapore",Singapore,,Singapore,High School,RE-V5RC-25-1037,2025-11-19,56,15,41,15,41,false
766,36830Z,Edgebotics,Auburn High School,Auburn,Alabama,United States,High School,RE-V5RC-25-2133,2025-11-01,56,15,41,15,41,false
767,9142T,Tetris,Claremore High School,Claremore,Oklahoma,United States,High School,RE-V5RC-25-2583,2025-11-22,56,15,41,15,41,false
768,739B,Men In black,KIMBALL SECONDARY,Kimball,Minnesota,United States,High School,RE-V5RC-25-9984,2025-11-22,56,5,51,5,51,false
769,9651X,Cinderblock - UCC,Upper Canada College,Toronto,Ontario,Canada,High School,RE-V5RC-25-0071,2025-11-04,56,3,53,3,53,false
770,4275Z,CCK Zero,CMA Choi Cheung Kok Secondary School,New Territories,,Hong Kong,High School,RE-V5RC-25-1745,2025-10-03,55,27,28,27,28,false
771,41103X,ASDF,Pedare Christian College,Golden Grove,South Australia,Australia,High School,RE-V5RC-25-1660,2025-09-22,55,20,35,20,36,false
772,244A,RoboDawgs: Fulcrum,Grandville Community Education,Grandville,Michigan,United States,High School,RE-V5RC-25-1441,2025-11-08,55,20,35,20,35,false
773,27508E,Viking Robotics Team Loki,North Salem High School,Salem,Oregon,United States,High School,RE-V5RC-25-9942,2025-11-22,55,15,40,20,40,false
774,28407A,Technocrats,SILOAM SPRINGS HIGH SCHOOL,Siloam Springs,Arkansas,United States,High School,RE-V5RC-25-0682,2025-10-25,55,20,35,20,35,false
775,28407E,Artificial Incompetence,SILOAM SPRINGS HIGH SCHOOL CONVERSION CHARTER,Siloam Springs,Arkansas,United States,High School,RE-V5RC-25-1653,2025-11-15,55,20,35,20,35,false
776,295G,PART G,Placer Robotics (PART),Roseville,California,United States,High School,RE-V5RC-25-0122,2025-11-02,55,20,35,20,35,false
777,41469A,OH NO! WSA,STANHOPE ELMORE HIGH SCHOOL,Millbrook,Alabama,United States,High School,RE-V5RC-25-2133,2025-11-01,55,20,35,20,45,false
778,2252R,CIMATEC,CIMATEC,Caguas,,Puerto Rico,High School,RE-V5RC-25-0269,2025-08-23,55,20,35,20,35,false
779,36421A,Team Rocket,HOLY CROSS DISTRICT HIGH SCHOOL,Covington,Kentucky,United States,High School,RE-V5RC-25-2148,2025-11-08,55,20,35,20,35,false
780,9142A,Monkey Business,Claremore High School,Claremore,Oklahoma,United States,High School,RE-V5RC-25-1416,2025-11-13,55,20,35,20,35,false
781,72116C,Cheeseburgers,Catholic High School For Boys,Little Rock,Arkansas,United States,High School,RE-V5RC-25-1823,2025-11-22,55,20,35,20,35,false
782,99719X,SPXDER,Bentonville High School,Bentonville,Arkansas,United States,High School,RE-V5RC-25-0190,2025-11-08,55,15,40,15,40,false
783,8892A,Vidreams Redux,Delhi Charter School,Delhi,Louisiana,United States,High School,RE-V5RC-25-1988,2025-11-20,55,15,40,15,40,false
784,18640X,Tigers (St X X),St Xavier High School,Louisville,Kentucky,United States,High School,RE-V5RC-25-2549,2025-11-22,55,15,40,15,40,false
785,9821B,BOOM,EAST GRAND FORKS SENIOR HIGH,East Grand Forks,Minnesota,United States,High School,RE-V5RC-25-2140,2025-11-22,55,15,40,15,40,false
786,81218V,Vicious Vagabonds,Loveless Academic Magnet Prog High School,Montgomery,Alabama,United States,High School,RE-V5RC-25-2509,2025-11-22,55,15,40,15,40,false
787,33112J,Robo Rangers - Judgement Day,CONCORDIA LUTHERAN HIGH SCHOOL,Ft Wayne,Indiana,United States,High School,RE-V5RC-25-0326,2025-11-05,55,15,40,15,40,false
788,1233C,Cookie Monsters,CROWN POINT HIGH SCHOOL,Crown Point,Indiana,United States,High School,RE-V5RC-25-0094,2025-11-21,55,15,40,15,40,false
789,9447W,Stark Industries,Palmetto Scholars Academy,North Charleston,South Carolina,United States,High School,RE-V5RC-25-0604,2025-11-01,55,10,45,10,45,false
790,1220X,RoboRedux,PWCS Robotics,Bristow,Virginia,United States,High School,RE-V5RC-25-0494,2025-11-15,55,7,48,7,48,false
791,94517A,Brimstone,Clayton Valley Charter High School,Concord,California,United States,High School,RE-V5RC-25-1473,2025-11-15,55,0,55,0,55,false
792,5868C,CATARIA,PUI CHING MIDDLE SCHOOL MACAU,Macau,,Macau,High School,RE-V5RC-25-0139,2025-11-22,55,0,55,0,55,false
793,3388E,Don’t stop me now,Sir Winston Churchill High School,Calgary,Alberta,Canada,High School,RE-V5RC-25-1906,2025-11-22,55,0,55,0,55,false
794,3118B,Astrobots,CLEAR BROOK HIGH SCHOOL,Friendswood,Texas,United States,High School,RE-V5RC-25-2094,2025-09-30,54,24,30,24,30,false
795,14749K,Dark Fenix,Dark Fenix robotic,Cowansville ,Quebec,Canada,High School,RE-V5RC-25-0104,2025-11-01,54,3,51,23,51,false
796,1028B,Bee-Cause,Brownell Talbot Preparatory School,Omaha,Nebraska,United States,High School,RE-V5RC-25-2882,2025-11-22,54,20,34,20,34,false
797,99157B,IronMechs 2.0,Abacus Robotics Corp,Haymarket,Virginia,United States,High School,RE-V5RC-25-9926,2025-07-31,54,15,39,19,39,false
798,58593A,Rising Fractals,Robocubs Robotics Club,Saratoga,California,United States,High School,RE-V5RC-25-0024,2025-11-22,54,19,35,19,35,false
799,32410H,Liquid Plastic,REDWATER HS,Redwater,Texas,United States,High School,RE-V5RC-25-2029,2025-11-21,54,15,39,17,39,false
800,2990U,Hivemind,West Salem High School,Salem,Oregon,United States,High School,RE-V5RC-25-9942,2025-11-22,54,15,39,15,39,false
801,8341B,Kicking Bot,PEWAMO-WESTPHALIA HIGH SCHOOL,Westphalia,Michigan,United States,High School,RE-V5RC-25-2323,2025-11-17,54,15,39,15,39,false
802,11227S,Zoophytes,Momentum Robotics,Thompson Station,Tennessee,United States,High School,RE-V5RC-25-0344,2025-08-17,54,15,39,15,39,false
803,7983C,Centennial CyberHawks C,Centennial High School,Bakersfield,California,United States,High School,RE-V5RC-25-9931,2025-10-25,54,15,39,15,39,false
804,53073D,No Strings Attached,NORTHWEST HIGH SCHOOL,Opelousas,Louisiana,United States,High School,RE-V5RC-25-1988,2025-11-20,54,15,39,15,39,false
805,99067A,Mechanical Jagwires,DESERT RIDGE HIGH,Mesa,Arizona,United States,High School,RE-V5RC-25-2984,2025-11-22,54,15,39,15,39,false
806,25832A,CECYTEM Lagunillas,CECYTEM Plantel Lagunillas,Morelia,Michoacán,Mexico,High School,RE-V5RC-25-0637,2025-11-26,54,15,39,15,39,false
807,66631H,66631H,Whittle School & Studios‌,Shenzhen,Guangdong,China,High School,RE-V5RC-25-1745,2025-10-03,54,1,53,4,53,false
808,3477C,MSND,St Andrews Christian College,Wantirna South,Victoria,Australia,High School,RE-V5RC-25-0034,2025-11-15,54,0,54,0,54,false
809,106X,Xtreme,Excel-Robotic Lab LLC,University Park,Texas,United States,High School,RE-V5RC-25-9995,2025-11-15,54,0,54,0,54,false
810,5138Y,Imaginative Robotics 21CS,Beijing 21st Century School,Beijing,Beijing,China,High School,RE-V5RC-25-3093,2025-10-24,54,0,54,0,54,false
811,10P,Exothermic Paradox,Exothermic Robotics,Bellevue,Washington,United States,High School,RE-V5RC-25-0966,2025-11-15,54,0,54,0,54,false
812,2567M,Porta-Botz! - Maverick,PORTAGE HIGH SCHOOL,Portage,Indiana,United States,High School,RE-V5RC-25-0094,2025-11-21,54,0,54,0,54,false
813,248C,RoboDawgs: Calamity,Grandville Robotics,Grandville,Michigan,United States,High School,RE-V5RC-25-2323,2025-11-17,53,23,30,23,30,false
814,8110Z,RIP Tide,Mankato West Robotics,Mankato,Minnesota,United States,High School,RE-V5RC-25-9919,2025-11-15,53,20,33,20,33,false
815,1075A,Aftermath,Hamilton Heights High School Robotics Inc.,Arcadia,Indiana,United States,High School,RE-V5RC-25-1512,2025-11-22,53,20,33,20,33,false
816,288B,Robodawgs: Velocity,Grandville High School,Grandville,Michigan,United States,High School,RE-V5RC-25-2323,2025-11-17,53,20,33,20,33,false
817,56721A,The Gremlins,RIVERSIDE CHRISTIAN SCHOOL,East Grand Forks,Minnesota,United States,High School,RE-V5RC-25-2140,2025-11-22,53,20,33,20,33,false
818,5W,The Three Musketeers,RAVENNA SENIOR HIGH,Ravenna,Nebraska,United States,High School,RE-V5RC-25-0398,2025-11-08,53,20,33,20,33,false
819,11124R,T-Rex Push-Ups,ELYRIA HIGH SCHOOL,Elyria,Ohio,United States,High School,RE-V5RC-25-9961,2025-11-15,53,18,35,18,35,false
820,98377S,SPLASH!!!,TECHNICAL SENIOR HIGH,St. Cloud,Minnesota,United States,High School,RE-V5RC-25-2140,2025-11-22,53,15,38,15,38,false
821,72734J,The Bot Father,GENTRY HIGH SCHOOL ,Gentry,Arkansas,United States,High School,RE-V5RC-25-1653,2025-11-15,53,15,38,15,43,false
822,44691X,Heat Wave,WOOSTER HIGH SCHOOL,Wooster,Ohio,United States,High School,RE-V5RC-25-9961,2025-11-15,53,15,38,15,38,false
823,25809A,Apollo Robotics,Apollo Robotics,El Dorado Hills,California,United States,High School,RE-V5RC-25-1473,2025-11-15,53,15,38,15,38,false
824,9909C,Chad,MIDDLETOWN HIGH SCHOOL,Middletown,Connecticut,United States,High School,RE-V5RC-25-2126,2025-11-22,53,15,38,15,38,false
825,3223B,Prizm,WEST MICHIGAN AVIATION ACADEMY,Grand Rapids,Michigan,United States,High School,RE-V5RC-25-1383,2025-10-06,53,15,38,15,38,false
826,631A,Chargoggagoggmanchauggagoggchaubunagungamaugg,Leo Robotics,Leo,Indiana,United States,High School,RE-V5RC-25-0094,2025-11-21,53,15,38,15,38,false
827,16329C,AMOS,CYPRESS RIDGE HIGH SCHOOL,Houston,Texas,United States,High School,RE-V5RC-25-1618,2025-11-12,53,15,38,15,38,false
828,28176N,Overwatch,Newton Robotics Club,Hanoi,,Vietnam,High School,RE-V5RC-25-2890,2025-11-01,53,8,45,8,45,false
829,58676S,Corsaires S,Ecole Pointe-Levy,Lévis,Quebec,Canada,High School,RE-V5RC-25-9941,2025-10-16,53,6,47,6,47,false
830,59735X,CobraBionix,CABARRUS EARLY COLLEGE OF TECHNOLOGY,Concord,North Carolina,United States,High School,RE-V5RC-25-2375,2025-11-15,53,6,47,6,47,false
831,6210A,Apocalypse,Heritage Christian School,Indianapolis,Indiana,United States,High School,RE-V5RC-25-0692,2025-10-04,53,0,53,0,53,false
832,46665A,46665A,太原森孚机器人,太原市,Shanxi,China,High School,RE-V5RC-25-0642,2025-07-29,53,0,53,0,53,false
833,3223C,Cesium,WEST MICHIGAN AVIATION ACADEMY,Grand Rapids,Michigan,United States,High School,RE-V5RC-25-2323,2025-11-17,52,16,36,25,36,false
834,26468A,Bengal Bots,BLYTHEWOOD HIGH,Blythewood,South Carolina,United States,High School,RE-V5RC-25-0045,2025-11-15,52,21,31,21,31,false
835,39D,Strawberries,CRANBROOK SCHOOLS,Bloomfield Hills,Michigan,United States,High School,RE-V5RC-25-0376,2025-11-01,52,20,32,20,32,false
836,98225C,Curiosity,Bellingham High School,Bellingham,Washington,United States,High School,RE-V5RC-25-2122,2025-11-22,52,20,32,20,32,false
837,4142B,Gizmo,PEARL CITY HIGH SCHOOL,Pearl City,Hawaii,United States,High School,RE-V5RC-25-0094,2025-11-21,52,6,46,20,46,false
838,3547F,VIRUS: VIRUS in Hoods,Technology First,Monroe,Michigan,United States,High School,RE-V5RC-25-1231,2025-11-01,52,20,32,20,32,false
839,67002C,Daredevils,Northwest Career And Technical Academy,Las Vegas,Nevada,United States,High School,RE-V5RC-25-0829,2025-09-27,52,19,33,19,33,false
840,3118A,Astrobots,CLEAR BROOK HIGH SCHOOL,Friendswood,Texas,United States,High School,RE-V5RC-25-0209,2025-11-24,52,15,37,16,37,false
841,11522N,重庆南开两江中学校,重庆南开两江中学校,重庆,Chongqing,China,High School,RE-V5RC-25-3772,2025-11-14,52,16,36,16,36,false
842,36867B,Jank Magic,Central High School,Phenix City,Alabama,United States,High School,RE-V5RC-25-2138,2025-11-08,52,15,37,15,37,false
843,1764M,Marvin the Paranoid Android,Yarmouth High School,Yarmouth,Maine,United States,High School,RE-V5RC-25-9998,2025-11-15,52,15,37,15,37,false
844,2323X,Ring Masters,Weber Innovation High School,Ogden,Utah,United States,High School,RE-V5RC-25-1483,2025-11-15,52,15,37,15,37,false
845,14338A,(feat. The Amazing Abigail),Ctrl+Alt+Defeat,Lebanon,Tennessee,United States,High School,RE-V5RC-25-0572,2025-10-03,52,15,37,15,37,false
846,1616Y,Shaft Collars,Don Tyson School of Innovation,Springdale,Arkansas,United States,High School,RE-V5RC-25-0190,2025-11-08,52,15,37,15,37,false
847,72116B,Murphy's Law,Catholic High School For Boys,Little Rock,Arkansas,United States,High School,RE-V5RC-25-1823,2025-11-22,52,15,37,15,37,false
848,21619A,Aluminum Vengeance,LA LUMIERE SCHOOL,La Porte,Indiana,United States,High School,RE-V5RC-25-1982,2025-11-15,52,15,37,15,37,false
849,2140C,Hefty Lad,JENISON HIGH SCHOOL,Jenison,Michigan,United States,High School,RE-V5RC-25-0094,2025-11-21,52,15,37,15,37,false
850,13205C,ColorStorm,STEM SCHOOL CHATTANOOGA,Chattanooga,Tennessee,United States,High School,RE-V5RC-25-0260,2025-11-22,52,15,37,15,37,false
851,52050A,Delilah 2025,Aquinas College,Ringwood,Victoria,Australia,High School,RE-V5RC-25-0032,2025-10-18,52,15,37,15,38,false
852,7701A,Albino Rhino,ZIONSVILLE COMMUNITY HIGH SCHOOL,Zionsville,Indiana,United States,High School,RE-V5RC-25-9926,2025-07-31,52,15,37,15,37,false
853,1166P,Phase Shift,Lutheran High School,Parker,Colorado,United States,High School,RE-V5RC-25-0257,2025-10-11,52,15,37,15,37,false
854,14671A,Mechimmanuel,Immanuel College,Adelaide,South Australia,Australia,High School,RE-V5RC-25-2743,2025-10-27,52,15,37,15,37,false
855,68561Z,ZigZag,WEST HOLMES HIGH SCHOOL,Millersburg,Ohio,United States,High School,RE-V5RC-25-9961,2025-11-15,52,15,37,15,37,false
856,597A,Robobusters Red,SCHOOL OF SCIENCE AND ENGINEERING,Dallas,Texas,United States,High School,RE-V5RC-25-9995,2025-11-15,52,15,37,15,37,false
857,1532D,Synergy,Bemidji VEX Robotics,Bemidji,Minnesota,United States,High School,RE-V5RC-25-2140,2025-11-22,52,15,37,15,37,false
858,28666C,Shenzhen Middle School C Team,ShenZhen Middle School,Shenzhen,Guangdong,China,High School,RE-V5RC-25-1745,2025-10-03,52,5,47,5,47,false
859,28466S,There's a Strategy to this Tragedy,SPRINGS STUDIO FOR ACADEMIC EXCELLENCE,Colorado Springs,Colorado,United States,High School,RE-V5RC-25-0996,2025-11-01,52,0,52,0,52,false
860,84496N,NPC,NPC,Chandler,Arizona,United States,High School,RE-V5RC-25-9955,2025-10-18,52,0,52,0,52,false
861,22020X,Tech Chaos,Kidwe Lab,Auckland,Auckland,New Zealand,High School,RE-V5RC-25-0541,2025-11-01,52,0,52,0,52,false
862,20850A,AirHeads,AOE Robotics Club ,Rockville,Maryland,United States,High School,RE-V5RC-25-1363,2025-11-22,51,26,25,26,26,false
863,50805Z,SpooderBots,Harsha's Basement,Ashburn,Virginia,United States,High School,RE-V5RC-25-9997,2025-09-12,51,20,31,20,31,false
864,2769B,Hundred Peace Wings,Canberra Secondary School,Singapore,,Singapore,High School,RE-V5RC-25-1037,2025-11-19,51,20,31,20,31,false
865,8331S,Beijing Jiaotong-3交大附中,The High School Attached to Beijing Jiaotong University,Beijing,Beijing,China,High School,RE-V5RC-25-0642,2025-07-29,51,16,35,16,35,false
866,44585A,HSI Echo,Harmony School of Innovation El Paso- Middle/High,El Paso,Texas,United States,High School,RE-V5RC-25-1641,2025-11-14,51,16,35,16,35,false
867,72734N,Wall-E,GENTRY HIGH SCHOOL ,Gentry,Arkansas,United States,High School,RE-V5RC-25-0190,2025-11-08,51,15,36,15,36,false
868,11981C,COOKIE MONSTER,STEINBRENNER HIGH SCHOOL,Lutz,Florida,United States,High School,RE-V5RC-25-0324,2025-09-10,51,1,50,15,50,false
869,3945A,3945A,包玉刚中学,Shanghai,Shanghai,China,High School,RE-V5RC-25-0374,2025-07-17,51,15,36,15,36,false
870,8823A,Alter Ego,Milford Robotics ,Milford,Ohio,United States,High School,RE-V5RC-25-0167,2025-10-25,51,15,36,15,37,false
871,9364D,Iron Eagles - Dumpster Fire,Brentwood Academy,Brentwood,Tennessee,United States,High School,RE-V5RC-25-0260,2025-11-22,51,5,46,15,46,false
872,49637A,McFarland S-TIER,Mcfarland High School,Mcfarland,California,United States,High School,RE-V5RC-25-0022,2025-09-20,51,15,36,15,36,false
873,5278A,Atlas,BROOKWOOD HIGH SCHOOL,Snellville,Georgia,United States,High School,RE-V5RC-25-1517,2025-11-01,51,15,36,15,36,false
874,91915B,Looniest Tarpan,HAWKEN SCHOOL,Gates Mills,Ohio,United States,High School,RE-V5RC-25-0882,2025-11-22,51,15,36,15,36,false
875,4471A,Eagles Robotics,Richmond Christian School,Richmond,British Columbia,Canada,High School,RE-V5RC-25-2529,2025-11-22,51,2,49,6,49,false
876,34100B,RobotIST Jr.,İstanbul Havalimanı Mesleki ve Teknik Anadolu Lisesi,İstanbul,,Türkiye,High School,RE-V5RC-25-3455,2025-11-22,51,5,46,5,46,false
877,31330D,Dynasty,SEYMOUR SENIOR HIGH SCHOOL,Seymour,Indiana,United States,High School,RE-V5RC-25-0738,2025-11-08,51,2,49,2,49,false
878,18967B,Tech Move,Shanghai Shangde Experimental School,Shanghai,Shanghai,China,High School,RE-V5RC-25-1749,2025-10-24,51,0,51,1,51,false
879,75019A,Coppell ARCANE,COPPELL HIGH SCHOOL,Coppell,Texas,United States,High School,RE-V5RC-25-1588,2025-11-01,51,0,51,0,51,false
880,886W,Wipeout | WPRA,Western Pacific Robotics Academy,Richmond,British Columbia,Canada,High School,RE-V5RC-25-2529,2025-11-22,51,0,51,0,51,false
881,84443C,SpErit,RICE LAKE HIGH,Rice Lake,Wisconsin,United States,High School,RE-V5RC-25-1389,2025-11-12,50,20,30,20,30,false
882,13818Z,QRCA,AAA Training and Tuition (RTO 46396),Burleigh Heads,Queensland,Australia,High School,RE-V5RC-25-1018,2025-10-25,50,20,30,20,30,false
883,1064A,OPS - Nebraska Nerd Herd,OMAHA NORTH MAGNET HIGH SCHOOL,Omaha,Nebraska,United States,High School,RE-V5RC-25-0002,2025-11-01,50,20,30,20,30,false
884,3885A,Shark Tank,UNITEC CAREER CTR.,Bonne Terre,Missouri,United States,High School,RE-V5RC-25-1354,2025-10-11,50,15,35,20,36,false
885,9871A,Awesomesauce Autobots,ACADEMY FOR TECHNOLOGY ENGINEERING MATH & SCIENCE,Abilene,Texas,United States,High School,RE-V5RC-25-2542,2025-10-25,50,20,30,20,30,false
886,8076X,Recoil,Hwa Chong Institution,Singapore,,Singapore,High School,RE-V5RC-25-0371,2025-11-01,50,20,30,20,30,false
887,70528A,GRIZZ 775,GALENA HIGH SCHOOL,Reno,Nevada,United States,High School,RE-V5RC-25-2924,2025-11-08,50,20,30,20,30,false
888,33112D,Robo Rangers - Eat Mor Chikin,CONCORDIA LUTHERAN HIGH SCHOOL,Ft Wayne,Indiana,United States,High School,RE-V5RC-25-0326,2025-11-05,50,20,30,20,30,false
889,8871R,Rogue,Walter Johnson Junior High School,Las Vegas,Nevada,United States,High School,RE-V5RC-25-0829,2025-09-27,50,18,32,18,36,false
890,39110C,Biggie Bots,Germantown High School,Madison,Mississippi,United States,High School,RE-V5RC-25-1106,2025-11-08,50,16,34,16,34,false
891,8110A,ReStart,Mankato West Robotics,Mankato,Minnesota,United States,High School,RE-V5RC-25-9926,2025-07-31,50,15,35,15,43,false
892,1831A,King's Team Alpha,The King's School,North Parramatta,New South Wales,Australia,High School,RE-V5RC-25-2055,2025-11-09,50,15,35,15,35,false
893,4911X,SayHelloToMyLittleFriend,Robo-Tech Zone of Michiana,Dowagiac,Michigan,United States,High School,RE-V5RC-25-1606,2025-11-22,50,15,35,15,36,false
894,1815R,WCS CATaclysm - Refrigerator,WESTBURY CHRISTIAN SCHOOL,Houston,Texas,United States,High School,RE-V5RC-25-2263,2025-11-22,50,15,35,15,35,false
895,9065S,Phantom Robotics,PLATTE COUNTY HIGH,Platte City,Missouri,United States,High School,RE-V5RC-25-2161,2025-11-23,50,15,35,15,35,false
896,36421C,Holy Cross,HOLY CROSS DISTRICT HIGH SCHOOL,Covington,Kentucky,United States,High School,RE-V5RC-25-2148,2025-11-08,50,15,35,15,35,false
897,36548A,Reginald,Leroy High School,Leory,Alabama,United States,High School,RE-V5RC-25-2149,2025-11-19,50,15,35,15,35,false
898,32410G,67 Spheres and Gears,REDWATER HS,Redwater,Texas,United States,High School,RE-V5RC-25-2029,2025-11-21,50,15,35,15,35,false
899,19697X,X-Factor,Jordan High School,Katy,Texas,United States,High School,RE-V5RC-25-0209,2025-11-24,50,15,35,15,35,false
900,2750H,The Circuit Riders,MILLER GROVE SCHOOL,Cumby,Texas,United States,High School,RE-V5RC-25-2018,2025-11-08,50,1,49,15,49,false
901,6104M,Monsoon,Shorecrest Preparatory School,St Petersberg,Florida,United States,High School,RE-V5RC-25-1281,2025-11-01,50,15,35,15,35,false
902,17814V,Vortex,WESTON HIGH SCHOOL,Weston,Connecticut,United States,High School,RE-V5RC-25-2126,2025-11-22,50,15,35,15,35,false
903,9922Z,MonkeBots,BASIC ACADEMY OF INT'L STUDIES HIGH SCHOOL,Henderson,Nevada,United States,High School,RE-V5RC-25-3045,2025-11-22,50,15,35,15,35,false
904,33111C,RMC,Robot Mastery,Houston,Texas,United States,High School,RE-V5RC-25-2263,2025-11-22,50,0,50,12,50,false
905,4142C,Calamity,PEARL CITY HIGH SCHOOL,Pearl City,Hawaii,United States,High School,RE-V5RC-25-0675,2025-10-25,50,4,46,4,48,false
906,86X,BIBS Team X,Beijing International Bilingual School Haidian Academy,Beijing,Beijing,China,High School,RE-V5RC-25-0835,2025-08-14,50,1,49,1,49,false
907,26038S,Killer Frequency,JOHN MARSHALL HIGH SCHOOL,Glen Dale,West Virginia,United States,High School,RE-V5RC-25-0804,2025-11-01,50,0,50,0,50,false
908,96671C,Celestial,RED RIVER HIGH SCHOOL,Grand Forks,North Dakota,United States,High School,RE-V5RC-25-2140,2025-11-22,50,0,50,0,50,false
909,12906A,BLACKOUT,Salisbury East High School,Salisbury East,South Australia,Australia,High School,RE-V5RC-25-1660,2025-09-22,49,18,31,18,37,false
910,87867D,Dawnfire,AI & Robotics Academy LLC,Plano,Texas,United States,High School,RE-V5RC-25-1537,2025-11-15,49,16,33,16,33,false
911,6023F,Floccinaucinihilipilification,Stowe School,Buckingham,,United Kingdom,High School,RE-V5RC-25-9987,2025-10-16,49,15,34,15,34,false
912,3685A,Robobots,Waianae High School - Searider Robotics,Waianae,Hawaii,United States,High School,RE-V5RC-25-2405,2025-11-15,49,15,34,15,34,false
913,99751V,Greater Than Average,Colorado Early College Fort Collins,Fort Collins,Colorado,United States,High School,RE-V5RC-25-1210,2025-11-01,49,15,34,15,34,false
914,20W,Reseda Regents Robotics,Reseda High School,Reseda,California,United States,High School,RE-V5RC-25-0285,2025-11-15,49,15,34,15,34,false
915,9784B,Clankers (SW),TROY BUCHANAN HIGH,Troy,Missouri,United States,High School,RE-V5RC-25-1693,2025-11-08,49,11,38,11,38,false
916,5278B,Blackout,BROOKWOOD HIGH SCHOOL,Snellville,Georgia,United States,High School,RE-V5RC-25-1517,2025-11-01,49,0,49,11,49,false
917,29760S,Spectre,Shasta Charter Academy,Redding,California,United States,High School,RE-V5RC-25-1938,2025-11-15,49,5,44,5,44,false
918,9821C,Chain Reaction,EAST GRAND FORKS SENIOR HIGH,East Grand Forks,Minnesota,United States,High School,RE-V5RC-25-2140,2025-11-22,49,3,46,3,46,false
919,507D,507D,OTAY RANCH SENIOR HIGH,Chula Vista,California,United States,High School,RE-V5RC-25-0409,2025-10-18,49,3,46,3,46,false
920,5864C,CHICKEN ATTACK,Macau Baptist College,Macau,,Macau,High School,RE-V5RC-25-0576,2025-10-31,49,0,49,0,49,false
921,197F,Freakbob,Harriton Senior High School,Rosemont,Pennsylvania,United States,High School,RE-V5RC-25-0005,2025-11-15,49,0,49,0,49,false
922,43280C,El Zeusadores,Elkhorn North High School,Omaha,Nebraska,United States,High School,RE-V5RC-25-2882,2025-11-22,49,0,49,0,49,false
923,2486M,Eltynien,Ontario Private Team,Markham,Ontario,Canada,High School,RE-V5RC-25-0104,2025-11-01,48,20,28,20,28,false
924,76981A,fUSCion,University Senior College,Adelaide,South Australia,Australia,High School,RE-V5RC-25-2743,2025-10-27,48,20,28,20,32,false
925,13907G,ACTC G,AUTAUGA COUNTY TECHNOLOGY CENTER,Prattville,Alabama,United States,High School,RE-V5RC-25-0832,2025-11-08,48,20,28,20,29,false
926,76059A,Keene Chargers,KEENE HIGH SCHOOL,Keene,Texas,United States,High School,RE-V5RC-25-0044,2025-10-18,48,20,28,20,28,false
927,33269C,Ten Degrees,CARDIGAN MOUNTAIN SCHOOL,Canaan,New Hampshire,United States,High School,RE-V5RC-25-1847,2025-11-01,48,20,28,20,28,false
928,9142C,Clanker,CLAREMORE HIGH SCHOOL,Claremore,Oklahoma,United States,High School,RE-V5RC-25-2583,2025-11-22,48,20,28,20,28,false
929,9421W,Wicked Smaht,Framingham High School,Framingham,Massachusetts,United States,High School,RE-V5RC-25-0179,2025-11-22,48,18,30,18,30,false
930,63780B,Conductor We Have A Problem,LAKESIDE HIGH SCHOOL,Evans,Georgia,United States,High School,RE-V5RC-25-0874,2025-11-01,48,17,31,17,43,false
931,13722G,Magnus Turbius,The Frazer School,Gainesville,Florida,United States,High School,RE-V5RC-25-1563,2025-11-08,48,17,31,17,31,false
932,51401B,Robo Warriors,RIVERSIDE HIGH SCHOOL,Belle,West Virginia,United States,High School,RE-V5RC-25-1509,2025-11-20,48,16,32,16,32,false
933,2790E,The Electric Wires,Valparaiso High School,Valparaiso,Indiana,United States,High School,RE-V5RC-25-1982,2025-11-15,48,15,33,15,33,false
934,7983N,Centennial CyberHawks N,Centennial High School,Bakersfield,California,United States,High School,RE-V5RC-25-9939,2025-10-18,48,15,33,15,33,false
935,49637D,McFarland DOOM-Botics,Mcfarland High School,Mcfarland,California,United States,High School,RE-V5RC-25-9931,2025-10-25,48,15,33,15,33,false
936,597B,Robobusters Green,SCHOOL OF SCIENCE AND ENGINEERING,Dallas,Texas,United States,High School,RE-V5RC-25-1897,2025-11-08,48,15,33,15,34,false
937,44244N,Nox,Mukilteo Robotics,Mukilteo,Washington,United States,High School,RE-V5RC-25-2122,2025-11-22,48,15,33,15,33,false
938,18964N,Gear Up,Shanghai Starriver Bilingual School,Shanghai,Shanghai,China,High School,RE-V5RC-25-3593,2025-11-21,48,15,33,15,44,false
939,8448T,sparTan,MOUNTAIN BROOK HIGH SCHOOL,Mountain Brook,Alabama,United States,High School,RE-V5RC-25-2149,2025-11-19,48,15,33,15,37,false
940,6978F,AWG,Highland High School,Marengo,Ohio,United States,High School,RE-V5RC-25-1956,2025-11-08,48,15,33,15,33,false
941,63031A,Rust-eze,Vallivue High School,Caldwell,Idaho,United States,High School,RE-V5RC-25-2517,2025-11-22,48,13,35,13,35,false
942,599X,Robodox X,GRANADA HILLS CHARTER,Granada Hills,California,United States,High School,RE-V5RC-25-0285,2025-11-15,48,1,47,1,47,false
943,78808A,乘风破浪队,北京理工大学附属中学,北京,Beijing,China,High School,RE-V5RC-25-0835,2025-08-14,48,0,48,0,48,false
944,32023A,UWCSEA East 1,UWCSEA East,Singapore,,Singapore,High School,RE-V5RC-25-0371,2025-11-01,48,0,48,0,48,false
945,666A,SRobotA,Xian Gaoxin No.1 High School,Xi'an,Shaanxi,China,High School,RE-V5RC-25-3498,2025-11-07,48,0,48,0,48,false
946,4588C,Crimson,BELTON NEW TECH HIGH SCHOOL AT WASKOW,Belton,Texas,United States,High School,RE-V5RC-25-2066,2025-11-08,48,0,48,0,48,false
947,991S,BearBots - Sourdough!,HARPETH HALL SCHOOL,Nashville,Tennessee,United States,High School,RE-V5RC-25-0153,2025-11-14,47,20,27,20,30,false
948,5156G,Bagel Bytes,York High School,York,Maine,United States,High School,RE-V5RC-25-9998,2025-11-15,47,20,27,20,28,false
949,98548M,Overkill,Bear River High School,Garland,Utah,United States,High School,RE-V5RC-25-0581,2025-11-08,47,20,27,20,27,false
950,3536X,Zipties and Ductape,NORTH FORSYTH HIGH SCHOOL,Cumming,Georgia,United States,High School,RE-V5RC-25-0874,2025-11-01,47,20,27,20,29,false
951,65892J,The Rams,GLENWOOD SENIOR HIGH SCHOOL,Glenwood,Iowa,United States,High School,RE-V5RC-25-0046,2025-11-15,47,19,28,19,28,false
952,84899D,Ibex,Radley College,Abingdon,,United Kingdom,High School,RE-V5RC-25-2142,2025-11-16,47,16,31,16,45,false
953,35075B,[BHr] Belmont Hill Robotics,BELMONT HILL SCHOOL,Belmont,Massachusetts,United States,High School,RE-V5RC-25-9941,2025-10-16,47,15,32,15,32,false
954,2269A,TECHNOEAGLES,Colegio Santa Gema,Carolina,,Puerto Rico,High School,RE-V5RC-25-0269,2025-08-23,47,15,32,15,32,false
955,283K,Kavemen,WHITE PINE HIGH SCHOOL,Ely,Nevada,United States,High School,RE-V5RC-25-0581,2025-11-08,47,15,32,15,32,false
956,68561E,Burnout,WEST HOLMES HIGH SCHOOL,Millersburg,Ohio,United States,High School,RE-V5RC-25-9961,2025-11-15,47,15,32,15,32,false
957,13205B,Infrared,STEM SCHOOL CHATTANOOGA,Chattanooga,Tennessee,United States,High School,RE-V5RC-25-0260,2025-11-22,47,15,32,15,32,false
958,91915C,Cube,HAWKEN SCHOOL,Gates Mills,Ohio,United States,High School,RE-V5RC-25-0882,2025-11-22,47,15,32,15,32,false
959,43146C,C-Dawgs,ALFRED M. BARBE HIGH SCHOOL,Lake Charles,Louisiana,United States,High School,RE-V5RC-25-1502,2025-09-25,47,5,42,5,42,false
960,392X,SpeedZappers,SpeedZappers,San Jose,California,United States,High School,RE-V5RC-25-1472,2025-10-25,47,0,47,2,47,false
961,77732A,MSLR ROBOTICS,MSLR Robotics,St. John ,Indiana,United States,High School,RE-V5RC-25-1214,2025-11-01,47,1,46,1,46,false
962,62629K,Iron Patriots:  K-otic,WHEELING PARK HIGH SCHOOL,Wheeling,West Virginia,United States,High School,RE-V5RC-25-0804,2025-11-01,47,0,47,0,47,false
963,80697A,骁瑞战队,杭州市慧澜中学,杭州,Zhejiang,China,High School,RE-V5RC-25-0863,2025-08-22,47,0,47,0,47,false
964,6008R,Ruin,NORTH UNION HIGH SCHOOL,Richwood,Ohio,United States,High School,RE-V5RC-25-0167,2025-10-25,47,0,47,0,47,false
965,89250Z,Zipties,PINECREST NORTH PREPARATORY (FONTAINEBLEAU CAMPUS),Miami,Florida,United States,High School,RE-V5RC-25-1986,2025-11-08,47,0,47,0,47,false
966,7862W,DNR,Hesston High School,Hesston,Kansas,United States,High School,RE-V5RC-25-0608,2025-10-25,46,26,20,26,20,false
967,3477A,Delta 07,St Andrews Christian College,Wantirna South,Victoria,Australia,High School,RE-V5RC-25-0034,2025-11-15,46,23,23,23,23,false
968,9019H,Hammerheads,ROOSEVELT HIGH SCHOOL,Johnstown,Colorado,United States,High School,RE-V5RC-25-1628,2025-11-22,46,20,26,21,26,false
969,2496Y,Beckman Robotics Yellowish,Arnold O. Beckman High School,Irvine,California,United States,High School,RE-V5RC-25-1388,2025-10-25,46,20,26,20,26,false
970,77786S,Skunk Works,BRIDGELAND HIGH SCHOOL,Cypress,Texas,United States,High School,RE-V5RC-25-1084,2025-10-16,46,20,26,20,29,false
971,355T,Thunderbirds,Fox Valley Robotics,Batavia,Illinois,United States,High School,RE-V5RC-25-0275,2025-11-01,46,20,26,20,26,false
972,8151G,Abolish G3,Grand Island Senior High School,Grand Island,Nebraska,United States,High School,RE-V5RC-25-2882,2025-11-22,46,20,26,20,26,false
973,3223A,Fireball,WEST MICHIGAN AVIATION ACADEMY,Grand Rapids,Michigan,United States,High School,RE-V5RC-25-1383,2025-10-06,46,18,28,18,28,false
974,3303J,Robolabs Juno,Dublin Robotics Club,Dublin,California,United States,High School,RE-V5RC-25-0622,2025-09-06,46,16,30,16,30,false
975,8000C,Chain Reaction,HEAD ROYCE SCHOOL,Oakland,California,United States,High School,RE-V5RC-25-1460,2025-11-08,46,15,31,15,31,false
976,99212G,Ursa Major G,Coe-Brown Northwood Academy,Northwood,New Hampshire,United States,High School,RE-V5RC-25-2145,2025-10-25,46,15,31,15,31,false
977,46131P,Goblin gang,Barker College,Sydney,New South Wales,Australia,High School,RE-V5RC-25-2055,2025-11-09,46,15,31,15,31,false
978,21510W,Wistickle Wizards,BLUE RIDGE HIGH,Greer,South Carolina,United States,High School,RE-V5RC-25-0045,2025-11-15,46,15,31,15,31,false
979,359B,Hawaiian Kids,WAIALUA HIGH & INTERMEDIATE SCHOOL,Waialua,Hawaii,United States,High School,RE-V5RC-25-2405,2025-11-15,46,0,46,15,46,false
980,98601A,Aegis (Troy),TROY HIGH NJROTC,Fullerton,California,United States,High School,RE-V5RC-25-1212,2025-11-15,46,15,31,15,31,false
981,77275C,Ctrl-Alt-Defeat,Spark Academy,Manchester,New Hampshire,United States,High School,RE-V5RC-25-1847,2025-11-01,46,15,31,15,31,false
982,9050F,Gladiators,GROTON AREA HIGH SCHOOL,Groton,South Dakota,United States,High School,RE-V5RC-25-0610,2025-10-25,46,15,31,15,31,false
983,20541D,Waffle Turtles Seniors,TAHLEQUAH HIGH SCHOOL,Tahlequah,Oklahoma,United States,High School,RE-V5RC-25-1416,2025-11-13,46,15,31,15,31,false
984,56448A,Apollo,Hartselle High School,Hartselle,Alabama,United States,High School,RE-V5RC-25-2149,2025-11-19,46,15,31,15,31,false
985,8331A,Beijing Jiaotong-1交大附中,The High School Attached to Beijing Jiaotong University,Beijing,Beijing,China,High School,RE-V5RC-25-0642,2025-07-29,46,6,40,6,40,false
986,84841X,84841X,HANGZHOU XUEJUN HIGH SCHOOL,Hangzhou,Zhejiang,China,High School,RE-V5RC-25-1749,2025-10-24,46,5,41,5,41,false
987,6978Y,Yellow Jackets,Highland High School,Marengo,Ohio,United States,High School,RE-V5RC-25-1956,2025-11-08,46,0,46,4,46,false
988,32410X,Gilbert,REDWATER HS,Redwater,Texas,United States,High School,RE-V5RC-25-2029,2025-11-21,46,4,42,4,42,false
989,4610C,Bent C-channel: Robot Rev,Robot Revolution,Summit,New Jersey,United States,High School,RE-V5RC-25-9997,2025-09-12,46,0,46,0,46,false
990,88909X,Parallelogram,INOBOTICS,mountain View,California,United States,High School,RE-V5RC-25-0122,2025-11-02,46,0,46,0,46,false
991,2252V,CIMATEC,CIMATEC,Caguas,,Puerto Rico,High School,RE-V5RC-25-0269,2025-08-23,46,0,46,0,46,false
992,1418A,constant Robert A,Wuhan Britsh-China School,Wuhan,Hubei,China,High School,RE-V5RC-25-3593,2025-11-21,46,0,46,0,46,false
993,23083Y,Anaxagoras,臺北市私立薇閣高級中學,台北市,,Taiwan,High School,RE-V5RC-25-0321,2025-10-26,45,29,16,29,16,false
994,24751A,GreenAms Robotics Team,Hanoi Amsterdam High School for the Gifted,Hanoi,,Vietnam,High School,RE-V5RC-25-2890,2025-11-01,45,24,21,24,37,false
995,71080V,volTRan Robotics,Pertevniyal lisesi,İstanbul,,Türkiye,High School,RE-V5RC-25-3455,2025-11-22,45,24,21,24,21,false
996,11777Y,Scary Henry,NAMPA CHRISTIAN SCHOOLS,Nampa,Idaho,United States,High School,RE-V5RC-25-1841,2025-10-24,45,20,25,20,27,false
997,248B,RoboDawgs: Travesty,Grandville Robotics,Grandville,Michigan,United States,High School,RE-V5RC-25-1441,2025-11-08,45,20,25,20,25,false
998,3116D,Team Control Freaks DJ^2,The John Warner School,Hoddesdon,,United Kingdom,High School,RE-V5RC-25-0096,2025-10-11,45,20,25,20,25,false
999,84443M,Artemis,RICE LAKE HIGH,Rice Lake,Wisconsin,United States,High School,RE-V5RC-25-1389,2025-11-12,45,20,25,20,25,false
1000,663J,JellyBotz,CHATTANOOGA CHRISTIAN SCHOOL,Chattanooga,Tennessee,United States,High School,RE-V5RC-25-0432,2025-11-08,45,15,30,20,30,false
1001,67147X,Dog!,Robot Club,Valley Center,Kansas,United States,High School,RE-V5RC-25-2161,2025-11-23,45,20,25,20,25,false
1002,99751D,Ticklesworth,Colorado Early College Fort Collins,Fort Collins,Colorado,United States,High School,RE-V5RC-25-1628,2025-11-22,45,20,25,20,25,false
1003,37358A,Khaos,KEARNY COLLEGE CONNECTIONS,San Diego,California,United States,High School,RE-V5RC-25-0326,2025-11-05,45,20,25,20,27,false
1004,12223G,Thunderbirds,Pembroke School,Kensington Gardens,South Australia,Australia,High School,RE-V5RC-25-1660,2025-09-22,45,20,25,20,25,false
1005,2567R,Porta-Botz!-JROTC Marines,PORTAGE HIGH SCHOOL,Portage,Indiana,United States,High School,RE-V5RC-25-1856,2025-11-08,45,20,25,20,25,false
1006,90385B,Pumas: Orange,UPREP,Seattle,Washington,United States,High School,RE-V5RC-25-0966,2025-11-15,45,20,25,20,25,false
1007,4326P,(PPP),ELKHORN SOUTH HIGH SCHOOL,Omaha,Nebraska,United States,High School,RE-V5RC-25-2882,2025-11-22,45,20,25,20,25,false
1008,31102B,Rusty Wrenches,Louisiana Christian Univesity,Pineville,Louisiana,United States,High School,RE-V5RC-25-1988,2025-11-20,45,15,30,15,30,false
1009,3536C,Critical Mass,North Forsyth High School,Cumming,Georgia,United States,High School,RE-V5RC-25-0874,2025-11-01,45,15,30,15,30,false
1010,55301A,Traffic Guardians,UNITED SOUTH CENTRAL HIGH SCHOOL,Wells,Minnesota,United States,High School,RE-V5RC-25-9919,2025-11-15,45,15,30,15,30,false
1011,66086K,The Discombobulators,Basehor-linwood High School,Basehor,Kansas,United States,High School,RE-V5RC-25-2161,2025-11-23,45,15,30,15,30,false
1012,5069W,Wake Up,Millard North High School,Omaha,Nebraska,United States,High School,RE-V5RC-25-2882,2025-11-22,45,15,30,15,30,false
1013,11591Z,Mirage,PLAINWELL HIGH SCHOOL,Plainwell,Michigan,United States,High School,RE-V5RC-25-1441,2025-11-08,45,15,30,15,30,false
1014,929V,Hereford Zone Robotics,Hereford High School,Parkton,Maryland,United States,High School,RE-V5RC-25-1465,2025-11-15,45,15,30,15,30,false
1015,7135Z,Loyola Robotics - Z,Loyola Blakefield,Towson,Maryland,United States,High School,RE-V5RC-25-1363,2025-11-22,45,15,30,15,30,false
1016,1616X,Flappy Bird,Don Tyson School of Innovation,Springdale,Arkansas,United States,High School,RE-V5RC-25-0190,2025-11-08,45,15,30,15,30,false
1017,2567V,Porta-Botz!-Venom,PORTAGE HIGH SCHOOL,Portage,Indiana,United States,High School,RE-V5RC-25-1810,2025-11-15,45,0,45,15,45,false
1018,550T,Tickle Monster,APOPKA HIGH,Apopka,Florida,United States,High School,RE-V5RC-25-1870,2025-10-11,45,15,30,15,30,false
1019,1439P,Proletarians,Proletarians,San Jose,California,United States,High School,RE-V5RC-25-0112,2025-09-14,45,15,30,15,30,false
1020,61973C,Fire Hazard,WIDEFIELD HIGH SCHOOL,Colorado Springs,Colorado,United States,High School,RE-V5RC-25-1053,2025-10-18,45,15,30,15,30,false
1021,4873S,Safety Not Guaranteed,Seckinger High School,Buford,Georgia,United States,High School,RE-V5RC-25-1517,2025-11-01,45,15,30,15,30,false
1022,9909H,H Team,MIDDLETOWN HIGH SCHOOL,Middletown,Connecticut,United States,High School,RE-V5RC-25-2126,2025-11-22,45,15,30,15,30,false
1023,17814Y,Why Not?,WESTON HIGH SCHOOL,Weston,Connecticut,United States,High School,RE-V5RC-25-2126,2025-11-22,45,15,30,15,30,false
1024,6844C,T.A.R.S.,MITCHELL MIDDLE SCHOOL - 02,Mitchell,South Dakota,United States,High School,RE-V5RC-25-0630,2025-11-22,45,15,30,15,30,false
1025,10836G,Flying Dodos,Robostorm,Vancouver,British Columbia,Canada,High School,RE-V5RC-25-2529,2025-11-22,45,8,37,8,37,false
1026,295S,Search and Rescue,Placer Robotics (PART),Roseville,California,United States,High School,RE-V5RC-25-0122,2025-11-02,45,7,38,7,38,false
1027,1585Z,Blitz,SULPHUR SPRINGS HIGH SCHOOL,Sulphur Springs,Texas,United States,High School,RE-V5RC-25-9995,2025-11-15,45,4,41,4,41,false
1028,1585X,J.A.N.D.O.E.,SULPHUR SPRINGS HIGH SCHOOL,Sulphur Springs,Texas,United States,High School,RE-V5RC-25-1603,2025-11-01,45,4,41,4,41,false
1029,20901C,清郑高中部二队,清华附中郑州学校,Zhengzhou,Henan,China,High School,RE-V5RC-25-3498,2025-11-07,45,3,42,3,42,false
1030,295R,PART R,Placer Robotics (PART),Roseville,California,United States,High School,RE-V5RC-25-9933,2025-09-26,45,1,44,1,44,false
1031,2771X,《XR》,Unknown Robotics,Cumming,Georgia,United States,High School,RE-V5RC-25-0153,2025-11-14,45,1,44,1,44,false
1032,39599B,FarmBots,WINTERS HIGH,Winters,California,United States,High School,RE-V5RC-25-0122,2025-11-02,45,0,45,0,45,false
1033,96498F,Copperfield Crusty Pickle,Copperfield College,Delahey,Victoria,Australia,High School,RE-V5RC-25-0034,2025-11-15,45,0,45,0,45,false
1034,39792C,Charlie Aviators,ACADEMY FOR INNOVATIVE EDUCATION CHARTER SCHOOL,Miami Springs,Florida,United States,High School,RE-V5RC-25-1165,2025-10-19,45,0,45,0,45,false
1035,88899A,苏州市姑苏区青少年宫A队,苏州市姑苏区青少年宫,苏州,Jiangsu,China,High School,RE-V5RC-25-1749,2025-10-24,45,0,45,0,45,false
1036,16889X,Dead weight Loss,Garage Team,Menlo Park,California,United States,High School,RE-V5RC-25-1473,2025-11-15,45,0,45,0,45,false
1037,6403A,Crash,Brookside High School,Sheffield Village,Ohio,United States,High School,RE-V5RC-25-0882,2025-11-22,45,0,45,0,45,false
1038,1779X,X-DREAM,Intebot Institute,Tiburon,California,United States,High School,RE-V5RC-25-0209,2025-11-24,45,0,45,0,45,false
1039,94132B,Lowell Robotics,LOWELL HIGH,San Francisco,California,United States,High School,RE-V5RC-25-1473,2025-11-15,44,20,24,20,24,false
1040,19191M,Reno High Military Science,RENO HIGH SCHOOL,Reno,Nevada,United States,High School,RE-V5RC-25-2432,2025-11-22,44,20,24,20,25,false
1041,3708E,Shark,Victoria Shanghai Academy,Hong Kong,,Hong Kong,High School,RE-V5RC-25-2645,2025-11-07,44,20,24,20,24,false
1042,550F,Footlong,APOPKA HIGH,Apopka,Florida,United States,High School,RE-V5RC-25-2382,2025-11-15,44,20,24,20,24,false
1043,8995R,Raiders,Metea Valley High School,Aurora,Illinois,United States,High School,RE-V5RC-25-1995,2025-11-08,44,15,29,15,29,false
1044,8823D,Doppelgänger ,Milford Robotics Club,Milford,Ohio,United States,High School,RE-V5RC-25-0094,2025-11-21,44,15,29,15,29,false
1045,56721K,Risk,RIVERSIDE CHRISTIAN SCHOOL,East Grand Forks,Minnesota,United States,High School,RE-V5RC-25-2140,2025-11-22,44,15,29,15,29,false
1046,85227A,Grandview Robotics,GRANDVIEW HIGH SCHOOL,Aurora,Colorado,United States,High School,RE-V5RC-25-1053,2025-10-18,44,15,29,15,29,false
1047,7701Y,Y-FI,ZIONSVILLE COMMUNITY HIGH SCHOOL,Zionsville,Indiana,United States,High School,RE-V5RC-25-1512,2025-11-22,44,15,29,15,29,false
1048,9776D,Project Delta,RIGBY HIGH SCHOOL,Rigby,Idaho,United States,High School,RE-V5RC-25-0581,2025-11-08,44,15,29,15,29,false
1049,7619W,Steven Incorporated,HIGHLAND HIGH,Bakersfield,California,United States,High School,RE-V5RC-25-9931,2025-10-25,44,15,29,15,29,false
1050,71881Z,Better Call Bot,CAPITAL HIGH SCHOOL,Charleston,West Virginia,United States,High School,RE-V5RC-25-1508,2025-10-09,44,15,29,15,39,false
1051,63379A,Mech Masters,Letendre Family,Troy ,Missouri,United States,High School,RE-V5RC-25-0963,2025-10-18,44,15,29,15,30,false
1052,41618H,Hermes,CAMDEN CATHOLIC HIGH SCHOOL,Cherry Hill,New Jersey,United States,High School,RE-V5RC-25-1836,2025-10-25,44,12,32,12,32,false
1053,3796D,Dinoco,J. L. MANN HIGH ACADEMY,Greenville,South Carolina,United States,High School,RE-V5RC-25-0045,2025-11-15,44,6,38,6,38,false
1054,43779Z,Shenandoah High Institute of Technology,SHENANDOAH HIGH SCHOOL,Sarahsville,Ohio,United States,High School,RE-V5RC-25-9961,2025-11-15,44,0,44,0,44,false
1055,8047G,GSI Robotics,GSI Robotics,San Juan de Los Lagos,Jalisco,Mexico,High School,RE-V5RC-25-0637,2025-11-26,44,0,44,0,44,false
1056,34543M,Mechannibalism,Top Tier Robotics,Plymouth,Indiana,United States,High School,RE-V5RC-25-1769,2025-10-25,44,0,44,0,44,false
1057,85829A,Rovers,Rovers Robotics,Palmerston North,Manawatu-Wanganui,New Zealand,High School,RE-V5RC-25-0309,2025-11-01,44,0,44,0,44,false
1058,4148B,That Team,Greenville High School,Greenville,Texas,United States,High School,RE-V5RC-25-9995,2025-11-15,44,0,44,0,44,false
1059,2337C,EngiduCks,GRAND BLANC COMMUNITY HIGH SCHOOL,Grand Blanc,Michigan,United States,High School,RE-V5RC-25-0381,2025-11-22,44,0,44,0,44,false
1060,50922S,LSTS VERTEX,Lawrence S.Ting School,Ho Chi Minh City,,Vietnam,High School,RE-V5RC-25-1400,2025-11-22,44,0,44,0,44,false
1061,93333C,新哲文院机器人社团,新哲文院ROBOT CLUB,深圳,Guangdong,China,High School,RE-V5RC-25-3593,2025-11-21,43,43,0,43,0,false
1062,6978M,The Misfits!,Highland High School,Marengo,Ohio,United States,High School,RE-V5RC-25-1956,2025-11-08,43,20,23,20,23,false
1063,6546H,One Degree North,Singapore American School,Singapore,,Singapore,High School,RE-V5RC-25-0371,2025-11-01,43,20,23,20,24,false
1064,36963B,Robo Rangers,SOUTH GRAND PRAIRIE HIGH SCHOOL,Grand Prairie,Texas,United States,High School,RE-V5RC-25-0326,2025-11-05,43,20,23,20,23,false
1065,36620C,Return to Sender,UNITY CHRISTIAN HIGH SCHOOL,Hudsonville,Michigan,United States,High School,RE-V5RC-25-1441,2025-11-08,43,16,27,16,27,false
1066,8823Z,Zoom Call,Milford Robotics,Milford,Ohio,United States,High School,RE-V5RC-25-9926,2025-07-31,43,15,28,15,28,false
1067,1551X,RedOut Robotics,Suncoast Polytechnical High School,Sarasota,Florida,United States,High School,RE-V5RC-25-9926,2025-07-31,43,15,28,15,28,false
1068,99402A,Apex,THE ACADEMIES AT JONESBORO HIGH SCHOOL,Jonesboro,Arkansas,United States,High School,RE-V5RC-25-1447,2025-11-08,43,15,28,15,28,false
1069,14153M,HiveMind,HINSDALE SOUTH HIGH SCHOOL,Darien,Illinois,United States,High School,RE-V5RC-25-1995,2025-11-08,43,15,28,15,28,false
1070,84075X,Vampire Slayers,SYRACUSE HIGH,Syracuse,Utah,United States,High School,RE-V5RC-25-1483,2025-11-15,43,15,28,15,28,false
1071,9210Z,:),SAUK RAPIDS-RICE SENIOR HIGH,Sauk Rapids,Minnesota,United States,High School,RE-V5RC-25-9984,2025-11-22,43,15,28,15,28,false
1072,1010E,TenTon Robotics,West Vancouver School District #45,West Vancouver,British Columbia,Canada,High School,RE-V5RC-25-2529,2025-11-22,43,15,28,15,28,false
1073,1764R,Ravenous Bugblatter Beasts,Yarmouth High School,Yarmouth,Maine,United States,High School,RE-V5RC-25-9998,2025-11-15,43,15,28,15,28,false
1074,8373M,MHP Smoking Motors,MADISON HIGHLAND PREP,Phoenix,Arizona,United States,High School,RE-V5RC-25-9955,2025-10-18,43,0,43,15,43,false
1075,7282V,AutoFlashes: Velocity,Franklin Central High School,Indianapolis,Indiana,United States,High School,RE-V5RC-25-0744,2025-11-15,43,15,28,15,28,false
1076,94S,Seahawks,COMMUNITY SCHOOL OF NAPLES,Naples,Florida,United States,High School,RE-V5RC-25-1547,2025-10-03,43,15,28,15,28,false
1077,99040Z,Current Control,VESTAVIA HILLS HIGH SCHOOL,Vestavia Hills,Alabama,United States,High School,RE-V5RC-25-0906,2025-11-01,43,15,28,15,28,false
1078,2323V,Voxels,WEBER INNOVATION HIGH SCHOOL,Ogden,Utah,United States,High School,RE-V5RC-25-1483,2025-11-15,43,5,38,5,38,false
1079,12Z,Zap,The Potomac School,Mclean,Virginia,United States,High School,RE-V5RC-25-0494,2025-11-15,43,5,38,5,38,false
1080,2558A,Floppy Fish,Private,Naperville,Illinois,United States,High School,RE-V5RC-25-1647,2025-11-16,43,5,38,5,38,false
1081,666X,SRobotX,Xian Gaoxin No.1 High School,Xi'an,Shaanxi,China,High School,RE-V5RC-25-0374,2025-07-17,43,3,40,3,40,false
1082,97230F,BotGoBrrr,Highvale Secondary College,Glen Waverley,Victoria,Australia,High School,RE-V5RC-25-0032,2025-10-18,43,1,42,1,42,false
1083,36620H,jim,UNITY CHRISTIAN HIGH SCHOOL,Hudsonville,Michigan,United States,High School,RE-V5RC-25-1441,2025-11-08,43,0,43,0,43,false
1084,83280X,CHAØS,LANGHAM CREEK HIGH SCHOOL,Houston,Texas,United States,High School,RE-V5RC-25-1618,2025-11-12,43,0,43,0,43,false
1085,16329A,vagabond,CYPRESS RIDGE HIGH SCHOOL,Houston,Texas,United States,High School,RE-V5RC-25-1618,2025-11-12,43,0,43,0,43,false
1086,54666B,XIAN TIEYI HS & GAOXIN NO.1 HS,XIAN TIEYI HS & XIAN GAOXIN NO.1 HS,Xian,Shaanxi,China,High School,RE-V5RC-25-3772,2025-11-14,43,0,43,0,43,false
1087,2971B,Bromine,NORTHWESTERN HIGH SCHOOL,West Salem,Ohio,United States,High School,RE-V5RC-25-9961,2025-11-15,43,0,43,0,43,false
1088,20360A,Pegasus @SHSSIP,suzhou high school SIP,Suzhou,Jiangsu,China,High School,RE-V5RC-25-0835,2025-08-14,42,42,0,42,35,false
1089,6008P,Pixel,NORTH UNION HIGH SCHOOL,Richwood,Ohio,United States,High School,RE-V5RC-25-9926,2025-07-31,42,20,22,20,42,false
1090,32092H,Nautilus,Stargate Charter School,Thornton,Colorado,United States,High School,RE-V5RC-25-1573,2025-10-25,42,20,22,20,28,false
1091,10053B,seb,Sebtronics,Calgary,Alberta,Canada,High School,RE-V5RC-25-1906,2025-11-22,42,17,25,17,25,false
1092,96950A,Flamin' Bots,Marianas High School JROTC,Saipan,,Northern Mariana Islands,High School,RE-V5RC-25-0324,2025-09-10,42,16,26,16,27,false
1093,7225C,Frogbots: Reimagined,Southland High School,Adams,Minnesota,United States,High School,RE-V5RC-25-9926,2025-07-31,42,15,27,15,27,false
1094,4454C,Crash and Burn,Timothy Christian High School,Elmhurst,Illinois,United States,High School,RE-V5RC-25-1995,2025-11-08,42,15,27,15,27,false
1095,33705A,★★★★★ Loading...,Coleman Youth Development Academy,Lake Charles,Louisiana,United States,High School,RE-V5RC-25-0477,2025-11-22,42,15,27,15,33,false
1096,31344B,Derivatives,Bishop Brossart High School,Alexandria,Kentucky,United States,High School,RE-V5RC-25-2148,2025-11-08,42,15,27,15,27,false
1097,28407B,Double Entendre,SILOAM SPRINGS HIGH SCHOOL CONVERSION CHARTER,Siloam Springs,Arkansas,United States,High School,RE-V5RC-25-0682,2025-10-25,42,15,27,15,27,false
1098,248A,RoboDawgs: Atrocious,Grandville Robotics,Grandville,Michigan,United States,High School,RE-V5RC-25-1441,2025-11-08,42,15,27,15,27,false
1099,23083Z,Reaper,臺北市私立薇閣高級中學,台北市,,Taiwan,High School,RE-V5RC-25-0321,2025-10-26,42,15,27,15,27,false
1100,39110E,EF-4,Germantown High School,Madison,Mississippi,United States,High School,RE-V5RC-25-1106,2025-11-08,42,15,27,15,27,false
1101,44244C,Chattahoochee Chippers,Mukilteo Robotics,Mukilteo,Washington,United States,High School,RE-V5RC-25-2122,2025-11-22,42,15,27,15,27,false
1102,92973B,SlipGear,Cape Cod Tech,Harwich,Massachusetts,United States,High School,RE-V5RC-25-0347,2025-10-23,42,0,42,15,42,false
1103,8301E,Infinite Monkey Theorem,SAN YSIDRO HIGH,San Diego,California,United States,High School,RE-V5RC-25-1026,2025-11-15,42,15,27,15,28,false
1104,63180A,BCCC Senior (63180A),Blakes Crossing Christian College,Blakeview,South Australia,Australia,High School,RE-V5RC-25-1700,2025-11-10,42,15,27,15,27,false
1105,4478V,Voltage,MASUK HIGH SCHOOL,Monroe,Connecticut,United States,High School,RE-V5RC-25-0126,2025-11-08,42,15,27,15,27,false
1106,4478W,Wall-E,MASUK HIGH SCHOOL,Monroe,Connecticut,United States,High School,RE-V5RC-25-0126,2025-11-08,42,15,27,15,29,false
1107,3134A,Robolabs Apollo,Robolabs,Dublin,California,United States,High School,RE-V5RC-25-1019,2025-10-04,42,15,27,15,27,false
1108,36867C,ATJ,Central High School,Phenix City,Alabama,United States,High School,RE-V5RC-25-2138,2025-11-08,42,15,27,15,27,false
1109,17917K,Kiwirun,Franklin Community School Corporation,Franklin,Indiana,United States,High School,RE-V5RC-25-1512,2025-11-22,42,15,27,15,27,false
1110,78780B,Helios,PINECREST ACADEMY OF NEVADA CADENCE,Henderson,Nevada,United States,High School,RE-V5RC-25-3045,2025-11-22,42,15,27,15,27,false
1111,4393A,Noot Noot Robotics,ME SCH OF SCIENCE & MATHEMATICS,Limestone,Maine,United States,High School,RE-V5RC-25-9941,2025-10-16,42,12,30,12,30,false
1112,74947N,Fenix - Nightmare,Ecole Secondaire Massey-Vanier,Cowansville,Quebec,Canada,High School,RE-V5RC-25-9941,2025-10-16,42,9,33,9,33,false
1113,11107X,MACHINIST,Cheng Du ShuDe High School,Chengdu,Sichuan,China,High School,RE-V5RC-25-0863,2025-08-22,42,6,36,6,36,false
1114,20901D,清郑高中部一队,清华附中郑州学校,Zhengzhou,Henan,China,High School,RE-V5RC-25-3498,2025-11-07,42,5,37,5,37,false
1115,21316A,Goofy Goobers,Goofy Goobers,Fremont,California,United States,High School,RE-V5RC-25-1473,2025-11-15,42,0,42,0,42,false
1116,97779X,St Andrews College,St Andrew’s College,Aurora,Ontario,Canada,High School,RE-V5RC-25-0071,2025-11-04,42,0,42,0,42,false
1117,20131A,That's It I'M Done,PUTNAM CITY HIGH SCHOOL,Oklahoma City,Oklahoma,United States,High School,RE-V5RC-25-1919,2025-11-15,42,0,42,0,42,false
1118,41999C,Living Wrod Shanghai SRCC Robot Club,Living Word Shanghai,上海,Shanghai,China,High School,RE-V5RC-25-3593,2025-11-21,42,0,42,0,42,false
1119,78889S,SuperCharged,KILLINGLY HIGH SCHOOL,Killingly,Connecticut,United States,High School,RE-V5RC-25-2126,2025-11-22,42,0,42,0,42,false
1120,98548T,Titanium,Bear River High School,Garland,Utah,United States,High School,RE-V5RC-25-1483,2025-11-15,41,20,21,20,24,false
1121,36422A,Phoenix Valkyrie Robotics,Phoenix Valkyrie Robotics ,Timonium,Maryland,United States,High School,RE-V5RC-25-0289,2025-10-25,41,15,26,19,26,false
1122,1718W,The Bikini Botters,MONTGOMERY HIGH SCHOOL,Montgomery,Texas,United States,High School,RE-V5RC-25-2263,2025-11-22,41,15,26,15,26,false
1123,1831N,King's Team November,The King's School,North Parramatta,New South Wales,Australia,High School,RE-V5RC-25-2055,2025-11-09,41,15,26,15,26,false
1124,9080S,Rebellious Misfits,SOUTH HAGERSTOWN HIGH,Hagerstown,Maryland,United States,High School,RE-V5RC-25-1363,2025-11-22,41,15,26,15,26,false
1125,1893A,Baltimore Polytechnic Institute,BALTIMORE POLYTECHNIC INSTITUTE,Baltimore,Maryland,United States,High School,RE-V5RC-25-0892,2025-10-25,41,15,26,15,26,false
1126,8385W,Bullseye,UNION HIGH,Roosevelt,Utah,United States,High School,RE-V5RC-25-0782,2025-10-18,41,15,26,15,31,false
1127,16334A,CrossBots,CROSSPOINTE PREPARATORY,Searcy,Arkansas,United States,High School,RE-V5RC-25-0134,2025-11-15,41,15,26,15,26,false
1128,51617Z,OCP,ROSE BUD HIGH SCHOOL,Rose Bud,Arkansas,United States,High School,RE-V5RC-25-1823,2025-11-22,41,15,26,15,26,false
1129,55211A,40% Luck,Investigator College,Victor Harbor,South Australia,Australia,High School,RE-V5RC-25-9952,2025-09-05,41,15,26,15,26,false
1130,5150F,Mad Hatters - Freaky,DANBURY HIGH SCHOOL,Danbury,Connecticut,United States,High School,RE-V5RC-25-0177,2025-10-25,41,15,26,15,26,false
1131,53A,Area 53 Alien Raiders,Greenbelt Robotics Team,Greenbelt,Maryland,United States,High School,RE-V5RC-25-0506,2025-11-08,41,15,26,15,26,false
1132,8609S,Atlas,Lorain Titans Robotics - High School,Lorain,Ohio,United States,High School,RE-V5RC-25-0167,2025-10-25,41,15,26,15,26,false
1133,5686W,Wyverns,Mazama High School,Klamath Falls,Oregon,United States,High School,RE-V5RC-25-1154,2025-11-01,41,15,26,15,26,false
1134,33112G,Robo Rangers - Malibu Barbies,CONCORDIA LUTHERAN HIGH SCHOOL,Ft Wayne,Indiana,United States,High School,RE-V5RC-25-0326,2025-11-05,41,15,26,15,26,false
1135,94Z,The LegaZ’s,COMMUNITY SCHOOL OF NAPLES,Naples,Florida,United States,High School,RE-V5RC-25-1547,2025-10-03,41,15,26,15,26,false
1136,36867D,Pink Lemonade,Central High School,Phenix City,Alabama,United States,High School,RE-V5RC-25-1645,2025-10-25,41,15,26,15,26,false
1137,6546A,One Degree North,Singapore American School,Singapore,,Singapore,High School,RE-V5RC-25-0371,2025-11-01,41,15,26,15,26,false
1138,9545T,Terror,ROLAND HIGH SCHOOL,Roland,Oklahoma,United States,High School,RE-V5RC-25-1416,2025-11-13,41,15,26,15,26,false
1139,16645J,sour pAtch kidZ,PINE TREE HIGH SCHOOL,Longview,Texas,United States,High School,RE-V5RC-25-2518,2025-11-15,41,15,26,15,26,false
1140,11124A,FOR MY COUNTRY!!! - JROTC,ELYRIA HIGH SCHOOL,Elyria,Ohio,United States,High School,RE-V5RC-25-0754,2025-10-14,41,15,26,15,26,false
1141,89801A,Soul Tech,ELKO INSTITUTE FOR ACADEMIC ACHIEVEMENT,Elko,Nevada,United States,High School,RE-V5RC-25-2432,2025-11-22,41,15,26,15,26,false
1142,62629P,Iron Patriots: Platypus,WHEELING PARK HIGH SCHOOL,Wheeling,West Virginia,United States,High School,RE-V5RC-25-0804,2025-11-01,41,2,39,6,39,false
1143,1460T,Top Gun,Sandy Robotics,Sandy,Oregon,United States,High School,RE-V5RC-25-9942,2025-11-22,41,5,36,5,36,false
1144,8030A,Electric Eagles,Lincoln Academy,Newcastle,Maine,United States,High School,RE-V5RC-25-2119,2025-11-22,41,4,37,4,37,false
1145,654G,Phoenix,LAKE TRAVIS HIGH SCHOOL,Austin,Texas,United States,High School,RE-V5RC-25-2066,2025-11-08,41,4,37,4,37,false
1146,4478H,Half And Half,MASUK HIGH SCHOOL,Monroe,Connecticut,United States,High School,RE-V5RC-25-2126,2025-11-22,41,1,40,4,40,false
1147,6293Z,ZODIAC,PINECREST ACADEMY CHARTER HIGH SCHOOL,Miami,Florida,United States,High School,RE-V5RC-25-1986,2025-11-08,41,2,39,2,39,false
1148,12208C,Depth Charge,FRIENDSWOOD HIGH SCHOOL,Friendswood,Texas,United States,High School,RE-V5RC-25-1234,2025-11-08,41,0,41,0,41,false
1149,5013Y,Polar Dynamics,ALL NATIONS COMMUNITY SCHOOL,Oak Ridge North,Texas,United States,High School,RE-V5RC-25-2263,2025-11-22,41,0,41,0,41,false
1150,3484X,Ad Astra,Private,Redmond,Washington,United States,High School,RE-V5RC-25-0800,2025-11-01,41,0,41,0,41,false
1151,502G,The Swarm,"SD41 Mechatronics, Burnaby",Burnaby,British Columbia,Canada,High School,RE-V5RC-25-0133,2025-11-08,41,0,41,0,41,false
1152,80080X,Nailed,Private Team,Gilbert,Arizona,United States,High School,RE-V5RC-25-2088,2025-11-08,41,0,41,0,41,false
1153,23457H,BL SAI GON CHEETAH,BRICK lab Robotics,Ho Chi Minh,,Vietnam,High School,RE-V5RC-25-1400,2025-11-22,41,0,41,0,41,false
1154,1575X,Xcaliber,Woodbridge Senior High School,Woodbridge,Virginia,United States,High School,RE-V5RC-25-9935,2025-10-25,40,20,20,20,20,false
1155,98601C,Jinx (Troy),TROY HIGH NJROTC,Fullerton,California,United States,High School,RE-V5RC-25-1212,2025-11-15,40,20,20,20,20,false
1156,1197X,Sweet and Spicy,Beech Grove Senior School,Nonington,,United Kingdom,High School,RE-V5RC-25-0670,2025-11-22,40,20,20,20,20,false
1157,70528B,MISFITS,GALENA HIGH SCHOOL,Reno,Nevada,United States,High School,RE-V5RC-25-0324,2025-09-10,40,20,20,20,20,false
1158,3350A,Rainbow Unicorn Connection,TEXAS HIGH SCHOOL,Texarkana,Texas,United States,High School,RE-V5RC-25-1603,2025-11-01,40,20,20,20,20,false
1159,10410A,El Capitan Robotics Team,El CAPITAN HIGH SCHOOL,Lakeside,California,United States,High School,RE-V5RC-25-1026,2025-11-15,40,20,20,20,20,false
1160,5A,Gldyn Gurlz,RAVENNA SENIOR HIGH,Ravenna,Nebraska,United States,High School,RE-V5RC-25-0002,2025-11-01,40,15,25,18,25,false
1161,98271F,Melodic Minors,Caledonia High School,Caledonia,Michigan,United States,High School,RE-V5RC-25-2323,2025-11-17,40,15,25,15,25,false
1162,5459E,Aperture,Aperture Robotics,Colchester,,United Kingdom,High School,RE-V5RC-25-9987,2025-10-16,40,15,25,15,25,false
1163,25565A,Seven,Riverdale Country School,Bronx,New York,United States,High School,RE-V5RC-25-0363,2025-11-15,40,15,25,15,25,false
1164,27508H,Viking Robotics Team Vidar,North Salem High School,Salem,Oregon,United States,High School,RE-V5RC-25-9942,2025-11-22,40,15,25,15,25,false
1165,742A,Perry A,PerryBotics,Tustin,California,United States,High School,RE-V5RC-25-1336,2025-11-16,40,15,25,15,32,false
1166,89227X,RemiX,RIDGELAND HIGH SCHOOL,Rossville,Georgia,United States,High School,RE-V5RC-25-0874,2025-11-01,40,15,25,15,25,false
1167,56K,Killer Sea Rats,CAPE ELIZABETH High School,Cape Elizabeth,Maine,United States,High School,RE-V5RC-25-9941,2025-10-16,40,15,25,15,25,false
1168,5686Y,Grievous,Mazama High School,Klamath Falls,Oregon,United States,High School,RE-V5RC-25-1154,2025-11-01,40,15,25,15,25,false
1169,38141C,PiBotics Cardinals,IGNITE INSTITUTE,Erlanger,Kentucky,United States,High School,RE-V5RC-25-0692,2025-10-04,40,15,25,15,25,false
1170,13150E,Lockdown,Gainesville High School,Gainesville,Virginia,United States,High School,RE-V5RC-25-0494,2025-11-15,40,15,25,15,25,false
1171,9553B,RoboWolves B,St. Paul's School,Covington,Louisiana,United States,High School,RE-V5RC-25-1324,2025-11-08,40,15,25,15,25,false
1172,663B,boat (BELGIUM AIRLINES),CHATTANOOGA CHRISTIAN SCHOOL,Chattanooga,Tennessee,United States,High School,RE-V5RC-25-0281,2025-10-10,40,15,25,15,25,false
1173,663C,Crossfire,CHATTANOOGA CHRISTIAN SCHOOL,Chattanooga,Tennessee,United States,High School,RE-V5RC-25-0282,2025-10-03,40,15,25,15,25,false
1174,41103C,1/3,Pedare Christian College,Golden Grove,South Australia,Australia,High School,RE-V5RC-25-1700,2025-11-10,40,15,25,15,25,false
1175,3948A,MRT,Modesto Robotics & Technology,Modesto,California,United States,High School,RE-V5RC-25-1459,2025-10-18,40,15,25,15,25,false
1176,42652D,Scrappy,SULLIVAN EAST HIGH SCHOOL,Bluff City,Tennessee,United States,High School,RE-V5RC-25-0260,2025-11-22,40,15,25,15,25,false
1177,1064G,OPS - G Force,OMAHA NORTH MAGNET HIGH SCHOOL,Omaha,Nebraska,United States,High School,RE-V5RC-25-0456,2025-09-25,40,15,25,15,27,false
1178,1064B,OPS - Perfectly Flawed,OMAHA NORTH MAGNET HIGH SCHOOL,Omaha,Nebraska,United States,High School,RE-V5RC-25-0456,2025-09-25,40,15,25,15,28,false
1179,1551A,Pink Out,Suncoast Polytechnical High School,Sarasota,Florida,United States,High School,RE-V5RC-25-1281,2025-11-01,40,15,25,15,28,false
1180,23851E,Dumbster Fire,KIRKWOOD SR. HIGH,Kikrwood,Missouri,United States,High School,RE-V5RC-25-1297,2025-10-25,40,15,25,15,26,false
1181,59708D,The Big One,CENTRAL HIGH,Chesterfield,Missouri,United States,High School,RE-V5RC-25-1297,2025-10-25,40,15,25,15,25,false
1182,56426B,The Real Real Knights,AUBURN HIGH SCHOOL,Rockford,Illinois,United States,High School,RE-V5RC-25-0275,2025-11-01,40,15,25,15,25,false
1183,56426A,The Real Knights,AUBURN HIGH SCHOOL,Rockford,Illinois,United States,High School,RE-V5RC-25-0275,2025-11-01,40,15,25,15,25,false
1184,1235D,Wolverines D,West Forsyth High School,Cumming,Georgia,United States,High School,RE-V5RC-25-1859,2025-11-08,40,15,25,15,25,false
1185,8385B,Bisatine,UNION HIGH,Roosevelt,Utah,United States,High School,RE-V5RC-25-0581,2025-11-08,40,15,25,15,25,false
1186,4519B,Dino Bots,OMAHA SOUTH MAGNET HIGH SCHOOL,Omaha,Nebraska,United States,High School,RE-V5RC-25-0398,2025-11-08,40,15,25,15,25,false
1187,4405Z,XX > XY,VJ & ANGELA SKUTT CATHOLIC HIGH SCHOOL,Omaha,Nebraska,United States,High School,RE-V5RC-25-0398,2025-11-08,40,15,25,15,25,false
1188,19191S,Reno Military Science Team 2,RENO HIGH SCHOOL,Reno,Nevada,United States,High School,RE-V5RC-25-2924,2025-11-08,40,15,25,15,25,false
1189,8609N,Nike,Lorain Titans Robotics - High School,Lorain,Ohio,United States,High School,RE-V5RC-25-0326,2025-11-05,40,15,25,15,25,false
1190,7862V,Vanilla,Hesston High School,Hesston,Kansas,United States,High School,RE-V5RC-25-1040,2025-11-15,40,15,25,15,25,false
1191,5690X,Grand Theft Bot-o,BISHOP CHATARD HIGH SCHOOL,Indianapolis,Indiana,United States,High School,RE-V5RC-25-0744,2025-11-15,40,15,25,15,25,false
1192,1902G,CHS Panther Robotics: Screwing it Up,CHICO HIGH,Chico,California,United States,High School,RE-V5RC-25-1938,2025-11-15,40,15,25,15,25,false
1193,97673X,AXOLOTL CECYTECH 11 CD. DEL CONOCIMIENTO,CECYTECH 11 Cd. del Conocimiento,Ciudad Juárez,Chihuahua,Mexico,High School,RE-V5RC-25-3446,2025-11-19,40,15,25,15,25,false
1194,3734M,Double Negative,ROGERS CITY HIGH SCHOOL,Rogers City,Michigan,United States,High School,RE-V5RC-25-1606,2025-11-22,40,15,25,15,25,false
1195,67147K,Rubberband-its,Robot Club,Valley Center,Kansas,United States,High School,RE-V5RC-25-2161,2025-11-23,40,15,25,15,25,false
1196,5150H,Mad Hatters - Havoc,DANBURY HIGH SCHOOL,Danbury,Connecticut,United States,High School,RE-V5RC-25-2126,2025-11-22,40,0,40,6,40,false
1197,44244D,Venio,Mukilteo Robotics,Mukilteo,Washington,United States,High School,RE-V5RC-25-2122,2025-11-22,40,5,35,5,35,false
1198,967P,Paladins,Russellville High School,Russellville,Arkansas,United States,High School,RE-V5RC-25-1653,2025-11-15,40,1,39,1,39,false
1199,11342A,Royal Flush,Christopher Columbus High School,Miami,Florida,United States,High School,RE-V5RC-25-1165,2025-10-19,40,1,39,1,39,false
1200,28401D,Viper Team Delta,REAGAN HIGH SCHOOL,San Antonio,Texas,United States,High School,RE-V5RC-25-2066,2025-11-08,40,0,40,0,40,false
1201,4393Z,Thin Earth Society,ME SCH OF SCIENCE & MATHEMATICS,Limestone,Maine,United States,High School,RE-V5RC-25-1318,2025-11-15,40,0,40,0,40,false
1202,78889W,VIPER,KILLINGLY HIGH SCHOOL,Killingly,Connecticut,United States,High School,RE-V5RC-25-2126,2025-11-22,40,0,40,0,40,false
1203,16099E,Overclock,KG Computech,Flushing,New York,United States,High School,RE-V5RC-25-9997,2025-09-12,40,0,40,0,40,false
1204,5868Z,1234,PUI CHING MIDDLE SCHOOL MACAU,Macau,,Macau,High School,RE-V5RC-25-1178,2025-09-26,40,0,40,0,40,false
1205,34532D,Dragon Robotics,PINECREST GLADES PREPARATORY ACADEMY MIDDLE HIGH SCHOOL,Miami,Florida,United States,High School,RE-V5RC-25-1986,2025-11-08,40,0,40,0,40,false
1206,55230X,TEAM X,Mississippi Robotics,Canton,Mississippi,United States,High School,RE-V5RC-25-1106,2025-11-08,40,0,40,0,40,false
1207,76371B,St. Mary's International HS Robotics,St Mary's international School,Tokyo,,Japan,High School,RE-V5RC-25-1904,2025-11-15,40,0,40,0,40,false
1208,14163R,Somerset County,Somerset County Technical High School,Westover,Maryland,United States,High School,RE-V5RC-25-0161,2025-11-15,40,0,40,0,40,false
1209,74559D,Daydream,CELINA HIGH SCHOOL,Celina,Texas,United States,High School,RE-V5RC-25-1537,2025-11-15,40,0,40,0,40,false
1210,3674R,Royals,ENERGY INSTITUTE HIGH SCHOOL,Houston,Texas,United States,High School,RE-V5RC-25-2434,2025-11-15,40,0,40,0,40,false
1211,66743W,Galaxy,Galaxy,Milpitas,California,United States,High School,RE-V5RC-25-1473,2025-11-15,39,17,22,17,22,false
1212,4610W,Wreckage: Robot Rev,Robot Revolution,Summit,New Jersey,United States,High School,RE-V5RC-25-9926,2025-07-31,39,15,24,15,24,false
1213,17711C,Cyclone,Independent,Sutton,,United Kingdom,High School,RE-V5RC-25-9988,2025-11-22,39,15,24,15,24,false
1214,283V,Expect the pǝʇɔǝdxǝu∩,WHITE PINE HIGH SCHOOL,Ely,Nevada,United States,High School,RE-V5RC-25-0829,2025-09-27,39,15,24,15,24,false
1215,2511V,2511V,R3V3RB Robotics,Ashburn,Virginia,United States,High School,RE-V5RC-25-0755,2025-10-04,39,15,24,15,24,false
1216,36518D,Scrap Monkeys,WASHINGTON COUNTY HIGH SCHOOL,Chatom,Alabama,United States,High School,RE-V5RC-25-2149,2025-11-19,39,15,24,15,24,false
1217,3773C,BowBots - Carbon (C),Bow High School,Bow,New Hampshire,United States,High School,RE-V5RC-25-3009,2025-11-08,39,15,24,15,24,false
1218,74074R,Revenant,Pioneer Robotics,Stillwater,Oklahoma,United States,High School,RE-V5RC-25-1919,2025-11-15,39,15,24,15,24,false
1219,28466C,Mag(Pi),SPRINGS STUDIO FOR ACADEMIC EXCELLENCE,Colorado Springs,Colorado,United States,High School,RE-V5RC-25-0996,2025-11-01,39,15,24,15,24,false
1220,2373D,Lake Robotics,CLEAR LAKE HIGH SCHOOL,Houston,Texas,United States,High School,RE-V5RC-25-2094,2025-09-30,39,15,24,15,24,false
1221,33007X,Ctrl + Alt + Defeat,Bellaire High School,Bellaire,Texas,United States,High School,RE-V5RC-25-1028,2025-10-25,39,15,24,15,24,false
1222,2344A,Bolt Bots,CLEAR SPRINGS HIGH SCHOOL,League City,Texas,United States,High School,RE-V5RC-25-2094,2025-09-30,39,15,24,15,24,false
1223,23218Z,AHURAMAZDA,Simon Langton Grammar School for Boys,Canterbury,,United Kingdom,High School,RE-V5RC-25-0670,2025-11-22,39,15,24,15,24,false
1224,72116D,Daybreak Boys,Catholic High School For Boys,Little Rock,Arkansas,United States,High School,RE-V5RC-25-1823,2025-11-22,39,15,24,15,24,false
1225,22204P,Phoenix,WYLIE HIGH SCHOOL,Wylie,Texas,United States,High School,RE-V5RC-25-0197,2025-11-22,39,15,24,15,24,false
1226,229X,GALACTIC,ACE Robotics,Tavares,Florida,United States,High School,RE-V5RC-25-0153,2025-11-14,39,6,33,6,33,false
1227,6408H,Hollow,Heritage Woods Secondary,Port Moody,British Columbia,Canada,High School,RE-V5RC-25-2529,2025-11-22,39,0,39,5,39,false
1228,5408X,GHOST,SACHSE HIGH SCHOOL,Sachse,Texas,United States,High School,RE-V5RC-25-0197,2025-11-22,39,5,34,5,35,false
1229,33398A,Guanghuang Academy Robot Club,上海光剑美高学校,上海,Shanghai,China,High School,RE-V5RC-25-3593,2025-11-21,39,4,35,4,35,false
1230,32092A,CNTRL,Stargate Charter School,Thornton,Colorado,United States,High School,RE-V5RC-25-1864,2025-10-07,39,3,36,3,36,false
1231,2143A,Matt Robotics TeamA,Matt Robotics,Hong Kong,,Hong Kong,High School,RE-V5RC-25-0139,2025-11-22,39,3,36,3,36,false
1232,37922A,Linces Robotics,CECYTE PLAYA DEL CARMEN I,PLAYA DEL CARMEN,Quintana Roo,Mexico,High School,RE-V5RC-25-0637,2025-11-26,39,3,36,3,36,false
1233,7602K,KenKen,KrossLink,TSUEN WAN NEW TERRITORIES,,Hong Kong,High School,RE-V5RC-25-1745,2025-10-03,39,2,37,2,37,false
1234,415E,Eclipse,Anderson I & II Career & Technology Center,Williamston,South Carolina,United States,High School,RE-V5RC-25-0088,2025-11-08,39,1,38,1,38,false
1235,67220A,The Clankers,The Kings Academy Civil Air Patrol ,Canton,Georgia,United States,High School,RE-V5RC-25-1517,2025-11-01,39,1,38,1,38,false
1236,86400V,The Mavericks,WADE HAMPTON HIGH,Greenville,South Carolina,United States,High School,RE-V5RC-25-0604,2025-11-01,39,1,38,1,38,false
1237,17451A,AvengerRobotics-A,AvengerRoboics_VEX,Cumming,Georgia,United States,High School,RE-V5RC-25-1859,2025-11-08,39,1,38,1,38,false
1238,8568F,Fahrenheit,NORTH ANDOVER HIGH,North Andover,Massachusetts,United States,High School,RE-V5RC-25-0179,2025-11-22,39,0,39,0,39,false
1239,20315D,Marcelline D,Collège Sainte-Marcelline,Montreal,Quebec,Canada,High School,RE-V5RC-25-9941,2025-10-16,39,0,39,0,39,false
1240,3150X,Three One Five Zero A,Silver Owl Robotics Inc.,Richmond Hill,Ontario,Canada,High School,RE-V5RC-25-9997,2025-09-12,39,0,39,0,39,false
1241,16099C,Overclock,KG Computech,Flushing,New York,United States,High School,RE-V5RC-25-9997,2025-09-12,39,0,39,0,39,false
1242,42747M,Maven,West Morris Regional High School District,Chester,New Jersey,United States,High School,RE-V5RC-25-9997,2025-09-12,39,0,39,0,39,false
1243,2242C,SHADOWBYTES ROBOTICS,Municipio de Salinas,Salinas,,Puerto Rico,High School,RE-V5RC-25-0269,2025-08-23,39,0,39,0,39,false
1244,50881B,TechnoDREAM,TechnoDREAM,Irvine,California,United States,High School,RE-V5RC-25-0649,2025-11-15,39,0,39,0,39,false
1245,7368R,CCHS Interstellar,Covenant Christian High School,Indianapolis,Indiana,United States,High School,RE-V5RC-25-0094,2025-11-21,39,0,39,0,39,false
1246,550J,Jetstream,APOPKA HIGH,Apopka,Florida,United States,High School,RE-V5RC-25-2382,2025-11-15,38,22,16,22,28,false
1247,77353A,CECyTEM 07 Epitacio Huerta,CECYTE MICHOACAN PLANTEL EPITACIO HUERTA,Morelia,Michoacán,Mexico,High School,RE-V5RC-25-0637,2025-11-26,38,15,23,20,23,false
1248,2790F,Fatal Error 404,Valparaiso High School,Valparaiso,Indiana,United States,High School,RE-V5RC-25-1856,2025-11-08,38,15,23,15,23,false
1249,82267C,The RoboEagles,Bakersfield Christian High school,Bakersfield,California,United States,High School,RE-V5RC-25-9939,2025-10-18,38,15,23,15,23,false
1250,17917A,Bite-sized Armadillos,Franklin Community School Corporation,Franklin,Indiana,United States,High School,RE-V5RC-25-1512,2025-11-22,38,15,23,15,23,false
1251,77786H,CyberKings,BRIDGELAND HIGH SCHOOL,Cypress,Texas,United States,High School,RE-V5RC-25-1084,2025-10-16,38,15,23,15,23,false
1252,8301B,Cougarbots B,SAN YSIDRO HIGH,San Diego,California,United States,High School,RE-V5RC-25-1026,2025-11-15,38,15,23,15,23,false
1253,79666A,Robo Knights,BALTIMORE CITY COLLEGE,Baltimore,Maryland,United States,High School,RE-V5RC-25-0892,2025-10-25,38,15,23,15,23,false
1254,23851D,Switchbacks,KIRKWOOD SR. HIGH,Kikrwood,Missouri,United States,High School,RE-V5RC-25-1693,2025-11-08,38,15,23,15,23,false
1255,12906B,Circuit Breakers,Salisbury East High School,Salisbury East,South Australia,Australia,High School,RE-V5RC-25-1700,2025-11-10,38,15,23,15,23,false
1256,1082N,No Way Micheal,LOVEJOY HIGH SCHOOL,Lucas,Texas,United States,High School,RE-V5RC-25-0197,2025-11-22,38,15,23,15,23,false
1257,1166Z,Zero Measurements,Lutheran High School,Parker,Colorado,United States,High School,RE-V5RC-25-0257,2025-10-11,38,15,23,15,23,false
1258,82228A,Scorp Handlers,FARMINGTON HIGH SCHOOL,Farmington,New Mexico,United States,High School,RE-V5RC-25-0326,2025-11-05,38,15,23,15,23,false
1259,39702H,New Hope Robotics,New Hope Robotics,Columbus,Mississippi,United States,High School,RE-V5RC-25-1106,2025-11-08,38,15,23,15,23,false
1260,22603C,White,KLEIN OAK HIGH SCHOOL,Spring,Texas,United States,High School,RE-V5RC-25-2671,2025-11-08,38,15,23,15,23,false
1261,9545M,Monke' Mafia,ROLAND HIGH SCHOOL,Roland,Oklahoma,United States,High School,RE-V5RC-25-1416,2025-11-13,38,15,23,15,23,false
1262,1581D,Breaking VEX,DEWITT HIGH SCHOOL,Dewitt,Michigan,United States,High School,RE-V5RC-25-2030,2025-11-22,38,15,23,15,23,false
1263,22204F,Pegasus,WYLIE HIGH SCHOOL,Wylie,Texas,United States,High School,RE-V5RC-25-0197,2025-11-22,38,15,23,15,23,false
1264,7842F,Fractal,Robotics71 - School District #71,Comox,British Columbia,Canada,High School,RE-V5RC-25-3291,2025-11-22,38,5,33,5,33,false
1265,84260B,SourPunk,Cabot High School,Cabot,Arkansas,United States,High School,RE-V5RC-25-0134,2025-11-15,38,5,33,5,33,false
1266,3116C,Team Control Freaks - Mi BAD,The John Warner School,Hoddesdon,,United Kingdom,High School,RE-V5RC-25-9988,2025-11-22,38,5,33,5,33,false
1267,37360B,LongKeGao,LongKeGao,深圳,Guangdong,China,High School,RE-V5RC-25-1914,2025-11-07,38,4,34,4,34,false
1268,18799M,Brass Monkees,MonkeyWrench Robotics,New Palestine,Indiana,United States,High School,RE-V5RC-25-1810,2025-11-15,38,3,35,3,35,false
1269,34051R,Raiders Robotics,Richmond Hill High School,Richmond Hill,Ontario,Canada,High School,RE-V5RC-25-2570,2025-11-22,38,2,36,2,36,false
1270,22204W,Whiplash,WYLIE HIGH SCHOOL,Wylie,Texas,United States,High School,RE-V5RC-25-0197,2025-11-22,38,2,36,2,36,false
1271,1860C,Project Lebron,MOUNTAIN VIEW HIGH SCHOOL,El Paso,Texas,United States,High School,RE-V5RC-25-1352,2025-11-22,38,1,37,1,37,false
1272,38241W,BBL Bots,FAITH ACADEMY,Mobile,Alabama,United States,High School,RE-V5RC-25-1205,2025-09-30,38,1,37,1,37,false
1273,1233N,Nacho Typical Team,CROWN POINT HIGH SCHOOL,Crown Point,Indiana,United States,High School,RE-V5RC-25-1856,2025-11-08,38,0,38,0,38,false
1274,29485B,Robotic Rebels,Dorchester 2 High School Robotics ,Summerville,South Carolina,United States,High School,RE-V5RC-25-0045,2025-11-15,38,0,38,0,38,false
1275,34835A,Fantastic X,THE GIRLS MIDDLE SCHOOL,Palo Alto,California,United States,High School,RE-V5RC-25-0112,2025-09-14,38,0,38,0,38,false
1276,74177V,VERIFIED,PINECREST ACADEMY OF NEVADA SLOAN CANYON,Henderson,Nevada,United States,High School,RE-V5RC-25-0829,2025-09-27,38,0,38,0,38,false
1277,81422A,LIBERTADORES A,CECYTECH 22 AYUNTAMIENTO,Ciudad Juarez,Chihuahua,Mexico,High School,RE-V5RC-25-3446,2025-11-19,38,0,38,0,38,false
1278,10909K,× EXCEED × KOSMIK KOKONUTS ×,Exceed Robotics,Thornhill,Ontario,Canada,High School,RE-V5RC-25-2570,2025-11-22,38,0,38,0,38,false
1279,2750A,The Spin Doctors,MILLER GROVE SCHOOL,Cumby,Texas,United States,High School,RE-V5RC-25-2029,2025-11-21,37,16,21,16,21,false
1280,64064J,Cyber / Scorpions J,Gulf Islands Secondary School,Saltspring Island,British Columbia,Canada,High School,RE-V5RC-25-3291,2025-11-22,37,15,22,15,22,false
1281,36830D,Fallacy,Auburn High School,Auburn,Alabama,United States,High School,RE-V5RC-25-2133,2025-11-01,37,15,22,15,22,false
1282,74177G,SNEAKY GOLEMS,PINECREST ACADEMY OF NEVADA SLOAN CANYON,Henderson,Nevada,United States,High School,RE-V5RC-25-0829,2025-09-27,37,15,22,15,22,false
1283,285Z,DiscoBots Zephyr,Carnegie Vanguard HS,Houston,Texas,United States,High School,RE-V5RC-25-1028,2025-10-25,37,15,22,15,22,false
1284,507C,Mustang Robotics,OTAY RANCH SENIOR HIGH,Chula Vista,California,United States,High School,RE-V5RC-25-1026,2025-11-15,37,15,22,15,28,false
1285,99319F,Dynamic Drive,PRINCETON HIGH SCHOOL,Princeton,Minnesota,United States,High School,RE-V5RC-25-9984,2025-11-22,37,15,22,15,22,false
1286,39232A,Interlinked,JACKSON PREPARATORY SCHOOL,Flowood,Mississippi,United States,High School,RE-V5RC-25-1106,2025-11-08,37,15,22,15,22,false
1287,97445B,Lysander,DOHERTY HIGH SCHOOL,Colorado Springs,Colorado,United States,High School,RE-V5RC-25-1053,2025-10-18,37,15,22,15,22,false
1288,59708B,Axelotles,CENTRAL HIGH,Chesterfield,Missouri,United States,High School,RE-V5RC-25-1297,2025-10-25,37,15,22,15,22,false
1289,687B,Nerd Herd B,CALIFORNIA ACADEMY OF MATHEMATICS AND SCIENCE,Carson,California,United States,High School,RE-V5RC-25-1212,2025-11-15,37,8,29,8,29,false
1290,54000H,TIEYI ICC-H,XIAN TIEYI ICC,Xian,Shaanxi,China,High School,RE-V5RC-25-3498,2025-11-07,37,6,31,6,31,false
1291,2750B,Klankers,MILLER GROVE SCHOOL,Cumby,Texas,United States,High School,RE-V5RC-25-2018,2025-11-08,37,2,35,5,35,false
1292,7882H,Horizon,MAHONING CAREER & TECHNICAL,Canfield,Ohio,United States,High School,RE-V5RC-25-2081,2025-11-20,37,3,34,4,34,false
1293,67104A,The Country Bumpkins,HEADLAND HIGH SCHOOL,Headland,Alabama,United States,High School,RE-V5RC-25-2138,2025-11-08,37,1,36,1,36,false
1294,39B,Daily Silksong News,CRANBROOK SCHOOLS,Bloomfield Hills,Michigan,United States,High School,RE-V5RC-25-0644,2025-10-02,37,0,37,1,37,false
1295,2915V,Lynfield V,Lynfield College,Auckland,Auckland,New Zealand,High School,RE-V5RC-25-0537,2025-08-16,37,0,37,0,37,false
1296,95661A,Oakmont Team A,OAKMONT HIGH,Roseville,California,United States,High School,RE-V5RC-25-1514,2025-10-11,37,0,37,0,37,false
1297,3156A,NBNW,NingboForeignLanguageSchool,Ningbo,Zhejiang,China,High School,RE-V5RC-25-1749,2025-10-24,37,0,37,0,37,false
1298,80550A,Pi-Rates,WINDSOR CHARTER ACADEMY MIDDLE AND EARLY COLLEGE H,Windsor,Colorado,United States,High School,RE-V5RC-25-1210,2025-11-01,37,0,37,0,37,false
1299,2131F,Fiddlesticks,DAVIS HIGH,Kaysville,Utah,United States,High School,RE-V5RC-25-1483,2025-11-15,37,0,37,0,37,false
1300,75409A,Axiom,ANNA HIGH SCHOOL,Anna,Texas,United States,High School,RE-V5RC-25-0197,2025-11-22,37,0,37,0,37,false
1301,87265B,Robo Ridge,Southridge School,Surrey,British Columbia,Canada,High School,RE-V5RC-25-2529,2025-11-22,37,0,37,0,37,false
1302,71881M,Breaking Bot,CAPITAL HIGH SCHOOL,Charleston,West Virginia,United States,High School,RE-V5RC-25-1509,2025-11-20,36,21,15,21,25,false
1303,80452A,The Roman's,Sheridan High School,Sheridan,Arkansas,United States,High School,RE-V5RC-25-1823,2025-11-22,36,15,21,16,21,false
1304,63600E,Eaglebots: The Nerd Cluster,GRAND RAPIDS CHRISTIAN HIGH SCHOOL,Grand Rapids,Michigan,United States,High School,RE-V5RC-25-2323,2025-11-17,36,15,21,15,21,false
1305,97445C,Robot Revolution,DOHERTY HIGH SCHOOL,Colorado Springs,Colorado,United States,High School,RE-V5RC-25-1053,2025-10-18,36,15,21,15,21,false
1306,1894C,Culver Academies Robotics,Culver Academies,Culver,Indiana,United States,High School,RE-V5RC-25-1982,2025-11-15,36,15,21,15,21,false
1307,68076H,Mat2BIG,Loreto College,Adelaide,South Australia,Australia,High School,RE-V5RC-25-1660,2025-09-22,36,15,21,15,21,false
1308,17814X,Jupiiter,WESTON HIGH SCHOOL,Weston,Connecticut,United States,High School,RE-V5RC-25-0126,2025-11-08,36,15,21,15,25,false
1309,3743Y,It Worked Yesterday,ERIE HIGH SCHOOL,Erie,Colorado,United States,High School,RE-V5RC-25-0996,2025-11-01,36,15,21,15,21,false
1310,93330A,Stars,BALTIMORE POLYTECHNIC INSTITUTE,Baltimore,Maryland,United States,High School,RE-V5RC-25-0892,2025-10-25,36,15,21,15,21,false
1311,39599A,FarmBots,WINTERS HIGH,Winters,California,United States,High School,RE-V5RC-25-0122,2025-11-02,36,15,21,15,21,false
1312,119P,Polarity,ST BERNARD SCHOOL,Uncasville,Connecticut,United States,High School,RE-V5RC-25-0126,2025-11-08,36,0,36,15,36,false
1313,1764X,Improbable Hat Society,Yarmouth High School,Yarmouth,Maine,United States,High School,RE-V5RC-25-9941,2025-10-16,36,15,21,15,21,false
1314,80817E,Einstein Bros,FOUNTAIN-FORT CARSON HIGH SCHOOL,Fountain,Colorado,United States,High School,RE-V5RC-25-1053,2025-10-18,36,15,21,15,21,false
1315,77275A,The Aurora Avengers,Spark Academy,Manchester,New Hampshire,United States,High School,RE-V5RC-25-3009,2025-11-08,36,15,21,15,21,false
1316,3145J,Jetstorm Raiders,Triway High School,Wooster,Ohio,United States,High School,RE-V5RC-25-1956,2025-11-08,36,15,21,15,21,false
1317,37167F,Talons Of Steel,STEWARTS CREEK HIGH SCHOOL,Smyrna,Tennessee,United States,High School,RE-V5RC-25-1408,2025-09-23,36,15,21,15,21,false
1318,8823R,Running on Duct Tape ,Milford Robotics,Milford,Ohio,United States,High School,RE-V5RC-25-0153,2025-11-14,36,15,21,15,21,false
1319,68561H,Robros,WEST HOLMES HIGH SCHOOL,Millersburg,Ohio,United States,High School,RE-V5RC-25-9961,2025-11-15,36,15,21,15,21,false
1320,11864B,Duplex Vexillum,BLAIR HIGH SCHOOL,Blair,Nebraska,United States,High School,RE-V5RC-25-2882,2025-11-22,36,15,21,15,21,false
1321,1011G,Ten Ton Robotics,West Vancouver School District #45,West Vancouver,British Columbia,Canada,High School,RE-V5RC-25-2529,2025-11-22,36,15,21,15,21,false
1322,78780A,The Merry Gentlemen,PINECREST ACADEMY OF NEVADA CADENCE,Henderson,Nevada,United States,High School,RE-V5RC-25-3045,2025-11-22,36,15,21,15,21,false
1323,3223D,The Three Blind Mice,WEST MICHIGAN AVIATION ACADEMY,Grand Rapids,Michigan,United States,High School,RE-V5RC-25-1441,2025-11-08,36,9,27,9,27,false
1324,34020G,Chopper,LA SERNA HIGH,Whittier,California,United States,High School,RE-V5RC-25-1336,2025-11-16,36,5,31,5,31,false
1325,6627S,Knight Time Bots - Spades,FOOTHILL HIGH,Santa Ana,California,United States,High School,RE-V5RC-25-0345,2025-11-09,36,5,31,5,31,false
1326,97377A,Robo Geek Squad,INDIAN LAKE HIGH SCHOOL,Lewistown,Ohio,United States,High School,RE-V5RC-25-9958,2025-11-15,36,3,33,3,33,false
1327,8787A,Archive,EASTWOOD HIGH SCHOOL,El Paso,Texas,United States,High School,RE-V5RC-25-1641,2025-11-14,36,0,36,3,36,false
1328,663H,Target Acquired,CHATTANOOGA CHRISTIAN SCHOOL,Chattanooga,Tennessee,United States,High School,RE-V5RC-25-0432,2025-11-08,36,1,35,1,36,false
1329,37528B,Strata,COLORADO EARLY COLLEGES WINDSOR,Windsor,Colorado,United States,High School,RE-V5RC-25-1210,2025-11-01,36,0,36,0,36,false
1330,13818A,QRCA,AAA Training and Tuition (RTO 46396),Burleigh Head,Queensland,Australia,High School,RE-V5RC-25-1018,2025-10-25,36,0,36,0,36,false
1331,36930X,Shanghai High School,Shanghai High School International Division,Shanghai,Shanghai,China,High School,RE-V5RC-25-1749,2025-10-24,36,0,36,0,36,false
1332,6627X,Knight Time Bots - Xenoceratops,FOOTHILL HIGH,Santa Ana,California,United States,High School,RE-V5RC-25-1388,2025-10-25,36,0,36,0,36,false
1333,39M,Michelin,CRANBROOK SCHOOLS,Bloomfield Hills,Michigan,United States,High School,RE-V5RC-25-1231,2025-11-01,36,0,36,0,36,false
1334,17771C,C.R.O.W.N,East High School,Wichita,Kansas,United States,High School,RE-V5RC-25-2015,2025-11-01,36,0,36,0,36,false
1335,94989A,RSS,Riverside Secondary,Port Coquitlam,British Columbia,Canada,High School,RE-V5RC-25-0133,2025-11-08,36,0,36,0,36,false
1336,19697A,Phantom Troupe,JORDAN HIGH SCHOOL,Katy,Texas,United States,High School,RE-V5RC-25-2263,2025-11-22,36,0,36,0,36,false
1337,91915D,Hawkbots,HAWKEN SCHOOL,Gates Mills,Ohio,United States,High School,RE-V5RC-25-0882,2025-11-22,36,0,36,0,36,false
1338,3536P,Phantom,NORTH FORSYTH HIGH SCHOOL,Cumming,Georgia,United States,High School,RE-V5RC-25-1859,2025-11-08,35,25,10,25,10,false
1339,67147R,Nevermore,Robot Club,Valley Center,Kansas,United States,High School,RE-V5RC-25-2161,2025-11-23,35,20,15,20,15,false
1340,74177J,Jump Start,PINECREST ACADEMY OF NEVADA SLOAN CANYON,Henderson,Nevada,United States,High School,RE-V5RC-25-2178,2025-11-08,35,20,15,20,26,false
1341,57711N,ZipTies,Alchemy Global STEM Institute,Whitepine,Tennessee,United States,High School,RE-V5RC-25-0214,2025-10-25,35,15,20,15,26,false
1342,90385A,Pumas: Purple,UPREP,Seattle,Washington,United States,High School,RE-V5RC-25-0966,2025-11-15,35,15,20,15,20,false
1343,12223Y,Operation Spork,Pembroke School,Kensington Gardens,South Australia,Australia,High School,RE-V5RC-25-1700,2025-11-10,35,15,20,15,20,false
1344,6079R,Rambots,Waltrip High School,Houston,Texas,United States,High School,RE-V5RC-25-0326,2025-11-05,35,15,20,15,26,false
1345,43983B,Spice Girls,SOUTH CHARLESTON HIGH SCHOOL,South Charleston,West Virginia,United States,High School,RE-V5RC-25-1509,2025-11-20,35,15,20,15,21,false
1346,1200C,Big Dawgs,ST MARY CATHOLIC SCHOOLS,Neenah,Wisconsin,United States,High School,RE-V5RC-25-1267,2025-11-15,35,15,20,15,20,false
1347,1697B,No Time for Regrets,HALL HIGH SCHOOL,West Hartford,Connecticut,United States,High School,RE-V5RC-25-2126,2025-11-22,35,15,20,15,20,false
1348,44691F,Fierce Functionality,WOOSTER HIGH SCHOOL,Wooster,Ohio,United States,High School,RE-V5RC-25-9961,2025-11-15,35,15,20,15,24,false
1349,2719A,FireCats,TRITON CENTRAL HIGH SCHOOL,Fairland,Indiana,United States,High School,RE-V5RC-25-0094,2025-11-21,35,15,20,15,20,false
1350,8892R,Lab Rats,DELHI CHARTER SCHOOL,Delhi,Louisiana,United States,High School,RE-V5RC-25-1988,2025-11-20,35,15,20,15,20,false
1351,93706G,Union Robotics G,WASHINGTON HIGH,Fresno,California,United States,High School,RE-V5RC-25-9931,2025-10-25,35,15,20,15,20,false
1352,83365A,EU Lancer,EAST UNION HIGH,Manteca,California,United States,High School,RE-V5RC-25-1473,2025-11-15,35,15,20,15,20,false
1353,72837A,Power Supply,Pope County Library System,Russellville,Arkansas,United States,High School,RE-V5RC-25-1823,2025-11-22,35,15,20,15,20,false
1354,41103W,Why-Angle,Pedare Christian College,Golden Grove,South Australia,Australia,High School,RE-V5RC-25-1700,2025-11-10,35,15,20,15,20,false
1355,5776E,DV Inferno,DOUGHERTY VALLEY HIGH,San Ramon,California,United States,High School,RE-V5RC-25-0622,2025-09-06,35,15,20,15,20,false
1356,89437A,Trap Card,HARGRAVE HIGH SCHOOL,Huffman,Texas,United States,High School,RE-V5RC-25-1084,2025-10-16,35,15,20,15,20,false
1357,7983P,Centennial CyberHawks P,Centennial High School,Bakersfield,California,United States,High School,RE-V5RC-25-9939,2025-10-18,35,15,20,15,20,false
1358,5156H,Bay Harbor Builders,York High School,York,Maine,United States,High School,RE-V5RC-25-1202,2025-11-01,35,15,20,15,20,false
1359,5156B,Sacabambaspis,York High School,York,Maine,United States,High School,RE-V5RC-25-1202,2025-11-01,35,15,20,15,20,false
1360,12169A,Bet On Red,TRENTON HIGH SCHOOL,Trenton,Texas,United States,High School,RE-V5RC-25-1603,2025-11-01,35,15,20,15,20,false
1361,2474X,C.A.T.S.,Walnut Grove Robotics,Prosper,Texas,United States,High School,RE-V5RC-25-1588,2025-11-01,35,15,20,15,20,false
1362,4478M,Monkey Mafia,MASUK HIGH SCHOOL,Monroe,Connecticut,United States,High School,RE-V5RC-25-0126,2025-11-08,35,15,20,15,20,false
1363,36963A,Robo Rangers,SOUTH GRAND PRAIRIE HIGH SCHOOL,Grand Prairie,Texas,United States,High School,RE-V5RC-25-0326,2025-11-05,35,15,20,15,20,false
1364,21520A,Lakeshore Catholic High School,Lakeshore Catholic High School,Port Colborne,Ontario,Canada,High School,RE-V5RC-25-0124,2025-10-28,35,15,20,15,20,false
1365,15800D,JK Squared - Omaha Westview HS JROTC,Westview High School,Bennington,Nebraska,United States,High School,RE-V5RC-25-0456,2025-09-25,35,15,20,15,20,false
1366,13205G,Monkey Bots,STEM SCHOOL CHATTANOOGA,Chattanooga,Tennessee,United States,High School,RE-V5RC-25-0260,2025-11-22,35,15,20,15,20,false
1367,11777X,Ro-Tater,NAMPA CHRISTIAN SCHOOLS,Nampa,Idaho,United States,High School,RE-V5RC-25-2517,2025-11-22,35,15,20,15,20,false
1368,54225A,The Wag,WAGGENER HIGH,Louisville,Kentucky,United States,High School,RE-V5RC-25-2148,2025-11-08,35,12,23,12,23,false
1369,7614A,Phoenix Rising: Andromeda,Newmarket HS,Newmarket,Ontario,Canada,High School,RE-V5RC-25-2570,2025-11-22,35,5,30,5,30,false
1370,8861G,Clankers,International School Bangkok,Pakkret,,Thailand,High School,RE-V5RC-25-0371,2025-11-01,35,3,32,3,32,false
1371,99751H,Heatstroke,Colorado Early College Fort Collins,Fort Collins,Colorado,United States,High School,RE-V5RC-25-0257,2025-10-11,35,2,33,2,33,false
1372,1690X,RAVEN X,Chengdu ShuDe High School,Chengdu,Sichuan,China,High School,RE-V5RC-25-0863,2025-08-22,35,2,33,2,33,false
1373,87490G,Gigaminds,FARMERSVILLE HIGH SCHOOL,Farmersville,Texas,United States,High School,RE-V5RC-25-1827,2025-10-06,35,1,34,1,34,false
1374,7139A,Beijing Bayi School-A北京市八一学校,Beijing Bayi School,Beijing,Beijing,China,High School,RE-V5RC-25-3129,2025-10-24,35,1,34,1,34,false
1375,40404M,Error 404,Error 404 - A.N. Myer S.S.,Niagara Falls,Ontario,Canada,High School,RE-V5RC-25-0124,2025-10-28,35,1,34,1,34,false
1376,355C,Cardinals,Fox Valley Robotics,Batavia,Illinois,United States,High School,RE-V5RC-25-1647,2025-11-16,35,0,35,0,35,false
1377,7316V,Voltage,FIRESTONE HIGH SCHOOL,Akron,Ohio,United States,High School,RE-V5RC-25-9915,2025-11-14,35,0,35,0,35,false
1378,9447V,Sunny Side Up,Palmetto Scholars Academy,North Charleston,South Carolina,United States,High School,RE-V5RC-25-0045,2025-11-15,35,0,35,0,35,false
1379,94T,Tiny Titans,COMMUNITY SCHOOL OF NAPLES,Naples,Florida,United States,High School,RE-V5RC-25-9926,2025-07-31,35,0,35,0,35,false
1380,20315C,Marcelline C,Collège Sainte-Marcelline,Montreal,Quebec,Canada,High School,RE-V5RC-25-9941,2025-10-16,35,0,35,0,35,false
1381,3333X,X-treme Bot,Notre Dame Prep,Pontiac,Michigan,United States,High School,RE-V5RC-25-0644,2025-10-02,35,0,35,0,35,false
1382,231J,KIGHTS ROBOTICS,DR KIRK LEWIS CAREER AND TECHNICAL HIGH SCHOOL,Houston,Texas,United States,High School,RE-V5RC-25-2094,2025-09-30,35,0,35,0,35,false
1383,34020C,Charlie Brown,LA SERNA HIGH,Whittier,California,United States,High School,RE-V5RC-25-1336,2025-11-16,35,0,35,0,35,false
1384,43280A,GooN GanG,Elkhorn North High School,Omaha,Nebraska,United States,High School,RE-V5RC-25-2882,2025-11-22,35,0,35,0,35,false
1385,16438U,Craig,UNION CITY HIGH SCHOOL,Union City,Pennsylvania,United States,High School,RE-V5RC-25-2848,2025-11-24,35,0,35,0,35,false
1386,55609A,Thistle Robotics,James Gillespie's High School,Edinburgh,,United Kingdom,High School,RE-V5RC-25-0779,2025-11-25,35,0,35,0,35,false
1387,96671S,Swiss Cheese,RED RIVER HIGH SCHOOL,Grand Forks,North Dakota,United States,High School,RE-V5RC-25-2140,2025-11-22,34,15,19,15,19,false
1388,1532Z,Zeon,Bemidji VEX Robotics,Bemidji,Minnesota,United States,High School,RE-V5RC-25-2140,2025-11-22,34,15,19,15,19,false
1389,37167R,Talons Of Steel,Stewarts Creek HS JROTC,Smyrna,Tennessee,United States,High School,RE-V5RC-25-2436,2025-11-01,34,15,19,15,19,false
1390,79419Y,Whole Lotta Vex,Carey Baptist College,Perth,Western Australia,Australia,High School,RE-V5RC-25-1218,2025-10-17,34,15,19,15,19,false
1391,9039T,abDUCKted,BrandywineBOTS,Wilmington,Delaware,United States,High School,RE-V5RC-25-0161,2025-11-15,34,15,19,15,19,false
1392,43050Z,Zamboni,MOUNT VERNON HIGH SCHOOL,Mount Vernon,Ohio,United States,High School,RE-V5RC-25-9961,2025-11-15,34,15,19,15,19,false
1393,15486N,Tyrannical Turtles,VISTA SCHOOL,Ivins,Utah,United States,High School,RE-V5RC-25-0566,2025-10-25,34,13,21,13,21,false
1394,95071R,Saratoga High Resonance,Saratoga High School,Saratoga,California,United States,High School,RE-V5RC-25-0024,2025-11-22,34,1,33,12,33,false
1395,3505E,Parsec,Zebra Robotics,Mississauga,Ontario,Canada,High School,RE-V5RC-25-2570,2025-11-22,34,0,34,6,34,false
1396,967R,Radioactive,Russellville High School,Russellville,Arkansas,United States,High School,RE-V5RC-25-1653,2025-11-15,34,3,31,3,31,false
1397,11124X,The Butterfly Effect,ELYRIA HIGH SCHOOL,Elyria,Ohio,United States,High School,RE-V5RC-25-0754,2025-10-14,34,1,33,1,33,false
1398,16677K,FoldX,VexKan Robotics Club,Calgary,Alberta,Canada,High School,RE-V5RC-25-1906,2025-11-22,34,0,34,0,34,false
1399,3017X,Xccelerate,HENLEY HIGH SCHOOL,Klamath Falls,Oregon,United States,High School,RE-V5RC-25-1984,2025-11-15,34,0,34,0,34,false
1400,886Z,Zealous | WPRA,Western Pacific Robotics Academy,Richmond,British Columbia,Canada,High School,RE-V5RC-25-2576,2025-10-13,34,0,34,0,34,false
1401,16329U,PROTON,CYPRESS RIDGE HIGH SCHOOL,Houston,Texas,United States,High School,RE-V5RC-25-1618,2025-11-12,34,0,34,0,34,false
1402,12883K,STI-K,Hangzhou No.2 Middle School Qianjiang Branch,Hangzhou,Zhejiang,China,High School,RE-V5RC-25-1749,2025-10-24,34,0,34,0,34,false
1403,1784W,Torqueit!,Moses Brown School,Providence,Rhode Island,United States,High School,RE-V5RC-25-0177,2025-10-25,34,0,34,0,34,false
1404,2536A,Albatross,UNIVERSITY SCHOOL,Johnson City,Tennessee,United States,High School,RE-V5RC-25-0214,2025-10-25,34,0,34,0,34,false
1405,55288A,Makapaka,Makapaka - Meow,Oakville,Ontario,Canada,High School,RE-V5RC-25-0104,2025-11-01,34,0,34,0,34,false
1406,7187X,π≈4,FAYETTEVILLE HIGH SCHOOL EAST,Fayetteville,Arkansas,United States,High School,RE-V5RC-25-0190,2025-11-08,34,0,34,0,34,false
1407,73973C,White House - Cataclysmic Cuttlefish,WHITE HOUSE HIGH SCHOOL,White House,Tennessee,United States,High School,RE-V5RC-25-1408,2025-09-23,34,0,34,0,34,false
1408,77789A,FA-Supreme Squad,Futurum Academy Singapore,Singapore,,Singapore,High School,RE-V5RC-25-1037,2025-11-19,34,0,34,0,34,false
1409,99153V,Fenix,CECYTECH 14 Villa Esperanza,Juarez,Chihuahua,Mexico,High School,RE-V5RC-25-3446,2025-11-19,34,0,34,0,34,false
1410,81422C,LIBERTADORES C,CECYT 22 AYUNTAMIENTO,Ciudad Juarez,Chihuahua,Mexico,High School,RE-V5RC-25-3446,2025-11-19,34,0,34,0,34,false
1411,5408A,Sachse Ace of Spades,SACHSE HIGH SCHOOL,Sachse,Texas,United States,High School,RE-V5RC-25-0197,2025-11-22,34,0,34,0,34,false
1412,22204M,MachX,WYLIE HIGH SCHOOL,Wylie,Texas,United States,High School,RE-V5RC-25-0197,2025-11-22,34,0,34,0,34,false
1413,3249F,Formula 5,VANCOUVER ITECH PREPARATORY,Vancouver,Washington,United States,High School,RE-V5RC-25-9942,2025-11-22,34,0,34,0,34,false
1414,3050V,Peninsula High School Vroom,PALOS VERDES PENINSULA HIGH,Roling Hills Est,California,United States,High School,RE-V5RC-25-1049,2025-10-18,33,15,18,15,18,false
1415,8110T,Capytech,Mankato West Robotics,Mankato,Minnesota,United States,High School,RE-V5RC-25-9919,2025-11-15,33,15,18,15,18,false
1416,28891B,JROTC Team Two,PRESIDENT THEODORE ROOSEVELT HIGH SCHOOL,Honolulu,Hawaii,United States,High School,RE-V5RC-25-2038,2025-11-22,33,15,18,15,18,false
1417,36518C,Bad Company,WASHINGTON COUNTY HIGH SCHOOL,Chatom,Alabama,United States,High School,RE-V5RC-25-2149,2025-11-19,33,15,18,15,18,false
1418,67002A,Dreadnoughts,Northwest Career And Technical Academy,Las Vegas,Nevada,United States,High School,RE-V5RC-25-2178,2025-11-08,33,15,18,15,18,false
1419,37167H,Talons Of Steel,STEWARTS CREEK HIGH SCHOOL,Smyrna,Tennessee,United States,High School,RE-V5RC-25-1408,2025-09-23,33,15,18,15,18,false
1420,39110Z,39110Z,Germantown High School,Madison,Mississippi,United States,High School,RE-V5RC-25-1106,2025-11-08,33,15,18,15,18,false
1421,63600A,Eaglebots: Atlas,GRAND RAPIDS CHRISTIAN HIGH SCHOOL,Grand Rapids,Michigan,United States,High School,RE-V5RC-25-1441,2025-11-08,33,15,18,15,18,false
1422,9776G,Sizzle Squad,RIGBY HIGH SCHOOL,Rigby,Idaho,United States,High School,RE-V5RC-25-0581,2025-11-08,33,15,18,15,18,false
1423,99067Z,Thermal Jagwires,DESERT RIDGE HIGH,Mesa,Arizona,United States,High School,RE-V5RC-25-2984,2025-11-22,33,15,18,15,18,false
1424,18964W,18964W,Shanghai Starriver Bilingual School,Shanghai,Shanghai,China,High School,RE-V5RC-25-1749,2025-10-24,33,10,23,10,23,false
1425,63310K,Nemesis,Katy High School,Katy,Texas,United States,High School,RE-V5RC-25-2263,2025-11-22,33,8,25,8,25,false
1426,2501J,Full Metal Jackets,THOMAS JEFFERSON HIGH SCHOOL,Council Bluffs,Iowa,United States,High School,RE-V5RC-25-0046,2025-11-15,33,5,28,5,28,false
1427,9210B,Storm Robotics B Team,Storm Robotics (ISD47),Sauk Rapids,Minnesota,United States,High School,RE-V5RC-25-9984,2025-11-22,33,5,28,5,28,false
1428,8331B,Beijing Jiaotong-2交大附中,The High School Attached to Beijing Jiaotong University,Beijing,Beijing,China,High School,RE-V5RC-25-0642,2025-07-29,33,3,30,3,30,false
1429,4828A,OVO,BREWTECH TECHNOLOGY MAGNET HIGH SCHOOL,Montgomery,Alabama,United States,High School,RE-V5RC-25-0832,2025-11-08,33,3,30,3,30,false
1430,1723A,Burza,MERCERSBURG ACADEMY,Mercersburg,Pennsylvania,United States,High School,RE-V5RC-25-1465,2025-11-15,33,2,31,2,31,false
1431,16718A,VEXTRA,Desert Robotics,Tempe,Arizona,United States,High School,RE-V5RC-25-2984,2025-11-22,33,2,31,2,31,false
1432,3702G,GIGABYTE,Danville High School,Danville,Kentucky,United States,High School,RE-V5RC-25-2148,2025-11-08,33,1,32,1,32,false
1433,1810T,Knock On Wood,WINDHAM HIGH SCHOOL,Windham,Maine,United States,High School,RE-V5RC-25-9998,2025-11-15,33,1,32,1,32,false
1434,82718E,Nuclear,THUNDER BASIN HIGH SCHOOL,Gillette,Wyoming,United States,High School,RE-V5RC-25-0610,2025-10-25,33,1,32,1,32,false
1435,48327G,Galen VEX 1,Galen Catholic College,Wangaratta,Victoria,Australia,High School,RE-V5RC-25-0034,2025-11-15,33,0,33,0,33,false
1436,7110X,Xceleration,CARROLL HIGH SCHOOL,Southlake,Texas,United States,High School,RE-V5RC-25-1588,2025-11-01,33,0,33,0,33,false
1437,90504A,North Robotics,North High School,Torrance,California,United States,High School,RE-V5RC-25-1249,2025-11-16,33,0,33,0,33,false
1438,16099D,Overclock,KG Computech,Flushing,New York,United States,High School,RE-V5RC-25-9997,2025-09-12,33,0,33,0,33,false
1439,88170B,Buccaneer Robotics,South Dade Senior High,Homestead,Florida,United States,High School,RE-V5RC-25-1165,2025-10-19,33,0,33,0,33,false
1440,719U,Untitled,Bentonville Public Schools,CENTERTON,Arkansas,United States,High School,RE-V5RC-25-0190,2025-11-08,33,0,33,0,33,false
1441,14100W,Void,West Cabarrus High School,Concord,North Carolina,United States,High School,RE-V5RC-25-2375,2025-11-15,33,0,33,0,33,false
1442,38241H,Clankers,FAITH ACADEMY,Mobile,Alabama,United States,High School,RE-V5RC-25-1205,2025-09-30,33,0,33,0,33,false
1443,95500A,York Mills Robotics Team,Toronto District School Board,Toronto,Ontario,Canada,High School,RE-V5RC-25-2570,2025-11-22,33,0,33,0,33,false
1444,1784Z,Sprock Obama,Moses Brown School,Providence,Rhode Island,United States,High School,RE-V5RC-25-0179,2025-11-22,33,0,33,0,33,false
1445,12X,EclipX,The Potomac School,Mclean,Virginia,United States,High School,RE-V5RC-25-0494,2025-11-15,32,16,16,16,16,false
1446,99119E,PRHS Bobcats,Plymouth Regional High School,Plymouth,New Hampshire,United States,High School,RE-V5RC-25-3009,2025-11-08,32,15,17,15,17,false
1447,99402B,Sleep Deprived,THE ACADEMIES AT JONESBORO HIGH SCHOOL,Jonesboro,Arkansas,United States,High School,RE-V5RC-25-1447,2025-11-08,32,15,17,15,17,false
1448,36620D,Idiots Behind the Wheel,UNITY CHRISTIAN HIGH SCHOOL,Hudsonville,Michigan,United States,High School,RE-V5RC-25-1438,2025-10-25,32,15,17,15,17,false
1449,31765A,The Clovinators,Clover High School AFJROTC,Clover,South Carolina,United States,High School,RE-V5RC-25-0325,2025-10-08,32,15,17,15,20,false
1450,4405W,How did we get here?,VJ & ANGELA SKUTT CATHOLIC HIGH SCHOOL,Omaha,Nebraska,United States,High School,RE-V5RC-25-0398,2025-11-08,32,15,17,15,17,false
1451,97934H,RoboPanthers - Hear Me Out,FRANKLIN ROAD ACADEMY,Nashville,Tennessee,United States,High School,RE-V5RC-25-0153,2025-11-14,32,4,28,5,28,false
1452,36963C,Robo Rangers,SOUTH GRAND PRAIRIE HIGH SCHOOL,Grand Prairie,Texas,United States,High School,RE-V5RC-25-0326,2025-11-05,32,5,27,5,27,false
1453,87867C,Eclipse,AI Robotics Academy LLC,Plano,Texas,United States,High School,RE-V5RC-25-1537,2025-11-15,32,3,29,3,29,false
1454,20068B,BIBA_20068B,BIBA,Beijing,Beijing,China,High School,RE-V5RC-25-3093,2025-10-24,32,3,29,3,29,false
1455,5138M,Inspiring Robotics 21CS,Beijing 21st Century School,Beijing,Beijing,China,High School,RE-V5RC-25-3593,2025-11-21,32,0,32,3,32,false
1456,23906X,Riled Up Robots,LYONS MIDDLE/SENIOR HIGH SCHOOL,Lyons,Colorado,United States,High School,RE-V5RC-25-1864,2025-10-07,32,3,29,3,29,false
1457,654Y,Vanguards,LAKE TRAVIS HIGH SCHOOL,Austin,Texas,United States,High School,RE-V5RC-25-0634,2025-10-18,32,0,32,0,32,false
1458,30721S,BAID Team S,Beijing Academy International Division,Beijing,Beijing,China,High School,RE-V5RC-25-3093,2025-10-24,32,0,32,0,32,false
1459,945V,Avengineers,GREEN VALLEY HIGH SCHOOL,Henderson,Nevada,United States,High School,RE-V5RC-25-3045,2025-11-22,32,0,32,0,32,false
1460,77788X,Cyber Eagles,CALVARY CHRISTIAN ACADEMY & PRESCHOOL,Fort Lauderdale,Florida,United States,High School,RE-V5RC-25-1521,2025-10-18,32,0,32,0,32,false
1461,117B,Robo Charizard,Suzhou Foreign Language School,Suzhou,Jiangsu,China,High School,RE-V5RC-25-1749,2025-10-24,32,0,32,0,32,false
1462,20089X,Jinling High School Team X,JinLing High school,Nanjing,Jiangsu,China,High School,RE-V5RC-25-1749,2025-10-24,32,0,32,0,32,false
1463,74403Z,74403 Z,HILLDALE HIGH SCHOOL,Muskogee,Oklahoma,United States,High School,RE-V5RC-25-1698,2025-11-01,32,0,32,0,32,false
1464,7187C,Nathan Byars Evil Incorporated,FAYETTEVILLE HIGH SCHOOL EAST,Fayetteville,Arkansas,United States,High School,RE-V5RC-25-0190,2025-11-08,32,0,32,0,32,false
1465,1585B,Dawn,SULPHUR SPRINGS HIGH SCHOOL,Sulphur Springs,Texas,United States,High School,RE-V5RC-25-9995,2025-11-15,32,0,32,0,32,false
1466,4027A,LA Anomaly,LIPSCOMB ACADEMY,Nashville,Tennessee,United States,High School,RE-V5RC-25-1076,2025-11-15,32,0,32,0,32,false
1467,38301C,High Voltage,MADISON ACADEMIC MAGNET HIGH SCHOOL,Jackson,Tennessee,United States,High School,RE-V5RC-25-0384,2025-10-14,32,0,32,0,32,false
1468,6526D,Damien Spartan Robotics,Damien High School,La Verne,California,United States,High School,RE-V5RC-25-1335,2025-11-15,32,0,32,0,32,false
1469,597F,Robobusters Yellow,SCHOOL OF SCIENCE AND ENGINEERING,Dallas,Texas,United States,High School,RE-V5RC-25-2029,2025-11-21,32,0,32,0,32,false
1470,98377T,Tech Toucans,TECHNICAL SENIOR HIGH,St. Cloud,Minnesota,United States,High School,RE-V5RC-25-2140,2025-11-22,32,0,32,0,32,false
1471,5689D,Semi-Crazy,CALDWELL SENIOR HIGH SCHOOL,Caldwell,Idaho,United States,High School,RE-V5RC-25-2517,2025-11-22,32,0,32,0,32,false
1472,1028X,Rubber Bandits,Brownell Talbot College Preparatory School,Omaha,Nebraska,United States,High School,RE-V5RC-25-2882,2025-11-22,32,0,32,0,32,false
1473,13333T,The Clankers,TRINITY ACADEMY,Wichita,Kansas,United States,High School,RE-V5RC-25-1040,2025-11-15,31,15,16,15,16,false
1474,11591P,A(I/Y)DEN^2,PLAINWELL HIGH SCHOOL,Plainwell,Michigan,United States,High School,RE-V5RC-25-1441,2025-11-08,31,15,16,15,16,false
1475,3303M,Dublin Robotics Mariner,Dublin Robotics Club,Dublin,California,United States,High School,RE-V5RC-25-0622,2025-09-06,31,15,16,15,16,false
1476,68561B,Sweet Peas,WEST HOLMES HIGH SCHOOL,Millersburg,Ohio,United States,High School,RE-V5RC-25-1669,2025-10-25,31,15,16,15,16,false
1477,39599E,FarmBots,WINTERS HIGH,Winters,California,United States,High School,RE-V5RC-25-1514,2025-10-11,31,15,16,15,24,false
1478,6546F,One Degree North,Singapore American School,Singapore,,Singapore,High School,RE-V5RC-25-0371,2025-11-01,31,15,16,15,20,false
1479,89801B,Metal Jackets,ELKO INSTITUTE FOR ACADEMIC ACHIEVEMENT,Elko,Nevada,United States,High School,RE-V5RC-25-2432,2025-11-22,31,15,16,15,16,false
1480,1795X,Vanity,Vanity Robotics,Irvine,California,United States,High School,RE-V5RC-25-1049,2025-10-18,31,10,21,10,21,false
1481,1308D,Squishy Wheels,BOWIE HIGH SCHOOL,Austin,Texas,United States,High School,RE-V5RC-25-0876,2025-11-15,31,5,26,5,26,false
1482,41829C,Raider Robotics,RIVERDALE HIGH SCHOOL,Fort Myers,Florida,United States,High School,RE-V5RC-25-1281,2025-11-01,31,0,31,5,31,false
1483,2933X,Freyberg Vex Clankers,Freyberg High School,Palmerston North,,New Zealand,High School,RE-V5RC-25-0309,2025-11-01,31,0,31,3,31,false
1484,8682C,Crimson Dragons,Newton College and Career Academy,Covington,Georgia,United States,High School,RE-V5RC-25-1859,2025-11-08,31,3,28,3,28,false
1485,77277C,Quantum Crew,Private,Redmond,Washington,United States,High School,RE-V5RC-25-2122,2025-11-22,31,3,28,3,28,false
1486,36064A,The Flux Capacitors,Pike Road STEM Club,Pike Road,Alabama,United States,High School,RE-V5RC-25-1406,2025-11-15,31,2,29,2,29,false
1487,89131A,Mechanical Bulls,ARBOR VIEW HIGH SCHOOL,Las Vegas,Nevada,United States,High School,RE-V5RC-25-3045,2025-11-22,31,2,29,2,29,false
1488,4862A,Avionics Sparrows,Ashbury College,Ottawa,Ontario,Canada,High School,RE-V5RC-25-2570,2025-11-22,31,1,30,1,30,false
1489,9599A,Thunder,Blessed Trinity Catholic Secondary School,Grimsby,Ontario,Canada,High School,RE-V5RC-25-0250,2025-11-22,31,0,31,0,31,false
1490,8568G,Jim Clang,NORTH ANDOVER HIGH,North Andover,Massachusetts,United States,High School,RE-V5RC-25-0179,2025-11-22,31,0,31,0,31,false
1491,1011X,Ten Ton Robotics,West Vancouver School District #45,West Vancouver,British Columbia,Canada,High School,RE-V5RC-25-2529,2025-11-22,31,0,31,0,31,false
1492,4610M,Minions: Robot Rev,Robot Revolution,Summit,New Jersey,United States,High School,RE-V5RC-25-9997,2025-09-12,31,0,31,0,31,false
1493,18866A,Cybernetics,Frederick Public Schools,Frederick ,Oklahoma,United States,High School,RE-V5RC-25-0794,2025-10-18,31,0,31,0,31,false
1494,56160A,OPS -BV Thunder Herd,Buena Vista,Omaha,Nebraska,United States,High School,RE-V5RC-25-0002,2025-11-01,31,0,31,0,31,false
1495,2131U,L.O.V.E. M.U.F.F.I.N.,DAVIS HIGH,Kaysville,Utah,United States,High School,RE-V5RC-25-0581,2025-11-08,31,0,31,0,31,false
1496,20969A,Maniac Iterators,ROCKY MOUNTAIN DEAF SCHOOL,Denver,Colorado,United States,High School,RE-V5RC-25-2278,2025-11-12,31,0,31,0,31,false
1497,3150K,Juicy Owls,Silver Owl Robotics Inc,Richmond Hill,Ontario,Canada,High School,RE-V5RC-25-2246,2025-11-15,31,0,31,0,31,false
1498,3674U,UNITY,Energy Institute High School,Houston,Texas,United States,High School,RE-V5RC-25-2434,2025-11-15,31,0,31,0,31,false
1499,1166A,Te-sseract,Lutheran High School,Parker,Colorado,United States,High School,RE-V5RC-25-1864,2025-10-07,31,0,31,0,31,false
1500,98549S,Sabotage,Burnsview Secondary,Delta,British Columbia,Canada,High School,RE-V5RC-25-2529,2025-11-22,31,0,31,0,31,false
1501,45519C,NPC.exe,STEM Innovation Academy,Calgary,Alberta,Canada,High School,RE-V5RC-25-1906,2025-11-22,31,0,31,0,31,false
1502,78887A,78887A,Knox Grammar School,Wahroonga,New South Wales,Australia,High School,RE-V5RC-25-2055,2025-11-09,30,15,15,15,19,false
1503,3743E,Crazy Eight,ERIE HIGH SCHOOL,Erie,Colorado,United States,High School,RE-V5RC-25-1864,2025-10-07,30,15,15,15,15,false
1504,10410C,El Capitan Robotics Team 10410C,EL CAPITAN HIGH SCHOOL,Santee,California,United States,High School,RE-V5RC-25-1026,2025-11-15,30,15,15,15,15,false
1505,19697S,Playbot Carti,JORDAN HIGH SCHOOL,Katy,Texas,United States,High School,RE-V5RC-25-2434,2025-11-15,30,15,15,15,15,false
1506,1275A,Chamblee High School,CHAMBLEE  HIGH SCHOOL,Chamblee,Georgia,United States,High School,RE-V5RC-25-1517,2025-11-01,30,15,15,15,15,false
1507,16859X,HITMAN SQUARDON,LAKEWAY CHRISTIAN ACADEMY,White Pine,Tennessee,United States,High School,RE-V5RC-25-0432,2025-11-08,30,15,15,15,15,false
1508,3743D,Golbdfish (Goal-ba-da-fish),ERIE HIGH SCHOOL,Erie,Colorado,United States,High School,RE-V5RC-25-0996,2025-11-01,30,15,15,15,20,false
1509,507B,Mustang Robotics 507B,Otay Ranch High School,Chula Vista,California,United States,High School,RE-V5RC-25-1026,2025-11-15,30,15,15,15,21,false
1510,12954G,4-H DawgBytes -Black,Walker County 4-H,Lafayette,Georgia,United States,High School,RE-V5RC-25-0874,2025-11-01,30,15,15,15,15,false
1511,5069S,SupernØva,Millard North High School,Omaha,Nebraska,United States,High School,RE-V5RC-25-1479,2025-10-18,30,15,15,15,29,false
1512,4330N,Eureeka NOT,RANSOM EVERGLADES SCHOOL,Miami,Florida,United States,High School,RE-V5RC-25-1165,2025-10-19,30,15,15,15,15,false
1513,79096A,Fighting Falcons,HEIGHTS HIGH AFJROTC,Wichita,Kansas,United States,High School,RE-V5RC-25-2161,2025-11-23,30,15,15,15,15,false
1514,1275C,Chamblee High School,CHAMBLEE HIGH SCHOOL,Chamblee,Georgia,United States,High School,RE-V5RC-25-1517,2025-11-01,30,15,15,15,15,false
1515,91028A,Icarus,Silverdale Baptist Academy,Chattanooga,Tennessee,United States,High School,RE-V5RC-25-0260,2025-11-22,30,15,15,15,15,false
1516,99236M,重庆南开中学,重庆南开中学,重庆市沙坪坝区,Chongqing,China,High School,RE-V5RC-25-1178,2025-09-26,30,12,18,15,21,false
1517,99212C,Ursa Major C,COE-BROWN NORTHWOOD ACADEMY,Northwood,New Hampshire,United States,High School,RE-V5RC-25-2145,2025-10-25,30,15,15,15,15,false
1518,52050C,GRUG,Aquinas College,Ringwood,Victoria,Australia,High School,RE-V5RC-25-0027,2025-08-12,30,15,15,15,15,false
1519,26425A,Black Watch Bionics,Seymour College,Adelaide,South Australia,Australia,High School,RE-V5RC-25-1137,2025-10-18,30,15,15,15,15,false
1520,5156E,Snap. Crackle. Bot.,York High School,York,Maine,United States,High School,RE-V5RC-25-1202,2025-11-01,30,15,15,15,15,false
1521,33269B,Hawaiian Pizza,CARDIGAN MOUNTAIN SCHOOL,Canaan,New Hampshire,United States,High School,RE-V5RC-25-1847,2025-11-01,30,15,15,15,15,false
1522,344Z,"Veni, Vidi, Vexi",SCARBOROUGH HIGH SCHOOL,Scarborough,Maine,United States,High School,RE-V5RC-25-1202,2025-11-01,30,15,15,15,15,false
1523,47287B,CougarBots,CYPRESS CREEK HIGH SCHOOL,Houston,Texas,United States,High School,RE-V5RC-25-1618,2025-11-12,30,15,15,15,15,false
1524,50027A,It Worked Yesterday,DERBY HIGH SCHOOL,Derby,Kansas,United States,High School,RE-V5RC-25-1040,2025-11-15,30,15,15,15,15,false
1525,1575W,Wanted,Woodbridge Senior High School,Woodbridge,Virginia,United States,High School,RE-V5RC-25-0494,2025-11-15,30,15,15,15,15,false
1526,99153X,Monster Hunter,CECYTECH 14 Villa Esperanza,Juarez,Chihuahua,Mexico,High School,RE-V5RC-25-3446,2025-11-19,30,15,15,15,15,false
1527,7567E,Live Wire Fluffy Unicorns,GRAND TRAVERSE ACADEMY,Traverse City,Michigan,United States,High School,RE-V5RC-25-1606,2025-11-22,30,15,15,15,15,false
1528,9871M,Mechanical Marauders,ACADEMY FOR TECHNOLOGY ENGINEERING MATH & SCIENCE,Abilene,Texas,United States,High School,RE-V5RC-25-2542,2025-10-25,30,7,23,7,23,false
1529,75503A,Bluetooth Motors,PLEASANT GROVE HIGH SCHOOL,Texarkana,Texas,United States,High School,RE-V5RC-25-2029,2025-11-21,30,4,26,4,26,false
1530,3457X,Robolabs VorteX,Robolabs,Dublin,California,United States,High School,RE-V5RC-25-1473,2025-11-15,30,0,30,4,30,false
1531,2708A,Zenith,Douglas Robotics,Derby,Kansas,United States,High School,RE-V5RC-25-2161,2025-11-23,30,0,30,3,30,false
1532,929N,RagingBulls,Hereford High School,Parkton,Maryland,United States,High School,RE-V5RC-25-0289,2025-10-25,30,3,27,3,27,false
1533,15801E,The Mad Scientists,DUBOIS AREA SHS,Dubois,Pennsylvania,United States,High School,RE-V5RC-25-2848,2025-11-24,30,2,28,2,28,false
1534,69403Z,The Crusading Clankers,VINTON HIGH SCHOOL,Vinton,Louisiana,United States,High School,RE-V5RC-25-1502,2025-09-25,30,2,28,2,28,false
1535,13907F,ACTC F,AUTAUGA COUNTY TECHNOLOGY CENTER,Prattville,Alabama,United States,High School,RE-V5RC-25-1406,2025-11-15,30,2,28,2,28,false
1536,26989Z,RoboKnights,Traders Point Christian High School,Whitestown ,Indiana,United States,High School,RE-V5RC-25-0094,2025-11-21,30,0,30,2,30,false
1537,23401A,Farrer A,FMAHS,Calala,New South Wales,Australia,High School,RE-V5RC-25-2099,2025-10-18,30,2,28,2,29,false
1538,13907B,ACTC B,AUTAUGA COUNTY TECHNOLOGY CENTER,Prattville,Alabama,United States,High School,RE-V5RC-25-0832,2025-11-08,30,0,30,1,30,false
1539,11254W,Consistently Inconsistent,William Henry Harrison High School,Harrison,Ohio,United States,High School,RE-V5RC-25-9958,2025-11-15,30,0,30,0,30,false
1540,1744X,Xplosion,North Hollywood STEM Magnet,North Hollywood,California,United States,High School,RE-V5RC-25-1142,2025-10-25,30,0,30,0,30,false
1541,6410C,Caravan Robotics,MOUNT CARMEL HIGH SCHOOL,Chicago,Illinois,United States,High School,RE-V5RC-25-1995,2025-11-08,30,0,30,0,30,false
1542,18080V,HTS Hawks,Holy Trinity School,Richmond Hill,Ontario,Canada,High School,RE-V5RC-25-2570,2025-11-22,30,0,30,0,30,false
1543,14100H,N/A,West Cabarrus HIgh School,Concord,North Carolina,United States,High School,RE-V5RC-25-2375,2025-11-15,30,0,30,0,30,false
1544,8059X,Blank.,Anglo-Chinese School (Independent),Singapore,,Singapore,High School,RE-V5RC-25-1037,2025-11-19,30,0,30,0,30,false
1545,20480H,Obamium,SKYLINE HIGH SCHOOL,Dallas,Texas,United States,High School,RE-V5RC-25-2029,2025-11-21,30,0,30,0,30,false
1546,46311A,Al-U-mini-Um - Illiana,Illiana Christian High School,Dyer,Indiana,United States,High School,RE-V5RC-25-1856,2025-11-08,30,0,30,0,30,false
1547,80550Y,Clucking Clowns,WINDSOR CHARTER ACADEMY MIDDLE AND EARLY COLLEGE H,Windsor,Colorado,United States,High School,RE-V5RC-25-1210,2025-11-01,30,0,30,0,30,false
1548,60441T,[REDACTED],LOCKPORT TOWNSHIP HIGH SCH EAST,Lockport,Illinois,United States,High School,RE-V5RC-25-0275,2025-11-01,30,0,30,0,30,false
1549,13907A,ACTC A,AUTAUGA COUNTY TECHNOLOGY CENTER,Prattville,Alabama,United States,High School,RE-V5RC-25-0832,2025-11-08,30,0,30,0,30,false
1550,901Z,Zero Latency,The American School in Japan,Tokyo,,Japan,High School,RE-V5RC-25-1904,2025-11-15,30,0,30,0,30,false
1551,71811V,Velocity,NORTHVIEW HIGH SCHOOL,Johns Creek,Georgia,United States,High School,RE-V5RC-25-1517,2025-11-01,30,0,30,0,30,false
1552,3536S,Raider Robotics,NORTH FORSYTH HIGH SCHOOL,Cumming,Georgia,United States,High School,RE-V5RC-25-1859,2025-11-08,30,0,30,0,30,false
1553,91960X,Virus 3.0,Virus,Cedar Park,Texas,United States,High School,RE-V5RC-25-2066,2025-11-08,30,0,30,0,30,false
1554,22391B,Odometry Outlaws,WESTMORELAND HIGH SCHOOL,Westmoreland,Tennessee,United States,High School,RE-V5RC-25-1408,2025-09-23,30,0,30,0,30,false
1555,19713A,Cypress Ranch High School,Cypress Ranch High School,Cypress,Texas,United States,High School,RE-V5RC-25-1618,2025-11-12,30,0,30,0,30,false
1556,901X,BAZINGA,The American School in Japan,Tokyo,,Japan,High School,RE-V5RC-25-1904,2025-11-15,30,0,30,0,30,false
1557,99040E,Botanical Bots,VESTAVIA HILLS HIGH SCHOOL,Vestavia Hills,Alabama,United States,High School,RE-V5RC-25-0153,2025-11-14,30,0,30,0,30,false
1558,23348C,Delavan-Darien Robotics Team ,Delavan-Darien High School,Delavan,Wisconsin,United States,High School,RE-V5RC-25-1267,2025-11-15,30,0,30,0,30,false
1559,32410A,Build A Better Robot,Redwater High School,Redwater,Texas,United States,High School,RE-V5RC-25-2029,2025-11-21,30,0,30,0,30,false
1560,2849A,null,Caston Robotics,Rochester,Indiana,United States,High School,RE-V5RC-25-0094,2025-11-21,30,0,30,0,30,false
1561,676D,SMRC Lucky Duckies,Southern Maryland Robotics Club,La Plata,Maryland,United States,High School,RE-V5RC-25-1363,2025-11-22,30,0,30,0,30,false
1562,45519E,The Eh Team,STEM Innovation Academy,Calgary,Alberta,Canada,High School,RE-V5RC-25-1906,2025-11-22,30,0,30,0,30,false
1563,76058D,DDDD and Audrey,JOSHUA HIGH SCHOOL,Joshua,Texas,United States,High School,RE-V5RC-25-0197,2025-11-22,30,0,30,0,30,false
1564,45577A,Dino Nuggies,CANYON SPRINGS HIGH SCHOOL AND THE LEADERSHIP AND LAW PREPAR,North Las Vegas,Nevada,United States,High School,RE-V5RC-25-3045,2025-11-22,30,0,30,0,30,false
1565,80852A,Royal Robotics,HANALANI SCHOOLS,Mililani,Hawaii,United States,High School,RE-V5RC-25-2038,2025-11-22,30,0,30,0,30,false
1566,7121E,Maverick Robotics,ARCHBISHOP EDWARD MCCARTHY HIGH SCHOOL,Southwest Ranches,Florida,United States,High School,RE-V5RC-25-1165,2025-10-19,29,17,12,17,12,false
1567,4478X,Xerion,MASUK HIGH SCHOOL,Monroe,Connecticut,United States,High School,RE-V5RC-25-0177,2025-10-25,29,5,24,5,24,false
1568,77888E,EEE,清澜山机器人校队,Dongguan,Guangdong,China,High School,RE-V5RC-25-3593,2025-11-21,29,3,26,3,26,false
1569,4393J,EDP Robotics,ME SCH OF SCIENCE & MATHEMATICS,Limestone,Maine,United States,High School,RE-V5RC-25-2119,2025-11-22,29,3,26,3,26,false
1570,55117K,Kaotic Mayhem,FREMONT HIGH,Plain City,Utah,United States,High School,RE-V5RC-25-1483,2025-11-15,29,2,27,2,27,false
1571,5691Y,Hornet Robotics- Freyja,BRYANT HIGH SCHOOL,Bryant,Arkansas,United States,High School,RE-V5RC-25-0134,2025-11-15,29,2,27,2,27,false
1572,56029J,Metal Munchers,CRESTVIEW HIGH SCHOOL,Columbiana,Ohio,United States,High School,RE-V5RC-25-2081,2025-11-20,29,0,29,1,29,false
1573,53E,Area 53 Alien Raiders,Greenbelt Robotics Team,Greenbelt,Maryland,United States,High School,RE-V5RC-25-1363,2025-11-22,29,0,29,0,29,false
1574,32092B,2000iq,Stargate Charter School,Thornton,Colorado,United States,High School,RE-V5RC-25-1864,2025-10-07,29,0,29,0,29,false
1575,6264W,Shawnigan Robotics,Shawnigan Lake School,Shawnigan Lake,British Columbia,Canada,High School,RE-V5RC-25-3291,2025-11-22,29,0,29,0,29,false
1576,34743A,Saugus Robotics ,Saugus High School ,Santa Clarita ,California,United States,High School,RE-V5RC-25-0285,2025-11-15,29,0,29,0,29,false
1577,20164B,Bioluminescence,Charles J. Colgan Senior. High School,Manassas,Virginia,United States,High School,RE-V5RC-25-0494,2025-11-15,29,0,29,0,29,false
1578,3388A,Archangel,Sir Winston Churchill High School,Calgary,Alberta,Canada,High School,RE-V5RC-25-1905,2025-10-18,29,0,29,0,29,false
1579,569C,NightHawk Robotics Club,MURRIETA VALLEY HIGH,Murrieta,California,United States,High School,RE-V5RC-25-0409,2025-10-18,29,0,29,0,29,false
1580,11645A,3Dreamer,Hsinchu County American School,Zhubei,,Taiwan,High School,RE-V5RC-25-0321,2025-10-26,29,0,29,0,29,false
1581,10004B,Team Ace,Pu Tai senior high school with junior department,Nantou County,,Taiwan,High School,RE-V5RC-25-0321,2025-10-26,29,0,29,0,29,false
1582,63601G,Team TEMPO,CENTRAL HIGH,Park Hills,Missouri,United States,High School,RE-V5RC-25-1693,2025-11-08,29,0,29,0,29,false
1583,248D,RoboDawgs: De Novo,Grandville Robotics,Grandville,Michigan,United States,High School,RE-V5RC-25-1441,2025-11-08,29,0,29,0,29,false
1584,21408F,Trojan Chargers,CHESTERTON SENIOR HIGH SCHOOL,Chesterton,Indiana,United States,High School,RE-V5RC-25-1856,2025-11-08,29,0,29,0,29,false
1585,3946E,Enigma,KENT DENVER SCHOOL,Englewood,Colorado,United States,High School,RE-V5RC-25-2278,2025-11-12,29,0,29,0,29,false
1586,3796H,Hooligans,J. L. MANN HIGH ACADEMY,Greenville,South Carolina,United States,High School,RE-V5RC-25-0045,2025-11-15,29,0,29,0,29,false
1587,84184B,Robo Hawks,SOUTH SIDE HIGH SCHOOL,Jackson,Tennessee,United States,High School,RE-V5RC-25-0384,2025-10-14,29,0,29,0,29,false
1588,11124W,Wild West,ELYRIA HIGH SCHOOL,Elyria,Ohio,United States,High School,RE-V5RC-25-0754,2025-10-14,29,0,29,0,29,false
1589,12305A,TCCS stem teAm,Tung Chung Catholic School,Island District,,Hong Kong,High School,RE-V5RC-25-0139,2025-11-22,29,0,29,0,29,false
1590,20281B,Hypothesis,SOUTH SALEM HIGH SCHOOL,Salem,Oregon,United States,High School,RE-V5RC-25-9942,2025-11-22,29,0,29,0,29,false
1591,3145K,Kryptonite,Triway High School,Wooster,Ohio,United States,High School,RE-V5RC-25-9961,2025-11-15,28,16,12,16,25,false
1592,1064M,OPS - Momentum,OMAHA NORTH MAGNET HIGH SCHOOL,Omaha,Nebraska,United States,High School,RE-V5RC-25-2882,2025-11-22,28,15,13,15,24,false
1593,733E,NP3 Pirates E,NATOMAS PACIFIC PATHWAYS PREP,Sacramento,California,United States,High School,RE-V5RC-25-1459,2025-10-18,28,15,13,15,13,false
1594,3796A,Mann Made,J. L. MANN HIGH ACADEMY,Greenville,South Carolina,United States,High School,RE-V5RC-25-0153,2025-11-14,28,15,13,15,17,false
1595,97834A,OIA - Astral Sage,OWENSBORO INNOVATION ACADEMY,Owensboro,Kentucky,United States,High School,RE-V5RC-25-2148,2025-11-08,28,15,13,15,13,false
1596,3735B,BOB,Klein High School,Klein,Texas,United States,High School,RE-V5RC-25-2671,2025-11-08,28,15,13,15,13,false
1597,93607D,Dragon Mechs,Pacific Buddhist Academy,Honolulu,Hawaii,United States,High School,RE-V5RC-25-2038,2025-11-22,28,12,16,12,16,false
1598,94W,Winnovators,COMMUNITY SCHOOL OF NAPLES,Naples,Florida,United States,High School,RE-V5RC-25-1547,2025-10-03,28,5,23,5,23,false
1599,6546B,One Degree North,Singapore American School,Singapore,,Singapore,High School,RE-V5RC-25-0371,2025-11-01,28,5,23,5,23,false
1600,60066E,SS-E,Guangdong Experimental High School,Guangzhou,Guangdong,China,High School,RE-V5RC-25-1178,2025-09-26,28,4,24,4,24,false
1601,51548A,Resurgence,Covington High Lion-Bots,Covington,Louisiana,United States,High School,RE-V5RC-25-0477,2025-11-22,28,3,25,3,26,false
1602,70291C,007,Commerce High School,"Commece, Tx",Texas,United States,High School,RE-V5RC-25-2018,2025-11-08,28,3,25,3,25,false
1603,929K,Kodiak,Hereford High School,Parkton,Maryland,United States,High School,RE-V5RC-25-0289,2025-10-25,28,3,25,3,25,false
1604,38141A,PiBotics Aces,IGNITE INSTITUTE,Erlanger,Kentucky,United States,High School,RE-V5RC-25-0692,2025-10-04,28,3,25,3,25,false
1605,197H,197H,Harriton High School,Rosemont,Pennsylvania,United States,High School,RE-V5RC-25-0005,2025-11-15,28,3,25,3,25,false
1606,79267W,Darth Gator,River Bluff High School,Lexington,South Carolina,United States,High School,RE-V5RC-25-0045,2025-11-15,28,3,25,3,25,false
1607,2360V,Vortex,Neuqua Valley High School,Naperville,Illinois,United States,High School,RE-V5RC-25-1647,2025-11-16,28,3,25,3,25,false
1608,2849W,Fire Force,Caston Robotics,Rochester,Indiana,United States,High School,RE-V5RC-25-0094,2025-11-21,28,1,27,1,27,false
1609,2474S,Requiem,Walnut Grove Robotics,Prosper,Texas,United States,High School,RE-V5RC-25-1537,2025-11-15,28,0,28,1,28,false
1610,32092C,Squid Squad,Stargate Charter School,Thornton,Colorado,United States,High School,RE-V5RC-25-1573,2025-10-25,28,1,27,1,27,false
1611,21520B,Lakeshore Catholic High School,Lakeshore Catholic High School ,Port Colborne,Ontario,Canada,High School,RE-V5RC-25-0250,2025-11-22,28,0,28,0,28,false
1612,96021B,Over Processors,JAMES IRWIN CHARTER HIGH SCHOOL,Colorado Springs,Colorado,United States,High School,RE-V5RC-25-1056,2025-10-18,28,0,28,0,28,false
1613,13876A,KCHS #1,CATHOLIC HIGH SCHOOL OF KEARNEY,Kearney,Nebraska,United States,High School,RE-V5RC-25-1479,2025-10-18,28,0,28,0,28,false
1614,9909K,K Team,MIDDLETOWN HIGH SCHOOL,Middletown,Connecticut,United States,High School,RE-V5RC-25-0177,2025-10-25,28,0,28,0,28,false
1615,33344C,Catastrophe,Whitewater High School,Fayetteville,Georgia,United States,High School,RE-V5RC-25-1517,2025-11-01,28,0,28,0,28,false
1616,60441C,Cutting Edgineers,LOCKPORT TOWNSHIP HIGH SCH EAST,Lockport,Illinois,United States,High School,RE-V5RC-25-0275,2025-11-01,28,0,28,0,28,false
1617,60441X,Teqnifii Nova,LOCKPORT TOWNSHIP HIGH SCH EAST,Lockport,Illinois,United States,High School,RE-V5RC-25-0275,2025-11-01,28,0,28,0,28,false
1618,9181A,Auxiliary,Seaquam Secondary,Delta,British Columbia,Canada,High School,RE-V5RC-25-0133,2025-11-08,28,0,28,0,28,false
1619,37377B,B,SIGNAL MOUNTAIN MIDDLE/HIGH SCHOOL,Signal Mountain,Tennessee,United States,High School,RE-V5RC-25-0432,2025-11-08,28,0,28,0,28,false
1620,20641B,Robo Dawgs Python,ZEPHYRHILLS HIGH SCHOOL,Zephyrhills,Florida,United States,High School,RE-V5RC-25-0326,2025-11-05,28,0,28,0,28,false
1621,79336A,CECYTEM Plantel Lagunillas,CECYTEM Plantel  Lagunillas,Lagunillas,Michoacán,Mexico,High School,RE-V5RC-25-2832,2025-11-13,28,0,28,0,28,false
1622,901A,Carl,The American School in Japan,Tokyo,,Japan,High School,RE-V5RC-25-1904,2025-11-15,28,0,28,0,28,false
1623,22579D,People of the Cube,MILTON HIGH,Milton,Wisconsin,United States,High School,RE-V5RC-25-1267,2025-11-15,28,0,28,0,28,false
1624,1138C,Eagle Engineering C,CHAMINADE COLLEGE PREPARATORY HIGH SCHOOL,West Hills,California,United States,High School,RE-V5RC-25-0285,2025-11-15,28,0,28,0,28,false
1625,7368C,CCHS Controlled Chaos,COVENANT CHRISTIAN HIGH SCHOOL,Indianapolis,Indiana,United States,High School,RE-V5RC-25-0094,2025-11-21,28,0,28,0,28,false
1626,3440V,Vanguard,REACT ,Elizabethtown,Kentucky,United States,High School,RE-V5RC-25-2549,2025-11-22,28,0,28,0,28,false
1627,7983R,Centennial CyberHawks R,Centennial High School,Bakersfield,California,United States,High School,RE-V5RC-25-9931,2025-10-25,27,15,12,15,12,false
1628,14241M,Altitude,Level V Robotics,Charlotte,North Carolina,United States,High School,RE-V5RC-25-2375,2025-11-15,27,15,12,15,12,false
1629,733B,NP3 Pirates B,NATOMAS PACIFIC PATHWAYS PREP,Sacramento,California,United States,High School,RE-V5RC-25-0122,2025-11-02,27,15,12,15,12,false
1630,2719X,That one team,TRITON CENTRAL HIGH SCHOOL,Fairland,Indiana,United States,High School,RE-V5RC-25-0094,2025-11-21,27,15,12,15,12,false
1631,27265A,Steamrollers,WESTCHESTER COUNTRY DAY SCHOOL,High Point,North Carolina,United States,High School,RE-V5RC-25-2375,2025-11-15,27,11,16,11,16,false
1632,4519R,"Bacon, Egg and Cheese, Egg and Cheese",OMAHA SOUTH MAGNET HIGH SCHOOL,Omaha,Nebraska,United States,High School,RE-V5RC-25-0456,2025-09-25,27,0,27,5,27,false
1633,79419S,Shooting Star,Carey Baptist College,Perth,Western Australia,Australia,High School,RE-V5RC-25-1218,2025-10-17,27,5,22,5,22,false
1634,6865Z,Ultraviolet,BARBERS HILL HIGH SCHOOL,Mont Belvieu,Texas,United States,High School,RE-V5RC-25-2434,2025-11-15,27,3,24,3,24,false
1635,9039Y,Happybaras,BrandywineBOTS,Wilmington,Delaware,United States,High School,RE-V5RC-25-0161,2025-11-15,27,0,27,2,27,false
1636,14141X,BlueShift Robotics,South Lake Robotics,Groveland,Florida,United States,High School,RE-V5RC-25-2382,2025-11-15,27,2,25,2,25,false
1637,6323Z,Thunder Robotics,DESERT VISTA HIGH SCHOOL,Phoenix,Arizona,United States,High School,RE-V5RC-25-9955,2025-10-18,27,0,27,1,27,false
1638,51401G,Cooper's Troopers,RIVERSIDE HIGH SCHOOL,Belle,West Virginia,United States,High School,RE-V5RC-25-1508,2025-10-09,27,0,27,1,27,false
1639,55455D,TechBlazers,Self,San Jose,California,United States,High School,RE-V5RC-25-1460,2025-11-08,27,1,26,1,26,false
1640,76058B,McFeins,JOSHUA HIGH SCHOOL,Joshua,Texas,United States,High School,RE-V5RC-25-0197,2025-11-22,27,0,27,0,27,false
1641,45133F,Foxtrot,HILLSBORO HIGH SCHOOL,Hillsboro,Ohio,United States,High School,RE-V5RC-25-0167,2025-10-25,27,0,27,0,27,false
1642,10058B,Apex Eagles,CORAL ACADEMY OF SCIENCE LAS VEGAS - Cadence,Henderson,Nevada,United States,High School,RE-V5RC-25-2178,2025-11-08,27,0,27,0,27,false
1643,2545A,ByteForce,ByteForce,Leander,Texas,United States,High School,RE-V5RC-25-0634,2025-10-18,27,0,27,0,27,false
1644,49637C,McFarland Team Chronos,Mcfarland High School,Mcfarland,California,United States,High School,RE-V5RC-25-9931,2025-10-25,27,0,27,0,27,false
1645,93303V,The Bot-cherlorette Party,Monmouth Robotics,Monmouth,Maine,United States,High School,RE-V5RC-25-1202,2025-11-01,27,0,27,0,27,false
1646,42368E,Electric Phoenix,BURKBURNETT HIGH SCHOOL,Burkburnett,Texas,United States,High School,RE-V5RC-25-1976,2025-11-01,27,0,27,0,27,false
1647,6865A,Killswitch,BARBERS HILL HIGH SCHOOL,Mont Belvieu,Texas,United States,High School,RE-V5RC-25-2262,2025-11-01,27,0,27,0,27,false
1648,98471A,The Underdogs,CHENEY HIGH,Cheney,Kansas,United States,High School,RE-V5RC-25-2015,2025-11-01,27,0,27,0,27,false
1649,20641A,Robo Dawgs 1 Florida Man,ZEPHYRHILLS HIGH SCHOOL,Zephyrhills,Florida,United States,High School,RE-V5RC-25-0326,2025-11-05,27,0,27,0,27,false
1650,39Z,Bobby Wasabi,CRANBROOK SCHOOLS,Bloomfield Hills,Michigan,United States,High School,RE-V5RC-25-0378,2025-11-08,27,0,27,0,27,false
1651,19713C,Cypress Ranch High School,Cypress Ranch High School,Cypress,Texas,United States,High School,RE-V5RC-25-1618,2025-11-12,27,0,27,0,27,false
1652,33472G,Power Tribe,Alchesay High School,Whiteriver,Arizona,United States,High School,RE-V5RC-25-1416,2025-11-13,27,0,27,0,27,false
1653,73973A,White House - Atomic,WHITE HOUSE HIGH SCHOOL,White House,Tennessee,United States,High School,RE-V5RC-25-1076,2025-11-15,27,0,27,0,27,false
1654,2971C,Cesium,NORTHWESTERN HIGH SCHOOL,West Salem,Ohio,United States,High School,RE-V5RC-25-9961,2025-11-15,27,0,27,0,27,false
1655,27508B,Viking Robotics Team Odin,North Salem High School,Salem,Oregon,United States,High School,RE-V5RC-25-1984,2025-11-15,27,0,27,0,27,false
1656,17711W,ASAP,Independent,Sutton,,United Kingdom,High School,RE-V5RC-25-2142,2025-11-16,27,0,27,0,27,false
1657,63857B,Biohazard,Mashpee High School,Mashpee,Massachusetts,United States,High School,RE-V5RC-25-0347,2025-10-23,27,0,27,0,27,false
1658,7545A,SMHS Robotics,Susan Moore High School,Blountsville,Alabama,United States,High School,RE-V5RC-25-2509,2025-11-22,27,0,27,0,27,false
1659,97004A,Fourge Robotics (4GE),Washington County Career & Technical Education Center,Abingdon,Virginia,United States,High School,RE-V5RC-25-0260,2025-11-22,27,0,27,0,27,false
1660,3512X,Fellow Chaps,SUMNER HIGH SCHOOL,Sumner,Washington,United States,High School,RE-V5RC-25-2122,2025-11-22,27,0,27,0,27,false
1661,67100R,Revelation,Maize Bot Club,Wichita,Kansas,United States,High School,RE-V5RC-25-2161,2025-11-23,27,0,27,0,27,false
1662,74403W,74403 W,HILLDALE HIGH SCHOOL,Muskogee,Oklahoma,United States,High School,RE-V5RC-25-1698,2025-11-01,26,0,26,15,26,false
1663,4873K,Khaos!,Seckinger High School,Buford,Georgia,United States,High School,RE-V5RC-25-0153,2025-11-14,26,5,21,15,21,false
1664,71811Z,Zeta,NORTHVIEW HIGH SCHOOL,Johns Creek,Georgia,United States,High School,RE-V5RC-25-1845,2025-11-14,26,15,11,15,11,false
1665,4154D,U.S.S. ROBOTICS,NSU University School,Fort Lauderdale,Florida,United States,High School,RE-V5RC-25-1986,2025-11-08,26,9,17,9,17,false
1666,1860A,Little Bear Robotics,MOUNTAIN VIEW HIGH SCHOOL,El Paso,Texas,United States,High School,RE-V5RC-25-1352,2025-11-22,26,8,18,8,20,false
1667,11212A,Apex,Private,Redmond,Washington,United States,High School,RE-V5RC-25-0800,2025-11-01,26,6,20,6,20,false
1668,40404A,Error 404,Error 404 - A.N. Myer S.S.,Niagara Falls,Ontario,Canada,High School,RE-V5RC-25-0124,2025-10-28,26,6,20,6,20,false
1669,81208G,LeRoi Galaxy,LeRoi Robotics,Richmond Hill,Ontario,Canada,High School,RE-V5RC-25-0250,2025-11-22,26,6,20,6,26,false
1670,44252S,Sulfur,LEXINGTON TECHNOLOGY CENTER,Lexington,South Carolina,United States,High School,RE-V5RC-25-0045,2025-11-15,26,5,21,5,22,false
1671,2208C,Colegio San Jose,Colegio San Jose,San Juan,,Puerto Rico,High School,RE-V5RC-25-0269,2025-08-23,26,5,21,5,21,false
1672,91142A,Adrenaline,BEAVER LOCAL HIGH SCHOOL,East Liverpool,Ohio,United States,High School,RE-V5RC-25-0882,2025-11-22,26,3,23,3,26,false
1673,99751R,Rampage,Colorado Early College Fort Collins,Fort Collins,Colorado,United States,High School,RE-V5RC-25-0257,2025-10-11,26,2,24,2,24,false
1674,18866B,System Overload,Frederick Public Schools,Frederick ,Oklahoma,United States,High School,RE-V5RC-25-0794,2025-10-18,26,2,24,2,24,false
1675,28401A,Viper Team Alpha,REAGAN HIGH SCHOOL,San Antonio,Texas,United States,High School,RE-V5RC-25-1643,2025-10-04,26,1,25,1,25,false
1676,2323D,Deleterious,WEBER INNOVATION HIGH SCHOOL,Ogden,Utah,United States,High School,RE-V5RC-25-1483,2025-11-15,26,1,25,1,25,false
1677,7422B,Robotic Burros,Burroughs High,Ridgecrest,California,United States,High School,RE-V5RC-25-9939,2025-10-18,26,0,26,0,26,false
1678,84443N,Discovery,RICE LAKE HIGH,Rice Lake,Wisconsin,United States,High School,RE-V5RC-25-1389,2025-11-12,26,0,26,0,26,false
1679,96021G,Digital Defects,JAMES IRWIN CHARTER MIDDLE SCHOOL,Colorado Springs,Colorado,United States,High School,RE-V5RC-25-1056,2025-10-18,26,0,26,0,26,false
1680,16577A,Kennedy Catholic - Spaghetti,Kennedy Catholic High School,Burien,Washington,United States,High School,RE-V5RC-25-0966,2025-11-15,26,0,26,0,26,false
1681,2990W,Wall-E,West Salem High School,Salem,Oregon,United States,High School,RE-V5RC-25-1154,2025-11-01,26,0,26,0,26,false
1682,72991B,Citronelle Team 2,CITRONELLE HIGH SCHOOL,Citronelle,Alabama,United States,High School,RE-V5RC-25-1205,2025-09-30,26,0,26,0,26,false
1683,87490E,The Enclave,FARMERSVILLE HIGH SCHOOL,Farmersville,Texas,United States,High School,RE-V5RC-25-1827,2025-10-06,26,0,26,0,26,false
1684,6978D,DNA,Highland High School,Marengo,Ohio,United States,High School,RE-V5RC-25-1956,2025-11-08,26,0,26,0,26,false
1685,19802A,Salesianum Robotics,Salesianum School,Wilmington,Delaware,United States,High School,RE-V5RC-25-0161,2025-11-15,26,0,26,0,26,false
1686,39C,S.W.R.Y.L.,CRANBROOK SCHOOLS,Bloomfield Hills,Michigan,United States,High School,RE-V5RC-25-0380,2025-11-15,26,0,26,0,26,false
1687,3796G,Goated!,J. L. MANN HIGH ACADEMY,Greenville,South Carolina,United States,High School,RE-V5RC-25-0045,2025-11-15,26,0,26,0,26,false
1688,4330R,The Live Wires,RANSOM EVERGLADES SCHOOL,Miami,Florida,United States,High School,RE-V5RC-25-1165,2025-10-19,26,0,26,0,26,false
1689,934Z,Towson Terminators: Zenith,TOWSON HIGH LAW & PUBLIC POLICY,Towson,Maryland,United States,High School,RE-V5RC-25-0289,2025-10-25,26,0,26,0,26,false
1690,6978K,Kilo,Highland High School,Marengo,Ohio,United States,High School,RE-V5RC-25-1669,2025-10-25,26,0,26,0,26,false
1691,7410G,ATHS - Goofy Goobers, Arsenal Technical High School,Indianapolis,Indiana,United States,High School,RE-V5RC-25-1082,2025-11-01,26,0,26,0,26,false
1692,36830C,Vulcan,AUBURN HIGH SCHOOL,Auburn,Alabama,United States,High School,RE-V5RC-25-2133,2025-11-01,26,0,26,0,26,false
1693,6104A,Cole Slaw,SHORECREST PREPARATORY SCHOOL,St Petersberg,Florida,United States,High School,RE-V5RC-25-1281,2025-11-01,26,0,26,0,26,false
1694,19942A,Mustang Battelion,EAST HIGH,Memphis,Tennessee,United States,High School,RE-V5RC-25-2436,2025-11-01,26,0,26,0,26,false
1695,9039F,Ferocity,BrandywineBOTS,Wilmington,Delaware,United States,High School,RE-V5RC-25-0157,2025-10-09,26,0,26,0,26,false
1696,3885C,Mecha Cats,UNITEC CAREER CTR.,Bonne Terre,Missouri,United States,High School,RE-V5RC-25-1693,2025-11-08,26,0,26,0,26,false
1697,288D,RoboDawgs: Dauntless,Grandville High School,Grandville,Michigan,United States,High School,RE-V5RC-25-1441,2025-11-08,26,0,26,0,26,false
1698,502V,The Swarm,"SD41 Mechatronics, Burnaby",Burnaby,British Columbia,Canada,High School,RE-V5RC-25-0133,2025-11-08,26,0,26,0,26,false
1699,1961A,SFHS Eaglebots A,SOUTH FORSYTH HIGH SCHOOL,Cumming,Georgia,United States,High School,RE-V5RC-25-1859,2025-11-08,26,0,26,0,26,false
1700,663S,Vegan Cheese,CHATTANOOGA CHRISTIAN SCHOOL,Chattanooga,Tennessee,United States,High School,RE-V5RC-25-0432,2025-11-08,26,0,26,0,26,false
1701,77711J,The Slurpers,NIMITZ HIGH SCHOOL,Irving,Texas,United States,High School,RE-V5RC-25-1897,2025-11-08,26,0,26,0,26,false
1702,77711S,Chopped Cheese,NIMITZ HIGH SCHOOL,Irving,Texas,United States,High School,RE-V5RC-25-1897,2025-11-08,26,0,26,0,26,false
1703,44405B,Alt F4 Robotics,ODYSSEY EARLY COLLEGE AND CAREER OPTIONS,Colorado Springs,Colorado,United States,High School,RE-V5RC-25-1053,2025-10-18,26,0,26,0,26,false
1704,54770B,Blue Cold Chili Peppers,ELEVA-STRUM HIGH,Strum,Wisconsin,United States,High School,RE-V5RC-25-1389,2025-11-12,26,0,26,0,26,false
1705,29019X,Gridwalkers,Eureka STEM,Morrisville,North Carolina,United States,High School,RE-V5RC-25-0153,2025-11-14,26,0,26,0,26,false
1706,86587A,This IS our first rodeo,CROSSHILL CHRISTIAN SCHOOL,Turner,Oregon,United States,High School,RE-V5RC-25-1984,2025-11-15,26,0,26,0,26,false
1707,94517F,Flamingo Dynamics,Clayton Valley Charter High School,Concord,California,United States,High School,RE-V5RC-25-1473,2025-11-15,26,0,26,0,26,false
1708,8780F,UnderClock,Waubonsie Valley High School,Aurora,Illinois,United States,High School,RE-V5RC-25-1647,2025-11-16,26,0,26,0,26,false
1709,34857A,DRAGONBOTS CECYTECH 11 CD. DEL CONOCIMIENTO,CECYTECH 11 Ciudad del Conocimiento,Ciudad Juárez,Chihuahua,Mexico,High School,RE-V5RC-25-3446,2025-11-19,26,0,26,0,26,false
1710,99153Z,Golden Women,CECYTECH 14 Villa Esperanza,Juarez,Chihuahua,Mexico,High School,RE-V5RC-25-3446,2025-11-19,26,0,26,0,26,false
1711,597E,Robobusters Purple,SCHOOL OF SCIENCE AND ENGINEERING,Dallas,Texas,United States,High School,RE-V5RC-25-2029,2025-11-21,26,0,26,0,26,false
1712,9080C,Sleeping Dragon,SOUTH HAGERSTOWN HIGH,Hagerstown,Maryland,United States,High School,RE-V5RC-25-1363,2025-11-22,26,0,26,0,26,false
1713,3778D,Humble Hacker,SFLS robotics club,suzhou,Jiangsu,China,High School,RE-V5RC-25-3593,2025-11-21,26,0,26,0,26,false
1714,16438C,PLUH,UNION CITY HIGH SCHOOL,Union City,Pennsylvania,United States,High School,RE-V5RC-25-2848,2025-11-24,26,0,26,0,26,false
1715,47779U,GRANBOTS U,Granville Boys High School,Granville Nsw,New South Wales,Australia,High School,RE-V5RC-25-2055,2025-11-09,25,15,10,15,10,false
1716,7479Y,Bushrangers,Hillcrest Christian College,Clyde North,Victoria,Australia,High School,RE-V5RC-25-0032,2025-10-18,25,0,25,15,25,false
1717,7110S,Sentinels,CARROLL HIGH SCHOOL,Southlake,Texas,United States,High School,RE-V5RC-25-1588,2025-11-01,25,15,10,15,19,false
1718,79096F,Dreaded Falcons,HEIGHTS HIGH AFJROTC,Wichita,Kansas,United States,High School,RE-V5RC-25-0326,2025-11-05,25,15,10,15,11,false
1719,24626U,CRHS Polaris - Ursa Major,Cinco Ranch High School Polaris Robotic Club,Katy,Texas,United States,High School,RE-V5RC-25-1028,2025-10-25,25,15,10,15,10,false
1720,4112A,The Scorpions,ZANESVILLE HIGH SCHOOL,Zanesville,Ohio,United States,High School,RE-V5RC-25-9958,2025-11-15,25,15,10,15,10,false
1721,99067B,Nano Jagwires,DESERT RIDGE HIGH,Mesa,Arizona,United States,High School,RE-V5RC-25-2984,2025-11-22,25,15,10,15,10,false
1722,68729X,未来科技战队-X,西安艾客机器人教育科技有限责任公司,西安,Shanxi,China,High School,RE-V5RC-25-3772,2025-11-14,25,9,16,9,16,false
1723,1505A,HC Robo Raiders,Holy Cross Catholic Secondary School,St. Catharines,Ontario,Canada,High School,RE-V5RC-25-0124,2025-10-28,25,5,20,5,20,false
1724,61353B,The Technicians,ADVANCED TECHNOLOGIES ACADEMY,Las Vegas,Nevada,United States,High School,RE-V5RC-25-2178,2025-11-08,25,5,20,5,20,false
1725,727R,Terrapin Red,Tampa Preparatory School,Tampa,Florida,United States,High School,RE-V5RC-25-2382,2025-11-15,25,5,20,5,20,false
1726,6546E,One Degree North,Singapore American School,Singapore,,Singapore,High School,RE-V5RC-25-1037,2025-11-19,25,0,25,3,25,false
1727,1437V,Patriot Robotics,VIEWPOINT SCHOOL,Calabasas,California,United States,High School,RE-V5RC-25-0285,2025-11-15,25,3,22,3,22,false
1728,76058E,Exogenesis,JOSHUA HIGH SCHOOL,Joshua,Texas,United States,High School,RE-V5RC-25-0197,2025-11-22,25,3,22,3,22,false
1729,3260S,SHARP,Sarah Heinz House,Pittsburgh,Pennsylvania,United States,High School,RE-V5RC-25-2893,2025-11-14,25,2,23,2,23,false
1730,74559B,The Argonauts,CELINA HIGH SCHOOL,Celina,Texas,United States,High School,RE-V5RC-25-0044,2025-10-18,25,0,25,2,25,false
1731,13017A,Supernova,TECH Robotics,Bush,Louisiana,United States,High School,RE-V5RC-25-0477,2025-11-22,25,1,24,1,24,false
1732,85301V,Generic,The International School of Macao,Macau,,Macau,High School,RE-V5RC-25-0576,2025-10-31,25,1,24,1,24,false
1733,94521A,NASA,FREMONT HIGH SCHOOL,Fremont,Indiana,United States,High School,RE-V5RC-25-1438,2025-10-25,25,0,25,0,25,false
1734,84954A,Wa-Nee:  Magnitude,NORTH WOOD HIGH SCHOOL,Nappanee,Indiana,United States,High School,RE-V5RC-25-1982,2025-11-15,25,0,25,0,25,false
1735,96969Y,PAS1,Pacific American School,"Zhubei, Hsinchu County",,Taiwan,High School,RE-V5RC-25-0321,2025-10-26,25,0,25,0,25,false
1736,87490B,Big Benny's III (Diner Dynasty),FARMERSVILLE HIGH SCHOOL,Farmersville,Texas,United States,High School,RE-V5RC-25-1827,2025-10-06,25,0,25,0,25,false
1737,84443K,Kraken,RICE LAKE HIGH,Rice Lake,Wisconsin,United States,High School,RE-V5RC-25-1389,2025-11-12,25,0,25,0,25,false
1738,51617B,He Who Shall Not Be Named,ROSE BUD HIGH SCHOOL,Rose Bud,Arkansas,United States,High School,RE-V5RC-25-1823,2025-11-22,25,0,25,0,25,false
1739,2941D,Mater,Otumoetai College,Tauranga,,New Zealand,High School,RE-V5RC-25-0541,2025-11-01,25,0,25,0,25,false
1740,1275D,Chamblee High School,CHAMBLEE HIGH SCHOOL,Chamblee,Georgia,United States,High School,RE-V5RC-25-1845,2025-11-14,25,0,25,0,25,false
1741,43272X,Fox Robotics - Vacuum Sealed Hamster,Caddo Mills High School,Caddo Mills,Texas,United States,High School,RE-V5RC-25-1603,2025-11-01,25,0,25,0,25,false
1742,333R,Los Robos,Niles North 333 Robotics,Skokie,Illinois,United States,High School,RE-V5RC-25-0275,2025-11-01,25,0,25,0,25,false
1743,82855S,STL Symphony,STL Robotics,Richmond Hill,Ontario,Canada,High School,RE-V5RC-25-0104,2025-11-01,25,0,25,0,25,false
1744,2567A,Porta-Botz! - [A.K.A.],PORTAGE HIGH SCHOOL,Portage,Indiana,United States,High School,RE-V5RC-25-1856,2025-11-08,25,0,25,0,25,false
1745,7686H,Heat Wave,Tiger Robotics (Harrisburg School District),Harrisburg,South Dakota,United States,High School,RE-V5RC-25-0630,2025-11-22,25,0,25,0,25,false
1746,9821A,Astronautzzz,EAST GRAND FORKS SENIOR HIGH,East Grand Forks,Minnesota,United States,High School,RE-V5RC-25-2140,2025-11-22,25,0,25,0,25,false
1747,920B,SLO - Botics,San Luis Obispo High School,San Luis Obispo,California,United States,High School,RE-V5RC-25-0022,2025-09-20,25,0,25,0,25,false
1748,2252W,CIMATEC,CIMATEC,Caguas,,Puerto Rico,High School,RE-V5RC-25-0269,2025-08-23,25,0,25,0,25,false
1749,89250X,Xerneas,PINECREST NORTH PREPARATORY (FONTAINEBLEAU CAMPUS),Miami,Florida,United States,High School,RE-V5RC-25-1521,2025-10-18,25,0,25,0,25,false
1750,2477X,Marauder Rascals,Waipahu High School,Waipahu,Hawaii,United States,High School,RE-V5RC-25-0675,2025-10-25,25,0,25,0,25,false
1751,69153A,Synced,St Peters College,Hackney,South Australia,Australia,High School,RE-V5RC-25-2743,2025-10-27,25,0,25,0,25,false
1752,85301Z,Xhy are we xere,The International School of Macao,Macau,,Macau,High School,RE-V5RC-25-0576,2025-10-31,25,0,25,0,25,false
1753,2567Y,Porta-Botz!-Yellow Jackets,Portage High School-PLTW/Robotics,Portage,Indiana,United States,High School,RE-V5RC-25-1214,2025-11-01,25,0,25,0,25,false
1754,321H,Hawks,Niles West HS 321 Robotics,Skokie,Illinois,United States,High School,RE-V5RC-25-0275,2025-11-01,25,0,25,0,25,false
1755,17505A,Pink Panthers,IM TERRELL ACADEMY FOR STEM AND VPA,Fort Worth,Texas,United States,High School,RE-V5RC-25-1976,2025-11-01,25,0,25,0,25,false
1756,39972B,Bronze Gears,Columbus East High School,Columbus,Indiana,United States,High School,RE-V5RC-25-0738,2025-11-08,25,0,25,0,25,false
1757,21408B,Trojan Chargers,CHESTERTON SENIOR HIGH SCHOOL,Chesterton,Indiana,United States,High School,RE-V5RC-25-1856,2025-11-08,25,0,25,0,25,false
1758,547B,Junkyard Geniuses,CHATTANOOGA GIRLS LEADERSHIP ACADEMY,Chattanooga,Tennessee,United States,High School,RE-V5RC-25-0432,2025-11-08,25,0,25,0,25,false
1759,3337A,Hurricane,Klein Cain High School,Klein,Texas,United States,High School,RE-V5RC-25-2671,2025-11-08,25,0,25,0,25,false
1760,34716C,ArrowMatic Titans,A+ CHARTER SCHOOLS,Maricopa,Arizona,United States,High School,RE-V5RC-25-2088,2025-11-08,25,0,25,0,25,false
1761,6008M,Metalmorphosis,NORTH UNION HIGH SCHOOL,Richwood,Ohio,United States,High School,RE-V5RC-25-1241,2025-11-11,25,0,25,0,25,false
1762,231A,KNIGHTS ROBOTICS,DR KIRK LEWIS CAREER AND TECHNICAL HIGH SCHOOL,Houston,Texas,United States,High School,RE-V5RC-25-2094,2025-09-30,25,0,25,0,25,false
1763,31260S,Jems,Camberwell Grammar School,Canterbury,Victoria,Australia,High School,RE-V5RC-25-0034,2025-11-15,25,0,25,0,25,false
1764,44110P,All for one,Patumwan Demonstration School,Bangkok ,,Thailand,High School,RE-V5RC-25-0588,2025-11-15,25,0,25,0,25,false
1765,91142B,Redneck Engineers,BEAVER LOCAL HIGH SCHOOL,East Liverpool,Ohio,United States,High School,RE-V5RC-25-9961,2025-11-15,25,0,25,0,25,false
1766,6121A,The Pioneers,CONESTOGA SHS,Berwyn,Pennsylvania,United States,High School,RE-V5RC-25-0005,2025-11-15,25,0,25,0,25,false
1767,2131T,Tactical Snacks,DAVIS HIGH,Kaysville,Utah,United States,High School,RE-V5RC-25-1483,2025-11-15,25,0,25,0,25,false
1768,32792S,Screwless,Winter Park High School,Winter Park,Florida,United States,High School,RE-V5RC-25-2382,2025-11-15,25,0,25,0,25,false
1769,2790D,Ill Think About It,Valparaiso High School,Valparaiso,Indiana,United States,High School,RE-V5RC-25-1982,2025-11-15,25,0,25,0,25,false
1770,11555A,Peregrine,THE FIELD SCHOOL,Washington,District of Columbia,United States,High School,RE-V5RC-25-0494,2025-11-15,25,0,25,0,25,false
1771,22579E,Croissant,MILTON HIGH,Milton,Wisconsin,United States,High School,RE-V5RC-25-1267,2025-11-15,25,0,25,0,25,false
1772,20281A,Batteries Not Included,SOUTH SALEM HIGH SCHOOL,Salem,Oregon,United States,High School,RE-V5RC-25-1984,2025-11-15,25,0,25,0,25,false
1773,569B,NightHawk Robotics Club,MURRIETA VALLEY HIGH,Murrieta,California,United States,High School,RE-V5RC-25-1212,2025-11-15,25,0,25,0,25,false
1774,540W,Appleby,Appleby College,Oakville,Ontario,Canada,High School,RE-V5RC-25-0071,2025-11-04,25,0,25,0,25,false
1775,10368A,JSTEA,JSTEA,"Kwai Chung, Nt",,Hong Kong,High School,RE-V5RC-25-0139,2025-11-22,25,0,25,0,25,false
1776,88109A,广东碧桂园学校高中A队,GuangDong Country Garden School(Senior ),Foshan,Guangdong,China,High School,RE-V5RC-25-3593,2025-11-21,25,0,25,0,25,false
1777,1815W,WCS CATaclysm - Wonderless,WESTBURY CHRISTIAN SCHOOL,Houston,Texas,United States,High School,RE-V5RC-25-2263,2025-11-22,25,0,25,0,25,false
1778,3440M,Mutant,REACT ,Elizabethtown,Kentucky,United States,High School,RE-V5RC-25-2549,2025-11-22,25,0,25,0,25,false
1779,40684C,Deimos,NAPOLEON HIGH SCHOOL,Napoleon,Michigan,United States,High School,RE-V5RC-25-0381,2025-11-22,25,0,25,0,25,false
1780,2025X,Styrax,N Garland High School,Garland,Texas,United States,High School,RE-V5RC-25-0197,2025-11-22,25,0,25,0,25,false
1781,2142Z,Guppies,John Bapst Memorial High School,Bangor,Maine,United States,High School,RE-V5RC-25-2119,2025-11-22,25,0,25,0,25,false
1782,89052A,Synergy,LIBERTY HIGH SCHOOL,Henderson,Nevada,United States,High School,RE-V5RC-25-3045,2025-11-22,25,0,25,0,25,false
1783,88454A,O.R.B. (Our Robot is Broken),FAITH Homeschool Co-op,Elizabethtown,Kentucky,United States,High School,RE-V5RC-25-2549,2025-11-22,24,15,9,15,9,false
1784,5686R,Rewind,Mazama High School,Klamath Falls,Oregon,United States,High School,RE-V5RC-25-1154,2025-11-01,24,0,24,15,24,false
1785,119W,Singularity,ST BERNARD SCHOOL,Uncasville,Connecticut,United States,High School,RE-V5RC-25-9997,2025-09-12,24,0,24,5,24,false
1786,99454P,SG-MAMBA,Saint Gabriel's College,Bangkok ,,Thailand,High School,RE-V5RC-25-0588,2025-11-15,24,4,20,4,20,false
1787,63031D,Storm,Vallivue High School,Caldwell,Idaho,United States,High School,RE-V5RC-25-2517,2025-11-22,24,3,21,3,21,false
1788,7454B,Ohana,PINE SCHOOL,Franklinton,Louisiana,United States,High School,RE-V5RC-25-0477,2025-11-22,24,2,22,2,22,false
1789,814S,Rada Rada,Franklin Area High School,Franklin,Pennsylvania,United States,High School,RE-V5RC-25-2848,2025-11-24,24,1,23,1,23,false
1790,89227A,Panther Robotics,RIDGELAND HIGH SCHOOL,Rossville,Georgia,United States,High School,RE-V5RC-25-0874,2025-11-01,24,1,23,1,24,false
1791,9551A,H.I.V.E.,WEISER HIGH SCHOOL,Weiser,Idaho,United States,High School,RE-V5RC-25-1841,2025-10-24,24,1,23,1,23,false
1792,97934X,RoboPanthers - BulletTrain,FRANKLIN ROAD ACADEMY,Nashville,Tennessee,United States,High School,RE-V5RC-25-0572,2025-10-03,24,1,23,1,23,false
1793,34035A,MVR,Yıldız Teknik Üniversitesi Maçka Mesleki ve Teknik Anadolu Lisesi,İstanbul,,Türkiye,High School,RE-V5RC-25-3455,2025-11-22,24,1,23,1,23,false
1794,97934Y,RoboPanthers - Bogglesworth,FRANKLIN ROAD ACADEMY,Nashville,Tennessee,United States,High School,RE-V5RC-25-0572,2025-10-03,24,0,24,0,24,false
1795,15800B,"""Caffeine Addicts"" - Omaha Westview HS JROTC",Westview High School,Bennington,Nebraska,United States,High School,RE-V5RC-25-0398,2025-11-08,24,0,24,0,24,false
1796,98549C,Citrus,Burnsview Secondary,Delta,British Columbia,Canada,High School,RE-V5RC-25-0133,2025-11-08,24,0,24,0,24,false
1797,27180A,Mechaneers,Hawaii Science and Technology Museum,Hilo,Hawaii,United States,High School,RE-V5RC-25-0675,2025-10-25,24,0,24,0,24,false
1798,32174B,Lucky Ducks,Conway Area Career Center,Conway,Arkansas,United States,High School,RE-V5RC-25-1653,2025-11-15,24,0,24,0,24,false
1799,1505C,HC Robo Raiders,Holy Cross Catholic Secondary School,St. Catharines,Ontario,Canada,High School,RE-V5RC-25-0250,2025-11-22,24,0,24,0,24,false
1800,11342E,Patty Wagon,Christopher Columbus High School,Miami,Florida,United States,High School,RE-V5RC-25-1165,2025-10-19,24,0,24,0,24,false
1801,1275E,Chamblee High School,CHAMBLEE HIGH SCHOOL,Chamblee,Georgia,United States,High School,RE-V5RC-25-1845,2025-11-14,24,0,24,0,24,false
1802,8861E,Error 404: Brain Not Found,International School Bangkok,Pakkret,,Thailand,High School,RE-V5RC-25-0371,2025-11-01,24,0,24,0,24,false
1803,5V,Venom,RAVENNA SENIOR HIGH,Ravenna,Nebraska,United States,High School,RE-V5RC-25-0398,2025-11-08,24,0,24,0,24,false
1804,34020B,Señor Red Robin,LA SERNA HIGH,Whittier,California,United States,High School,RE-V5RC-25-1335,2025-11-15,24,0,24,0,24,false
1805,20089Z,Jinling High School Team Z,JinLing High school,Nanjing,Jiangsu,China,High School,RE-V5RC-25-3593,2025-11-21,24,0,24,0,24,false
1806,5150J,Mad Hatters - Jackpot,DANBURY HIGH SCHOOL,Danbury,Connecticut,United States,High School,RE-V5RC-25-2126,2025-11-22,24,0,24,0,24,false
1807,71639V,✧(๑•̀ㅂ•́)و✧EACH✧//0℃//,Shenzhen Science Museum EACH-ROBOTICS,深圳市,Guangdong,China,High School,RE-V5RC-25-0835,2025-08-14,24,0,24,0,24,false
1808,11342C,Ball Hogs,CHRISTOPHER COLUMBUS HIGH SCHOOL,Miami,Florida,United States,High School,RE-V5RC-25-1165,2025-10-19,24,0,24,0,24,false
1809,34565A,Phoenix Robotics 1,Merrimac State High School,Mermaid Waters,Queensland,Australia,High School,RE-V5RC-25-1018,2025-10-25,24,0,24,0,24,false
1810,2474V,Velociraptors,Walnut Grove Robotics,Prosper,Texas,United States,High School,RE-V5RC-25-1588,2025-11-01,24,0,24,0,24,false
1811,75019C,Coppell ZENIX,COPPELL HIGH SCHOOL,Coppell,Texas,United States,High School,RE-V5RC-25-1588,2025-11-01,24,0,24,0,24,false
1812,2474B,Walnut Grove B,Walnut Grove Robotics,Prosper,Texas,United States,High School,RE-V5RC-25-1588,2025-11-01,24,0,24,0,24,false
1813,26038R,Team Rocket,JOHN MARSHALL HIGH SCHOOL,Glen Dale,West Virginia,United States,High School,RE-V5RC-25-1854,2025-11-08,24,0,24,0,24,false
1814,9228C,Mecha Eagles,ST JOHNS PREPARATORY SCHOOL,Danvers,Massachusetts,United States,High School,RE-V5RC-25-1516,2025-11-08,24,0,24,0,24,false
1815,89964A,C-Bots,HENDRICKSON HIGH SCHOOL,Pflugerville,Texas,United States,High School,RE-V5RC-25-2066,2025-11-08,24,0,24,0,24,false
1816,71056A,Bulldogs A,SPRINGDALE HIGH SCHOOL,Springdale,Arkansas,United States,High School,RE-V5RC-25-0190,2025-11-08,24,0,24,0,24,false
1817,17222A,Indian Springs Robotics,Indian Springs School,Indian Springs,Alabama,United States,High School,RE-V5RC-25-0832,2025-11-08,24,0,24,0,24,false
1818,9776C,Smash and Dash,RIGBY HIGH SCHOOL,Rigby,Idaho,United States,High School,RE-V5RC-25-0581,2025-11-08,24,0,24,0,24,false
1819,4886Z,Zig-Zag,Thetford Academy,Thetford,Vermont,United States,High School,RE-V5RC-25-9998,2025-11-15,24,0,24,0,24,false
1820,2502S,Serotonin,Playideasny Inc,Jericho,New York,United States,High School,RE-V5RC-25-0363,2025-11-15,24,0,24,0,24,false
1821,53815P,FHS Plink,FOOTHILL HIGH,Palo Cedro,California,United States,High School,RE-V5RC-25-1938,2025-11-15,24,0,24,0,24,false
1822,21524A,ECH gold,JACKSON CENTRAL-MERRY EARLY COLLEGE HIGH,Jackson,Tennessee,United States,High School,RE-V5RC-25-0384,2025-10-14,24,0,24,0,24,false
1823,8871X,Think Fast,WALTER JOHNSON JUNIOR HIGH SCHOOL ACADEMY OF INTERNATIONAL S,Las  Vegas,Nevada,United States,High School,RE-V5RC-25-1270,2025-11-15,24,0,24,0,24,false
1824,1197Z,CHAOS,Beech Grove Senior School,Nonington,,United Kingdom,High School,RE-V5RC-25-0670,2025-11-22,24,0,24,0,24,false
1825,1082T,Kalamity,LOVEJOY HIGH SCHOOL,Lucas,Texas,United States,High School,RE-V5RC-25-0197,2025-11-22,24,0,24,0,24,false
1826,9210A,Electric Plague,Storm Robotics (ISD47),Sauk Rapids,Minnesota,United States,High School,RE-V5RC-25-9984,2025-11-22,24,0,24,0,24,false
1827,34012E,Capisce?,THOMAS JEFFERSON CHARTER,Caldwell,Idaho,United States,High School,RE-V5RC-25-2517,2025-11-22,24,0,24,0,24,false
1828,80888A,NWSS Robotics,School district 40,New Westminster,British Columbia,Canada,High School,RE-V5RC-25-2529,2025-11-22,24,0,24,0,24,false
1829,63031Z,Oozma Kappa,Vallivue High School,Caldwell,Idaho,United States,High School,RE-V5RC-25-2517,2025-11-22,24,0,24,0,24,false
1830,63303D,JCHS Robotics - [Custom Text],JOHNSON CO HIGH SCHOOL,Mountain City,Tennessee,United States,High School,RE-V5RC-25-0260,2025-11-22,24,0,24,0,24,false
1831,1290W,WHAT!?,Brentwood College School,Mill Bay,British Columbia,Canada,High School,RE-V5RC-25-3291,2025-11-22,24,0,24,0,24,false
1832,359D,Hawaiian Kids,WAIALUA HIGH & INTERMEDIATE SCHOOL,Waialua,Hawaii,United States,High School,RE-V5RC-25-2038,2025-11-22,24,0,24,0,24,false
1833,11784A,CECYTEM Plantel Álvaro Obregón,CECYTEM Plantel Álvaro Obregón,Álvaro Obregón,Michoacán,Mexico,High School,RE-V5RC-25-0637,2025-11-26,24,0,24,0,24,false
1834,51617G,The Pickle Pals,ROSE BUD HIGH SCHOOL,Rose Bud,Arkansas,United States,High School,RE-V5RC-25-1653,2025-11-15,23,0,23,15,23,false
1835,39599Z,FarmBots,WINTERS HIGH,Winters,California,United States,High School,RE-V5RC-25-0122,2025-11-02,23,15,8,15,8,false
1836,1718V,The Goofy Goobers,MONTGOMERY HIGH SCHOOL,Montgomery,Texas,United States,High School,RE-V5RC-25-2263,2025-11-22,23,15,8,15,8,false
1837,70852A,Mechanical Frogs,Great Valley Community Organization,Malvern,Pennsylvania,United States,High School,RE-V5RC-25-0161,2025-11-15,23,2,21,2,21,false
1838,550S,Superior,APOPKA HIGH,Apopka,Florida,United States,High School,RE-V5RC-25-2382,2025-11-15,23,2,21,2,21,false
1839,16858A,Robotic Monkeys,Independent Team,Waxhaw,North Carolina,United States,High School,RE-V5RC-25-0604,2025-11-01,23,0,23,1,23,false
1840,550Z,Zeitgeist,APOPKA HIGH,Apopka,Florida,United States,High School,RE-V5RC-25-2382,2025-11-15,23,0,23,1,23,false
1841,66394A,LeFlore Team 1,JOHN L LEFLORE MAGNET SCHOOL,Mobile,Alabama,United States,High School,RE-V5RC-25-1205,2025-09-30,23,0,23,0,23,false
1842,91532A,RoboBats-Eastwood JROTC,EASTWOOD HIGH SCHOOL,El Paso,Texas,United States,High School,RE-V5RC-25-1641,2025-11-14,23,0,23,0,23,false
1843,3465A,Bread > Key,Great Plains Lutheran High School,Watertown,South Dakota,United States,High School,RE-V5RC-25-0630,2025-11-22,23,0,23,0,23,false
1844,45519F,f(x),STEM Innovation Academy,Calgary,Alberta,Canada,High School,RE-V5RC-25-1906,2025-11-22,23,0,23,0,23,false
1845,1002F,The Rustacean,Templestowe College,Templestowe Lower,Victoria,Australia,High School,RE-V5RC-25-0027,2025-08-12,23,0,23,0,23,false
1846,65511A,金外科创社A队,金华市外国语学校,金华,Zhejiang,China,High School,RE-V5RC-25-0835,2025-08-14,23,0,23,0,23,false
1847,5249S,Sparta Robotics Safety-Hazard,Sparta High School,Sparta,New Jersey,United States,High School,RE-V5RC-25-9997,2025-09-12,23,0,23,0,23,false
1848,16676A,The OG Group - Banks Bots,Riverbanks College B-12,Angle Vale,South Australia,Australia,High School,RE-V5RC-25-1660,2025-09-22,23,0,23,0,23,false
1849,62300A,广州市中黄港澳子弟学校VRC机器人校队,广州中黄港澳子弟学校,广州,Guangdong,China,High School,RE-V5RC-25-1745,2025-10-03,23,0,23,0,23,false
1850,7619V,The Vexorcists ,HIGHLAND HIGH,Bakersfield,California,United States,High School,RE-V5RC-25-9938,2025-10-18,23,0,23,0,23,false
1851,97445X,Satyr,DOHERTY HIGH SCHOOL,Colorado Springs,Colorado,United States,High School,RE-V5RC-25-1053,2025-10-18,23,0,23,0,23,false
1852,50326A,PadroBotics,MARCOS DE NIZA HIGH SCHOOL,Tempe,Arizona,United States,High School,RE-V5RC-25-9955,2025-10-18,23,0,23,0,23,false
1853,93455B,Delta Robotics-crash bandits,DELTA HIGH,Santa Maria,California,United States,High School,RE-V5RC-25-9931,2025-10-25,23,0,23,0,23,false
1854,4886A,Arachnid,THETFORD ACADEMY,Thetford Center,Vermont,United States,High School,RE-V5RC-25-1847,2025-11-01,23,0,23,0,23,false
1855,93303Y,The Clankers,Monmouth Robotics,Monmouth,Maine,United States,High School,RE-V5RC-25-1202,2025-11-01,23,0,23,0,23,false
1856,99751C,Critical Mass,COLORADO EARLY COLLEGE FORT COLLINS,Fort Collins,Colorado,United States,High School,RE-V5RC-25-1210,2025-11-01,23,0,23,0,23,false
1857,295Z,PART Z,Placer Robotics (PART),Roseville,California,United States,High School,RE-V5RC-25-0122,2025-11-02,23,0,23,0,23,false
1858,72203A,Dynamo,BEL AIR HIGH SCHOOL,El Paso,Texas,United States,High School,RE-V5RC-25-1203,2025-11-07,23,0,23,0,23,false
1859,10743B,Vulcan,City of London School,London,,United Kingdom,High School,RE-V5RC-25-2990,2025-11-08,23,0,23,0,23,false
1860,134D,Team Discovery - Delta,PEMBROKE ACADEMY,Pembroke,New Hampshire,United States,High School,RE-V5RC-25-3009,2025-11-08,23,0,23,0,23,false
1861,1233V,Vortex,CROWN POINT HIGH SCHOOL,Crown Point,Indiana,United States,High School,RE-V5RC-25-1856,2025-11-08,23,0,23,0,23,false
1862,22023C,Munchiesaurus,Bulldog Bytes - Springfield High,Springfield,Louisiana,United States,High School,RE-V5RC-25-1324,2025-11-08,23,0,23,0,23,false
1863,1893B,Baltimore Polytechnic Institute,BALTIMORE POLYTECHNIC INSTITUTE,Baltimore,Maryland,United States,High School,RE-V5RC-25-0892,2025-10-25,23,0,23,0,23,false
1864,10410B,El Capitan Robotics Team 10410B,EL CAPITAN HIGH SCHOOL,Lakeside,California,United States,High School,RE-V5RC-25-1026,2025-11-15,23,0,23,0,23,false
1865,5999C,Eagle Shock,NORTHEAST HIGH,Clarksville,Tennessee,United States,High School,RE-V5RC-25-1076,2025-11-15,23,0,23,0,23,false
1866,597C,Robobusters Blue,SCHOOL OF SCIENCE AND ENGINEERING,Dallas,Texas,United States,High School,RE-V5RC-25-9995,2025-11-15,23,0,23,0,23,false
1867,1570P,Lions - Peanut Butter,LOMIRA HIGH,Lomira,Wisconsin,United States,High School,RE-V5RC-25-1267,2025-11-15,23,0,23,0,23,false
1868,967V,Vanadium,Russellville High School,Russellville,Arkansas,United States,High School,RE-V5RC-25-1653,2025-11-15,23,0,23,0,23,false
1869,28001A,Garces Rams Alpha,Garces Memorial High School,Bakersfield,California,United States,High School,RE-V5RC-25-9939,2025-10-18,23,0,23,0,23,false
1870,25314A,Patriots,GEORGE WASHINGTON HIGH SCHOOL,Charleston,West Virginia,United States,High School,RE-V5RC-25-1509,2025-11-20,23,0,23,0,23,false
1871,5868H,(eisenberg),PUI CHING MIDDLE SCHOOL MACAU,Macau,,Macau,High School,RE-V5RC-25-0139,2025-11-22,23,0,23,0,23,false
1872,10094Z,KillSwitch,Zebra Robotics Brampton East,Brampton,Ontario,Canada,High School,RE-V5RC-25-0250,2025-11-22,23,0,23,0,23,false
1873,53494A,SEHS Robotics Dexter,SOUTHEASTERN SCHOOL,Remlap,Alabama,United States,High School,RE-V5RC-25-2509,2025-11-22,23,0,23,0,23,false
1874,1815G,WCS CATaclysm - Glacier,WESTBURY CHRISTIAN SCHOOL,Houston,Texas,United States,High School,RE-V5RC-25-2263,2025-11-22,23,0,23,0,23,false
1875,20734A,80HD,Old Town High School,Old Town,Maine,United States,High School,RE-V5RC-25-2119,2025-11-22,23,0,23,0,23,false
1876,9421S,Supersonic,Framingham High School,Framingham,Massachusetts,United States,High School,RE-V5RC-25-0179,2025-11-22,22,15,7,15,7,false
1877,56448B,Technovus,Hartselle High School,Hartselle,Alabama,United States,High School,RE-V5RC-25-0153,2025-11-14,22,15,7,15,7,false
1878,37360A,LongKeGao,LongKeGao,深圳,Guangdong,China,High School,RE-V5RC-25-1914,2025-11-07,22,7,15,7,15,false
1879,13135F,FPT_CanTho_Enterprise,TRƯỜNG TRUNG HỌC PHỔ THÔNG FPT CẦN THƠ,Cần Thơ,,Vietnam,High School,RE-V5RC-25-2890,2025-11-01,22,5,17,5,17,false
1880,65851A,"George Washington High School ""Warriors""",George Washington High School- Guam,Fpo,,Guam,High School,RE-V5RC-25-0326,2025-11-05,22,5,17,5,17,false
1881,90475A,Collateral Damage,DEER PARK HIGH SCHOOL (SC),Deer Park,Texas,United States,High School,RE-V5RC-25-2094,2025-09-30,22,4,18,4,18,false
1882,38657M,Chicken Chicken Come,Shrewsbury International School,Bangkok,,Thailand,High School,RE-V5RC-25-0588,2025-11-15,22,3,19,3,19,false
1883,7619S,Highland-S,HIGHLAND HIGH,Bakersfield,California,United States,High School,RE-V5RC-25-9938,2025-10-18,22,2,20,2,20,false
1884,50075F,Fazed Out,OAK HILL HIGH SCHOOL,Converse,Indiana,United States,High School,RE-V5RC-25-1769,2025-10-25,22,2,20,2,20,false
1885,2984A,Stripe Surge,Zebra Robotics Toronto Danforth,Toronto,Ontario,Canada,High School,RE-V5RC-25-0104,2025-11-01,22,2,20,2,20,false
1886,631B,Supercalifragilisticexpialidocious,Leo Robotics,Leo,Indiana,United States,High School,RE-V5RC-25-0094,2025-11-21,22,2,20,2,20,false
1887,3547X,Virus: Robotic Radiation,Technolgy First,Monroe,Michigan,United States,High School,RE-V5RC-25-9915,2025-11-14,22,1,21,1,21,false
1888,1570S,Lions - Scotcharoo,LOMIRA HIGH,Lomira,Wisconsin,United States,High School,RE-V5RC-25-1267,2025-11-15,22,1,21,1,21,false
1889,29601R,Red Raiders Robotics,GREENVILLE SENIOR HIGH ACADEMY,Greenville,South Carolina,United States,High School,RE-V5RC-25-0050,2025-10-18,22,1,21,1,21,false
1890,81422B,LIBERTADORES B,CECYT 22 AYUNTAMIENTO,Ciudad Juarez,Chihuahua,Mexico,High School,RE-V5RC-25-3446,2025-11-19,22,1,21,1,21,false
1891,4112B,Bleed Blue,Zanesville High School,Zanesville,Ohio,United States,High School,RE-V5RC-25-0882,2025-11-22,22,1,21,1,21,false
1892,60924A,JAGUARES CLUB SLB-SEED TEC 11 VEX 5 HS VRC,Dowell Schlumberger de Mexico,Villahermosa,Tabasco,Mexico,High School,RE-V5RC-25-0637,2025-11-26,22,1,21,1,21,false
1893,32174A,Wabbitz,Conway Area Career Center,Conway,Arkansas,United States,High School,RE-V5RC-25-0190,2025-11-08,22,0,22,0,22,false
1894,77786C,Bridgeland C,BRIDGELAND HIGH SCHOOL,Cypress,Texas,United States,High School,RE-V5RC-25-1084,2025-10-16,22,0,22,0,22,false
1895,569D,NightHawk Robotics Club,MURRIETA VALLEY HIGH,Murrieta,California,United States,High School,RE-V5RC-25-0367,2025-10-19,22,0,22,0,22,false
1896,96498D,Copperfield-DEL,Copperfield College,Delahey,Victoria,Australia,High School,RE-V5RC-25-0027,2025-08-12,22,0,22,0,22,false
1897,60441Y,Circuit Breakers,LOCKPORT TOWNSHIP HIGH SCH EAST,Lockport,Illinois,United States,High School,RE-V5RC-25-0275,2025-11-01,22,0,22,0,22,false
1898,81834E,Tesseract,VERSAILLES HIGH SCHOOL,Versailles,Ohio,United States,High School,RE-V5RC-25-9958,2025-11-15,22,0,22,0,22,false
1899,80101A,Bulldog Bots,HANCEVILLE HIGH SCHOOL,Hanceville,Alabama,United States,High School,RE-V5RC-25-2509,2025-11-22,22,0,22,0,22,false
1900,60883B,Big Daddies,AKRON STEM HIGH SCHOOL,Akron,Ohio,United States,High School,RE-V5RC-25-0882,2025-11-22,22,0,22,0,22,false
1901,11044C,Sacred Heart Robotics,"Sacred Heart College, Auckland",Auckland,Auckland,New Zealand,High School,RE-V5RC-25-0537,2025-08-16,22,0,22,0,22,false
1902,89125P,PHS Engineering and Robotics (PHEAR) - Senior Team,PFLUGERVILLE HIGH SCHOOL,Pflugerville,Texas,United States,High School,RE-V5RC-25-0634,2025-10-18,22,0,22,0,22,false
1903,7121F,Maverick Robotics,ARCHBISHOP EDWARD MCCARTHY HIGH SCHOOL,Southwest Ranches,Florida,United States,High School,RE-V5RC-25-1165,2025-10-19,22,0,22,0,22,false
1904,1784X,Switching Gegarz,Moses Brown School,Providence,Rhode Island,United States,High School,RE-V5RC-25-0177,2025-10-25,22,0,22,0,22,false
1905,986B,Lancers B,GRACE BRETHREN JR SR HIGH SCHOOL,Simi Valley,California,United States,High School,RE-V5RC-25-1388,2025-10-25,22,0,22,0,22,false
1906,76427B,Eternal Engines,BRYSON SCHOOL,Bryson,Texas,United States,High School,RE-V5RC-25-1976,2025-11-01,22,0,22,0,22,false
1907,18080X,HTS Hawks,Holy Trinity School,Richmond Hill,Ontario,Canada,High School,RE-V5RC-25-0071,2025-11-04,22,0,22,0,22,false
1908,76275A,Harrow 1,Harrow International School Hong Kong,Tuen Mun,,Hong Kong,High School,RE-V5RC-25-2645,2025-11-07,22,0,22,0,22,false
1909,39W,W,CRANBROOK SCHOOLS,Bloomfield Hills,Michigan,United States,High School,RE-V5RC-25-0378,2025-11-08,22,0,22,0,22,false
1910,9909E,E Team,MIDDLETOWN HIGH SCHOOL,Middletown,Connecticut,United States,High School,RE-V5RC-25-0126,2025-11-08,22,0,22,0,22,false
1911,50170C,RoboC,GREENWICH ACADEMY,Greenwich,Connecticut,United States,High School,RE-V5RC-25-0126,2025-11-08,22,0,22,0,22,false
1912,21908B,Rockford Robotics B,ROCKFORD HIGH SCHOOL,Rockford,Michigan,United States,High School,RE-V5RC-25-1441,2025-11-08,22,0,22,0,22,false
1913,1930A,Forman Lions,FORMAN SCHOOL,Litchfield,Connecticut,United States,High School,RE-V5RC-25-0126,2025-11-08,22,0,22,0,22,false
1914,4405X,"+/- 4 pts.!?""",VJ & ANGELA SKUTT CATHOLIC HIGH SCHOOL,Omaha,Nebraska,United States,High School,RE-V5RC-25-0398,2025-11-08,22,0,22,0,22,false
1915,31330E,Ctrl FREAKS,SEYMOUR SENIOR HIGH SCHOOL,Seymour,Indiana,United States,High School,RE-V5RC-25-0738,2025-11-08,22,0,22,0,22,false
1916,80817D,Data Breach,FOUNTAIN-FORT CARSON HIGH SCHOOL,Fountain,Colorado,United States,High School,RE-V5RC-25-1053,2025-10-18,22,0,22,0,22,false
1917,61353A,Circuit Syndicate,ADVANCED TECHNOLOGIES ACADEMY,Las Vegas,Nevada,United States,High School,RE-V5RC-25-2178,2025-11-08,22,0,22,0,22,false
1918,7282H,AutoFlashes: Helix,Franklin Central High School,Indianapolis,Indiana,United States,High School,RE-V5RC-25-0744,2025-11-15,22,0,22,0,22,false
1919,7983X,Centennial CyberHawks X,Centennial High School,Bakersfield,California,United States,High School,RE-V5RC-25-9938,2025-10-18,22,0,22,0,22,false
1920,1894B,Culver Academies Robotics,Culver Academies,Culver,Indiana,United States,High School,RE-V5RC-25-1982,2025-11-15,22,0,22,0,22,false
1921,23037F,Radical Flamingos,FINDLAY HIGH SCHOOL,Findlay,Ohio,United States,High School,RE-V5RC-25-9958,2025-11-15,22,0,22,0,22,false
1922,6980A,Breaking Bad,STAR CITY HIGH SCHOOL,Star City,Arkansas,United States,High School,RE-V5RC-25-1653,2025-11-15,22,0,22,0,22,false
1923,3223E,Cloud IX,WEST MICHIGAN AVIATION ACADEMY,Grand Rapids,Michigan,United States,High School,RE-V5RC-25-2323,2025-11-17,22,0,22,0,22,false
1924,13358S,Shopping Kart,SILVER CREEK HIGH SCHOOL,Longmont,Colorado,United States,High School,RE-V5RC-25-1864,2025-10-07,22,0,22,0,22,false
1925,44244R,Render,Mukilteo Robotics,Mukilteo,Washington,United States,High School,RE-V5RC-25-2122,2025-11-22,22,0,22,0,22,false
1926,5150X,Mad Hatters - Xerces,DANBURY HIGH SCHOOL,Danbury,Connecticut,United States,High School,RE-V5RC-25-2126,2025-11-22,22,0,22,0,22,false
1927,9599B,Thunder,Blessed Trinity Catholic Secondary School,Grimsby,Ontario,Canada,High School,RE-V5RC-25-0250,2025-11-22,22,0,22,0,22,false
1928,1898Z,Zenith,MILTON ACADEMY,Milton,Massachusetts,United States,High School,RE-V5RC-25-0179,2025-11-22,22,0,22,0,22,false
1929,5691E,Hornet Robotics- Eleos,Bryant High School,Bryant,Arkansas,United States,High School,RE-V5RC-25-1823,2025-11-22,22,0,22,0,22,false
1930,71414Y,The 6 Ultimate Lifeforms,PIERCE JR/SR HIGH SCHOOL,Pierce,Nebraska,United States,High School,RE-V5RC-25-2882,2025-11-22,22,0,22,0,22,false
1931,6264X,Shawnigan Robotics,Shawnigan Lake School,Shawnigan Lake,British Columbia,Canada,High School,RE-V5RC-25-3291,2025-11-22,22,0,22,0,22,false
1932,28300C,Sector C,Alberni District Secondary School,Port Alberni,British Columbia,Canada,High School,RE-V5RC-25-3291,2025-11-22,22,0,22,0,22,false
1933,18634D,Apollon Robotic,Darussafaka Education Institutions,Istanbul,,Türkiye,High School,RE-V5RC-25-3455,2025-11-22,22,0,22,0,22,false
1934,46265A,Phantom Ninjas,Edwardsville Academy,Edwardsville,Illinois,United States,High School,RE-V5RC-25-1995,2025-11-08,21,15,6,15,6,false
1935,84134A,KSC HACK,Koonung Secondary College,Mont Albert North VIC ,Victoria,Australia,High School,RE-V5RC-25-0034,2025-11-15,21,15,6,15,6,false
1936,77786X,Murphy Fan Club,BRIDGELAND HIGH SCHOOL,Cypress,Texas,United States,High School,RE-V5RC-25-1084,2025-10-16,21,15,6,15,17,false
1937,1010Y,TenTon Robotics,West Vancouver School District #45,West Vancouver,British Columbia,Canada,High School,RE-V5RC-25-2529,2025-11-22,21,15,6,15,6,false
1938,47779J,GRANBOTS J,Granville Boys High School,Granville Nsw,New South Wales,Australia,High School,RE-V5RC-25-2055,2025-11-09,21,0,21,15,21,false
1939,9871T,Technical Tragedy,ACADEMY FOR TECHNOLOGY ENGINEERING MATH & SCIENCE,Abilene,Texas,United States,High School,RE-V5RC-25-2542,2025-10-25,21,15,6,15,6,false
1940,17038A,Trojan Kappa,WEST MARSHALL HIGH SCHOOL,State Center,Iowa,United States,High School,RE-V5RC-25-0046,2025-11-15,21,15,6,15,6,false
1941,499R,Razer Edge,Mundelein Cons High School,Mundelein,Illinois,United States,High School,RE-V5RC-25-1647,2025-11-16,21,7,14,7,14,false
1942,1588H,Three Musketeers,WOOD RIVER HIGH SCHOOL,Hailey,Idaho,United States,High School,RE-V5RC-25-0365,2025-10-22,21,5,16,5,16,false
1943,81218D,Dollars for Ds,Loveless Academic Magnet Prog High School,Montgomery,Alabama,United States,High School,RE-V5RC-25-0832,2025-11-08,21,3,18,3,18,false
1944,1532F,218 Ways to Break Down,Bemidji VEX Robotics,Bemidji,Minnesota,United States,High School,RE-V5RC-25-2140,2025-11-22,21,2,19,2,19,false
1945,93303R,Bac0nat0rs,Monmouth Robotics,Monmouth,Maine,United States,High School,RE-V5RC-25-9941,2025-10-16,21,0,21,2,21,false
1946,65524C,Hard Hat Pirates,BRENTWOOD SHS,Pittsburgh,Pennsylvania,United States,High School,RE-V5RC-25-2848,2025-11-24,21,1,20,1,20,false
1947,4265P,Over-Powered,Holy Family High School,Broomfield,Colorado,United States,High School,RE-V5RC-25-2278,2025-11-12,21,1,20,1,20,false
1948,9257S,Syntax Error,COVINGTON CATHOLIC HIGH SCHOOL,Park Hills,Kentucky,United States,High School,RE-V5RC-25-2148,2025-11-08,21,1,20,1,20,false
1949,550M,Magna,APOPKA HIGH,Apopka,Florida,United States,High School,RE-V5RC-25-1870,2025-10-11,21,0,21,1,21,false
1950,79536B,Widdle Wobot Wizzardz,MERKEL HIGH SCHOOL,Merkel,Texas,United States,High School,RE-V5RC-25-2542,2025-10-25,21,1,20,1,20,false
1951,91775A,Aegleseeker,FAIRBANKS HIGH SCHOOL,Milford Center,Ohio,United States,High School,RE-V5RC-25-9958,2025-11-15,21,1,20,1,20,false
1952,9727A,OSOS 110,CBTIS 110,Durango,Durango,Mexico,High School,RE-V5RC-25-0637,2025-11-26,21,1,20,1,20,false
1953,54500B,Blount Team 2,MATTIE T BLOUNT HIGH SCHOOL,Eight Mile,Alabama,United States,High School,RE-V5RC-25-1205,2025-09-30,21,0,21,0,21,false
1954,34034A,BFLJUNIOR,BAYKAR FEN LİSESİ,İstanbul,,Türkiye,High School,RE-V5RC-25-3455,2025-11-22,21,0,21,0,21,false
1955,4478P,Phoenix,MASUK HIGH SCHOOL,Monroe,Connecticut,United States,High School,RE-V5RC-25-0177,2025-10-25,21,0,21,0,21,false
1956,6627C,Knight Time Bots - Cyberstorm,FOOTHILL HIGH,Santa Ana,California,United States,High School,RE-V5RC-25-1249,2025-11-16,21,0,21,0,21,false
1957,50881A,TechnoDREAM,TechnoDREAM,Irvine,California,United States,High School,RE-V5RC-25-0649,2025-11-15,21,0,21,0,21,false
1958,89135A,Knockout Orcas,WEST CAREER & TECHNICAL ACADEMY,Las Vegas,Nevada,United States,High School,RE-V5RC-25-2178,2025-11-08,21,0,21,0,21,false
1959,38141D,PiBotics Disconnect,IGNITE INSTITUTE,Erlanger,Kentucky,United States,High School,RE-V5RC-25-0692,2025-10-04,21,0,21,0,21,false
1960,991E,BearBots-DangEr:FallingObjects,HARPETH HALL SCHOOL,Nashville,Tennessee,United States,High School,RE-V5RC-25-2436,2025-11-01,21,0,21,0,21,false
1961,8301C,Las Vaquitas,SAN YSIDRO HIGH,San Diego,California,United States,High School,RE-V5RC-25-1026,2025-11-15,21,0,21,0,21,false
1962,1022H,Helios,Claremont Secondary School,Victoria,British Columbia,Canada,High School,RE-V5RC-25-3291,2025-11-22,21,0,21,0,21,false
1963,6323T,Out of Orange,Desert Vista High School,Phoenix,Arizona,United States,High School,RE-V5RC-25-2984,2025-11-22,21,0,21,0,21,false
1964,77786D,D-rivative,BRIDGELAND HIGH SCHOOL,Cypress,Texas,United States,High School,RE-V5RC-25-1084,2025-10-16,21,0,21,0,21,false
1965,2672A,LED Robotics A,Team 6722 inc.,New Port Richey,Florida,United States,High School,RE-V5RC-25-1762,2025-10-18,21,0,21,0,21,false
1966,6022A,The Moles,OAK PARK HIGH,Oak Park,California,United States,High School,RE-V5RC-25-0983,2025-10-18,21,0,21,0,21,false
1967,84136A,Hercules,STEPHEN F AUSTIN HIGH SCHOOL,Sugarland,Texas,United States,High School,RE-V5RC-25-9921,2025-10-18,21,0,21,0,21,false
1968,80817H,One Of One,FOUNTAIN-FORT CARSON HIGH SCHOOL,Fountain,Colorado,United States,High School,RE-V5RC-25-1053,2025-10-18,21,0,21,0,21,false
1969,4047A,Steamcats,TWENTYNINE PALMS HIGH SCHOOL,Twentynine Palms,California,United States,High School,RE-V5RC-25-9939,2025-10-18,21,0,21,0,21,false
1970,9123S,Shanghai RuiGuan Team 9123S,ShangHai RuiGuan Robotics Activity Center,上海,Shanghai,China,High School,RE-V5RC-25-1749,2025-10-24,21,0,21,0,21,false
1971,1588B,Da Captains,WOOD RIVER HIGH SCHOOL,Hailey,Idaho,United States,High School,RE-V5RC-25-0365,2025-10-22,21,0,21,0,21,false
1972,3708X,Delay No Further,Victoria Shanghai Academy,Hong Kong,,Hong Kong,High School,RE-V5RC-25-0576,2025-10-31,21,0,21,0,21,false
1973,2672B,LED Robotics B,Team 6722 inc.,New Port Richey,Florida,United States,High School,RE-V5RC-25-1281,2025-11-01,21,0,21,0,21,false
1974,33300A,Soggy Waffles,Minneola Charter School,Minneola,Florida,United States,High School,RE-V5RC-25-1281,2025-11-01,21,0,21,0,21,false
1975,76427X,Trailblazers,BRYSON SCHOOL,Bryson,Texas,United States,High School,RE-V5RC-25-1976,2025-11-01,21,0,21,0,21,false
1976,79912D,WASD,FRANKLIN HIGH SCHOOL,El Paso,Texas,United States,High School,RE-V5RC-25-1203,2025-11-07,21,0,21,0,21,false
1977,72203B,The Munchies,BEL AIR HIGH SCHOOL,El Paso,Texas,United States,High School,RE-V5RC-25-1203,2025-11-07,21,0,21,0,21,false
1978,59321A,CURDOG,Madison County High School,Madison,Florida,United States,High School,RE-V5RC-25-1563,2025-11-08,21,0,21,0,21,false
1979,46311C,Clippy - Illiana,Illiana Christian High School,Dyer,Indiana,United States,High School,RE-V5RC-25-1856,2025-11-08,21,0,21,0,21,false
1980,241E,Eclipse,PINKERTON ACADEMY,Derry,New Hampshire,United States,High School,RE-V5RC-25-3009,2025-11-08,21,0,21,0,21,false
1981,63600G,Eaglebots: We Should've Been Team F,GRAND RAPIDS CHRISTIAN HIGH SCHOOL,Grand Rapids,Michigan,United States,High School,RE-V5RC-25-1441,2025-11-08,21,0,21,0,21,false
1982,49408A,RoboHawks: John Doe,Fennville High School,Fennville,Michigan,United States,High School,RE-V5RC-25-0378,2025-11-08,21,0,21,0,21,false
1983,75432B,Parallax,THE TAFT SCHOOL,Watertown,Connecticut,United States,High School,RE-V5RC-25-0126,2025-11-08,21,0,21,0,21,false
1984,95071T,Saratoga High,Saratoga High School,Saratoga,California,United States,High School,RE-V5RC-25-0388,2025-11-09,21,0,21,0,21,false
1985,231D,KNIGHTS ROBOTICS,DR KIRK LEWIS CAREER AND TECHNICAL HIGH SCHOOL,Houston,Texas,United States,High School,RE-V5RC-25-2094,2025-09-30,21,0,21,0,21,false
1986,34086A,CECYTEM Capula 1,CECYTEM Plantel Capula,Morelia,Michoacán,Mexico,High School,RE-V5RC-25-2832,2025-11-13,21,0,21,0,21,false
1987,64178B,Crash and Burn,PLANT HIGH SCHOOL,Tampa,Florida,United States,High School,RE-V5RC-25-2382,2025-11-15,21,0,21,0,21,false
1988,45538A,Thats A Good Idea,NO. UT. ACAD. OF MATH ENGINEERING & SCIENCE OGDEN,Ogden,Utah,United States,High School,RE-V5RC-25-1483,2025-11-15,21,0,21,0,21,false
1989,60023Y,The Innovators-Y Not?,THE GOVERNOR'S SCHOOL @ INNOVATION PARK,Manassas,Virginia,United States,High School,RE-V5RC-25-0494,2025-11-15,21,0,21,0,21,false
1990,17771A,Ace of Spades,East High School,Wichita,Kansas,United States,High School,RE-V5RC-25-1040,2025-11-15,21,0,21,0,21,false
1991,20M,RESEDA REGENTS ROBOTICS,Reseda High School,Reseda,California,United States,High School,RE-V5RC-25-0285,2025-11-15,21,0,21,0,21,false
1992,2769C,RoboNova,Canberra Secondary School,Singapore,,Singapore,High School,RE-V5RC-25-1037,2025-11-19,21,0,21,0,21,false
1993,83276A,Yellow Jacket Robotics,Curry High School,Jasper,Alabama,United States,High School,RE-V5RC-25-2149,2025-11-19,21,0,21,0,21,false
1994,30119A,Carmon's Canines,COOPER HIGH SCHOOL,Cooper,Texas,United States,High School,RE-V5RC-25-2029,2025-11-21,21,0,21,0,21,false
1995,42329A,Quantumania,Howe High School,Howe,Texas,United States,High School,RE-V5RC-25-2029,2025-11-21,21,0,21,0,21,false
1996,355Y,Yetis,Fox Valley Robotics,Batavia,Illinois,United States,High School,RE-V5RC-25-0094,2025-11-21,21,0,21,0,21,false
1997,96671T,Triple Threat,RED RIVER HIGH SCHOOL,Grand Forks,North Dakota,United States,High School,RE-V5RC-25-2140,2025-11-22,21,0,21,0,21,false
1998,99621W,Questionable Design,SHORECREST HIGH SCHOOL,Shoreline,Washington,United States,High School,RE-V5RC-25-2122,2025-11-22,21,0,21,0,21,false
1999,7454A,Da Clankas,Pine Junior/Senior High School,Franklinton,Louisiana,United States,High School,RE-V5RC-25-0477,2025-11-22,21,0,21,0,21,false
2000,1022E,Team Carlos,Claremont Secondary School,Victoria,British Columbia,Canada,High School,RE-V5RC-25-3291,2025-11-22,21,0,21,0,21,false
2001,49932A,Bomber Battalion,Mountain Home NJROTC,Mountain Home,Arkansas,United States,High School,RE-V5RC-25-1823,2025-11-22,21,0,21,0,21,false
2002,38969A,Battle Tank,BM,Toronto,Ontario,Canada,High School,RE-V5RC-25-2570,2025-11-22,21,0,21,0,21,false
2003,5327V,Gael Force Velocity,DUBLIN HIGH SCHOOL,Dublin,California,United States,High School,RE-V5RC-25-0024,2025-11-22,21,0,21,0,21,false
2004,65524A,Godzilla,BRENTWOOD SHS,Pittsburgh,Pennsylvania,United States,High School,RE-V5RC-25-2848,2025-11-24,21,0,21,0,21,false
2005,2597Z,attackercb1106,A啊拉丁,深圳市,Guangdong,China,High School,RE-V5RC-25-1914,2025-11-07,20,20,0,20,0,false
2006,11981E,ERROR 404,STEINBRENNER HIGH SCHOOL,Lutz,Florida,United States,High School,RE-V5RC-25-0326,2025-11-05,20,15,5,15,19,false
2007,96671V,Quad Aces,RED RIVER HIGH SCHOOL,Grand Forks,North Dakota,United States,High School,RE-V5RC-25-9926,2025-07-31,20,15,5,15,9,false
2008,55760A,Aluminum Assassins,NORTHRIDGE HIGH SCHOOL,Middlebury,Indiana,United States,High School,RE-V5RC-25-0738,2025-11-08,20,1,19,15,19,false
2009,11124M,Mighty Avengers - JROTC,ELYRIA HIGH SCHOOL,Elyria,Ohio,United States,High School,RE-V5RC-25-9961,2025-11-15,20,0,20,15,20,false
2010,285X,DiscoBots X,Carnegie Vanguard HS,Houston,Texas,United States,High School,RE-V5RC-25-1028,2025-10-25,20,15,5,15,12,false
2011,51581E,Syntax Error,The Dalles High School,The Dalles,Oregon,United States,High School,RE-V5RC-25-9942,2025-11-22,20,6,14,6,14,false
2012,94517Y,Why,Clayton Valley Charter High School,Concord,California,United States,High School,RE-V5RC-25-1473,2025-11-15,20,6,14,6,14,false
2013,19109G,UTS Fish & Chips,University of Toronto Schools,Toronto,Ontario,Canada,High School,RE-V5RC-25-2570,2025-11-22,20,5,15,5,15,false
2014,5686B,Beserkers,MAZAMA HIGH SCHOOL,Klamath Falls,Oregon,United States,High School,RE-V5RC-25-9942,2025-11-22,20,0,20,5,20,false
2015,23851F,F students,KIRKWOOD SR. HIGH,Kikrwood,Missouri,United States,High School,RE-V5RC-25-1297,2025-10-25,20,5,15,5,15,false
2016,68561A,D.F.C.,WEST HOLMES HIGH SCHOOL,Millersburg,Ohio,United States,High School,RE-V5RC-25-9961,2025-11-15,20,3,17,3,17,false
2017,21997A,Moberly High School JROTC Team Alpha,MOBERLY SR. HIGH,Moberly,Missouri,United States,High School,RE-V5RC-25-0326,2025-11-05,20,3,17,3,17,false
2018,334Z,Supernova Glitch,SCIENCE ACADEMY STEM MAGNET,North Hollywood,California,United States,High School,RE-V5RC-25-0345,2025-11-09,20,2,18,2,18,false
2019,2544X,Bolted,Private,glen allen,Virginia,United States,High School,RE-V5RC-25-0494,2025-11-15,20,0,20,2,20,false
2020,74177M,mid,PINECREST ACADEMY OF NEVADA SLOAN CANYON,Henderson,Nevada,United States,High School,RE-V5RC-25-0829,2025-09-27,20,0,20,2,20,false
2021,69647A,CECYTEM Agostitlán,CECYTEM Plantel Agostitlán,Morelia,Michoacán,Mexico,High School,RE-V5RC-25-2832,2025-11-13,20,2,18,2,18,false
2022,2790A,ACE of Spades,Valparaiso High School,Valparaiso,Indiana,United States,High School,RE-V5RC-25-1982,2025-11-15,20,1,19,1,19,false
2023,3217A,Aegaeus,MARTHA LAYNE COLLINS HIGH SCHOOL,Shelbyville,Kentucky,United States,High School,RE-V5RC-25-2148,2025-11-08,20,1,19,1,19,false
2024,550D,Diablo,APOPKA HIGH,Apopka,Florida,United States,High School,RE-V5RC-25-2382,2025-11-15,20,1,19,1,19,false
2025,78780E,Hats Incredible!!!,PINECREST ACADEMY OF NEVADA CADENCE,Henderson,Nevada,United States,High School,RE-V5RC-25-3045,2025-11-22,20,1,19,1,19,false
2026,36298A,TULANWOLVES V1,ACADEMIA STEM HIDALGO MEDIA SUPERIOR COLEGIO 1,"San Juan Tilcuautla,  San Agustín Tlaxiaca",Hidalgo,Mexico,High School,RE-V5RC-25-0637,2025-11-26,20,1,19,1,19,false
2027,45618B,Prowling Panthers,PLANO EAST SR HIGH SCHOOL,Plano,Texas,United States,High School,RE-V5RC-25-1537,2025-11-15,20,0,20,0,20,false
2028,13756B,EA Robotics,EAST ALLEGHENY JSHS,North Versailles,Pennsylvania,United States,High School,RE-V5RC-25-2893,2025-11-14,20,0,20,0,20,false
2029,81834A,I Heart Big Bots,VERSAILLES HIGH SCHOOL,Versailles,Ohio,United States,High School,RE-V5RC-25-9958,2025-11-15,20,0,20,0,20,false
2030,2323H,Havok Infusion,WEBER INNOVATION HIGH SCHOOL,Ogden,Utah,United States,High School,RE-V5RC-25-1483,2025-11-15,20,0,20,0,20,false
2031,83280W,L.C. Rampage,LANGHAM CREEK HIGH SCHOOL,Houston,Texas,United States,High School,RE-V5RC-25-1618,2025-11-12,20,0,20,0,20,false
2032,11865A,CCHS Alphas,CENTRAL CATHOLIC HIGH SCHOOL,Wheeling,West Virginia,United States,High School,RE-V5RC-25-1854,2025-11-08,20,0,20,0,20,false
2033,4613D,DJ Robotics,Barker College,Sydney,New South Wales,Australia,High School,RE-V5RC-25-2055,2025-11-09,20,0,20,0,20,false
2034,44404E,No Brain No Pain.GC,喬智創意機器人研究室,斗六市,,Taiwan,High School,RE-V5RC-25-0576,2025-10-31,20,0,20,0,20,false
2035,814N,Joff-Check,Franklin Area High School,Franklin,Pennsylvania,United States,High School,RE-V5RC-25-2848,2025-11-24,20,0,20,0,20,false
2036,68424X,XO Sauca,Sheng Kung Hui Choi Kou School (Macau),Macau,,Macau,High School,RE-V5RC-25-0576,2025-10-31,20,0,20,0,20,false
2037,33172W,Doral Robotics,Doral Academy Charter High School,Doral,Florida,United States,High School,RE-V5RC-25-1986,2025-11-08,20,0,20,0,20,false
2038,1893E,Baltimore Polytechnic Institute,BALTIMORE POLYTECHNIC INSTITUTE,Baltimore,Maryland,United States,High School,RE-V5RC-25-0892,2025-10-25,20,0,20,0,20,false
2039,15042A,Francis Kelsey robotics,Francis Kelsey secondary robotics team,Mill bay,British Columbia,Canada,High School,RE-V5RC-25-3291,2025-11-22,20,0,20,0,20,false
2040,56029C,Tech Titans 2.0,CRESTVIEW HIGH SCHOOL,Columbiana,Ohio,United States,High School,RE-V5RC-25-2081,2025-11-20,20,0,20,0,20,false
2041,66394B,LeFlore Team 2,JOHN L LEFLORE MAGNET SCHOOL,Mobile,Alabama,United States,High School,RE-V5RC-25-1205,2025-09-30,20,0,20,0,20,false
2042,8757A,STEAM-ED Robotics A,STEAM-ED Robotics Tauranga,Tauranga,Bay of Plenty,New Zealand,High School,RE-V5RC-25-0539,2025-09-13,20,0,20,0,20,false
2043,1505D,HC Robo Raiders,Holy Cross Catholic Secondary School,St. Catharines,Ontario,Canada,High School,RE-V5RC-25-0124,2025-10-28,20,0,20,0,20,false
2044,42502H,Murphy Team 2,MURPHY HIGH SCHOOL,Mobile,Alabama,United States,High School,RE-V5RC-25-1205,2025-09-30,20,0,20,0,20,false
2045,9181K,Kirby,Seaquam Secondary,Delta,British Columbia,Canada,High School,RE-V5RC-25-0133,2025-11-08,20,0,20,0,20,false
2046,82473P,PCThunderbots,PARK CROSSING HIGH SCHOOL,Montgomery,Alabama,United States,High School,RE-V5RC-25-2133,2025-11-01,20,0,20,0,20,false
2047,20601T,Juggernauts,OAK HILL HIGH SCHOOL,Elmer,Louisiana,United States,High School,RE-V5RC-25-1988,2025-11-20,20,0,20,0,20,false
2048,45201C,BlockBot,MESA RIDGE HIGH SCHOOL,Colorado Springs,Colorado,United States,High School,RE-V5RC-25-1053,2025-10-18,20,0,20,0,20,false
2049,65524E,Error 404 (Team Not Found),BRENTWOOD SHS,Pittsburgh,Pennsylvania,United States,High School,RE-V5RC-25-2848,2025-11-24,20,0,20,0,20,false
2050,63600D,Eaglebots: Breakfast,GRAND RAPIDS CHRISTIAN HIGH SCHOOL,Grand Rapids,Michigan,United States,High School,RE-V5RC-25-1441,2025-11-08,20,0,20,0,20,false
2051,29204C,Walks-a-lot,CREATE,Oxford,Alabama,United States,High School,RE-V5RC-25-1207,2025-11-20,20,0,20,0,20,false
2052,2750T,The Nightshift at Whataburger,MILLER GROVE SCHOOL,Cumby,Texas,United States,High School,RE-V5RC-25-9995,2025-11-15,20,0,20,0,20,false
2053,12500G,Guang Dong,ANDERSON HIGH SCHOOL,Anderson,California,United States,High School,RE-V5RC-25-1557,2025-10-04,20,0,20,0,20,false
2054,75426A,Los Vaqueros,CLARKSVILLE MIDDLE AND HIGH SCHOOL,Clarksville,Texas,United States,High School,RE-V5RC-25-2029,2025-11-21,20,0,20,0,20,false
2055,56029X,PhoeniX,CRESTVIEW HIGH SCHOOL,Columbiana,Ohio,United States,High School,RE-V5RC-25-2081,2025-11-20,20,0,20,0,20,false
2056,1695D,"Hand Tigers D ""Pro-Bot""",DANIEL HAND HIGH SCHOOL,Madison,Connecticut,United States,High School,RE-V5RC-25-0126,2025-11-08,20,0,20,0,20,false
2057,92126A,MIRA MESA HIGH SCHOOL,Mira Mesa High School,San Diego,California,United States,High School,RE-V5RC-25-0325,2025-10-08,20,0,20,0,20,false
2058,59708C,Sinister Cephalopods,PARKWAY CENTRAL HIGH,Chesterfield,Missouri,United States,High School,RE-V5RC-25-1297,2025-10-25,20,0,20,0,20,false
2059,37528C,TyDoMaL,COLORADO EARLY COLLEGES WINDSOR,Windsor,Colorado,United States,High School,RE-V5RC-25-1210,2025-11-01,20,0,20,0,20,false
2060,75423A,C-Tech Celeste,Celeste High School,Celeste,Texas,United States,High School,RE-V5RC-25-1827,2025-10-06,20,0,20,0,20,false
2061,231K,Knights Robotics Team,DR KIRK LEWIS CAREER AND TECHNICAL HIGH SCHOOL,Houston,Texas,United States,High School,RE-V5RC-25-2094,2025-09-30,20,0,20,0,20,false
2062,13907C,ACTC C,AUTAUGA COUNTY TECHNOLOGY CENTER,Prattville,Alabama,United States,High School,RE-V5RC-25-1406,2025-11-15,20,0,20,0,20,false
2063,9594E,RoboCavs,Collingwood School,West Vancouver,British Columbia,Canada,High School,RE-V5RC-25-0680,2025-11-16,20,0,20,0,20,false
2064,725K,Kronos,Private,Hoffman Estates,Illinois,United States,High School,RE-V5RC-25-1286,2025-11-19,20,0,20,0,20,false
2065,39475D,RGS Seagulls,The Royal Grammar School Newcastle Upon Tyne,Newcastle Upon Tyne,,United Kingdom,High School,RE-V5RC-25-0073,2025-10-11,20,0,20,0,20,false
2066,97052B,Loose Screws,HAGERTY HIGH SCHOOL,Oviedo,Florida,United States,High School,RE-V5RC-25-1870,2025-10-11,20,0,20,0,20,false
2067,75833C,The Goon Squad,CENTERVILLE JR-SR HIGH SCHOOL,Centerville,Texas,United States,High School,RE-V5RC-25-1084,2025-10-16,20,0,20,0,20,false
2068,33761A,Bryant Team 1,ALMA BRYANT HIGH SCHOOL,Irvington,Alabama,United States,High School,RE-V5RC-25-1205,2025-09-30,20,0,20,0,20,false
2069,74757C,Mythri - Orion,Mythri Academy,Henderson,Nevada,United States,High School,RE-V5RC-25-0782,2025-10-18,20,0,20,0,20,false
2070,1138V,Eagle Engineering V,CHAMINADE COLLEGE PREPARATORY HIGH SCHOOL,West Hills,California,United States,High School,RE-V5RC-25-0983,2025-10-18,20,0,20,0,20,false
2071,34012B,Ganymede,THOMAS JEFFERSON CHARTER,Caldwell,Idaho,United States,High School,RE-V5RC-25-1841,2025-10-24,20,0,20,0,20,false
2072,1575T,Timeless,Woodbridge Senior High School,Woodbridge,Virginia,United States,High School,RE-V5RC-25-9935,2025-10-25,20,0,20,0,20,false
2073,4303A,Incognito,FOREST PARK HIGH,Woodbridge,Virginia,United States,High School,RE-V5RC-25-9935,2025-10-25,20,0,20,0,20,false
2074,49637E,McFarland Team Rookies,Mcfarland High School,Mcfarland,California,United States,High School,RE-V5RC-25-9931,2025-10-25,20,0,20,0,20,false
2075,3116J,Team Control Freaks VOID,The John Warner School,Hoddesdon,,United Kingdom,High School,RE-V5RC-25-2783,2025-10-27,20,0,20,0,20,false
2076,12019A,Cards 1,DAVISON HIGH SCHOOL,Davison,Michigan,United States,High School,RE-V5RC-25-0644,2025-10-02,20,0,20,0,20,false
2077,5864B,MANTA,Macau Baptist College,Macau,,Macau,High School,RE-V5RC-25-0576,2025-10-31,20,0,20,0,20,false
2078,2933Z,Jerry Jerry,Freyberg High School,Palmerston North,,New Zealand,High School,RE-V5RC-25-0309,2025-11-01,20,0,20,0,20,false
2079,26468C,Bengal Tigertrons,BLYTHEWOOD HIGH,Blythewood,South Carolina,United States,High School,RE-V5RC-25-0604,2025-11-01,20,0,20,0,20,false
2080,33269D,Jimmy,CARDIGAN MOUNTAIN SCHOOL,Canaan,New Hampshire,United States,High School,RE-V5RC-25-1847,2025-11-01,20,0,20,0,20,false
2081,76427R,Reboot Crew,BRYSON SCHOOL HS,Bryson,Texas,United States,High School,RE-V5RC-25-1976,2025-11-01,20,0,20,0,20,false
2082,22204K,Kachow,WYLIE HIGH SCHOOL,Wylie,Texas,United States,High School,RE-V5RC-25-1588,2025-11-01,20,0,20,0,20,false
2083,2567U,Porta-Botz!-UltraViolet,PORTAGE HIGH SCHOOL,Portage,Indiana,United States,High School,RE-V5RC-25-1214,2025-11-01,20,0,20,0,20,false
2084,56160X,OPS -BV We ARE,Buena Vista High School,Omaha,Nebraska,United States,High School,RE-V5RC-25-0002,2025-11-01,20,0,20,0,20,false
2085,23880B,Buns,LYONS TWP HIGH SCH,Lagrange,Illinois,United States,High School,RE-V5RC-25-0275,2025-11-01,20,0,20,0,20,false
2086,2474C,Code of Duty,Walnut Grove Robotics,Prosper,Texas,United States,High School,RE-V5RC-25-1588,2025-11-01,20,0,20,0,20,false
2087,23880F,VEXterminators,LYONS TWP HIGH SCH,Lagrange,Illinois,United States,High School,RE-V5RC-25-0275,2025-11-01,20,0,20,0,20,false
2088,2474E,Circuit Surfers,Walnut Grove Robotics,Prosper,Texas,United States,High School,RE-V5RC-25-1588,2025-11-01,20,0,20,0,20,false
2089,3685D,Dreadnauts,WAIANAE HIGH SCHOOL,Waianae,Hawaii,United States,High School,RE-V5RC-25-0950,2025-10-31,20,0,20,0,20,false
2090,3685C,Page Not Found,WAIANAE HIGH SCHOOL,Waianae,Hawaii,United States,High School,RE-V5RC-25-0950,2025-10-31,20,0,20,0,20,false
2091,87490F,4X4,FARMERSVILLE HIGH SCHOOL,Farmersville,Texas,United States,High School,RE-V5RC-25-1827,2025-10-06,20,0,20,0,20,false
2092,2746A,WOC,high school,湖南 长沙,Hunan,China,High School,RE-V5RC-25-3498,2025-11-07,20,0,20,0,20,false
2093,70291A,DINOCO,Commerce High School,Commerce,Texas,United States,High School,RE-V5RC-25-2018,2025-11-08,20,0,20,0,20,false
2094,77711F,Goldfish Gobblers,NIMITZ HIGH SCHOOL,Irving,Texas,United States,High School,RE-V5RC-25-1897,2025-11-08,20,0,20,0,20,false
2095,134F,Team Discovery - Foxtrot,PEMBROKE ACADEMY,Pembroke,New Hampshire,United States,High School,RE-V5RC-25-3009,2025-11-08,20,0,20,0,20,false
2096,2349A,OPS- Krispy Crew,Central High School,Omaha,Nebraska,United States,High School,RE-V5RC-25-0398,2025-11-08,20,0,20,0,20,false
2097,65714X,Screamin' Eagles,Nixa High School JROTC,Nixa,Missouri,United States,High School,RE-V5RC-25-1693,2025-11-08,20,0,20,0,20,false
2098,84260P,PatchWork,CABOT HIGH SCHOOL,Cabot,Arkansas,United States,High School,RE-V5RC-25-1447,2025-11-08,20,0,20,0,20,false
2099,81528B,Robo Monkeys,HUTTO NINTH GRADE CENTER,Hutto,Texas,United States,High School,RE-V5RC-25-2066,2025-11-08,20,0,20,0,20,false
2100,77275H,The Hurricane Hunters,Spark Academy,Manchester,New Hampshire,United States,High School,RE-V5RC-25-3009,2025-11-08,20,0,20,0,20,false
2101,3145N,NOXIOUS,Triway High School,Wooster,Ohio,United States,High School,RE-V5RC-25-1956,2025-11-08,20,0,20,0,20,false
2102,2323R,Wii,WEBER INNOVATION HIGH SCHOOL,Odgen,Utah,United States,High School,RE-V5RC-25-0581,2025-11-08,20,0,20,0,20,false
2103,6978G,Got Any Grapes?,Highland High School,Marengo,Ohio,United States,High School,RE-V5RC-25-1956,2025-11-08,20,0,20,0,20,false
2104,4519C,The 5 Amigos,OMAHA SOUTH MAGNET HIGH SCHOOL,Omaha,Nebraska,United States,High School,RE-V5RC-25-0398,2025-11-08,20,0,20,0,20,false
2105,30134B,Undecided,MURRAY HIGH,Murray,Utah,United States,High School,RE-V5RC-25-0581,2025-11-08,20,0,20,0,20,false
2106,1138K,Eagle Engineering K,Chaminade College Preparatory,West Hills,California,United States,High School,RE-V5RC-25-1807,2025-11-08,20,0,20,0,20,false
2107,19070B,Cyfalls Golden Eagles,CYPRESS FALLS HIGH SCHOOL,Houston,Texas,United States,High School,RE-V5RC-25-1618,2025-11-12,20,0,20,0,20,false
2108,3260A,SHARP,Sarah Heinz House,Pittsburgh,Pennsylvania,United States,High School,RE-V5RC-25-2893,2025-11-14,20,0,20,0,20,false
2109,2501B,The Bolt Brigade,THOMAS JEFFERSON HIGH SCHOOL,Council Bluffs,Iowa,United States,High School,RE-V5RC-25-0046,2025-11-15,20,0,20,0,20,false
2110,90588A,Shamrock Clankers,Houston Co High School,Erin,Tennessee,United States,High School,RE-V5RC-25-1076,2025-11-15,20,0,20,0,20,false
2111,6249B,"Gears, Wheels, and Rubber Bands",BOOTHBAY REGION HIGH SCHOOL,Boothbay Harbor,Maine,United States,High School,RE-V5RC-25-9998,2025-11-15,20,0,20,0,20,false
2112,1868A,Space Cookies VEX 1868A,Space Cookies VEX Robotics Team,Moffett Field,California,United States,High School,RE-V5RC-25-1473,2025-11-15,20,0,20,0,20,false
2113,2528F,RoboDoves,WESTERN HIGH,Baltimore,Maryland,United States,High School,RE-V5RC-25-0892,2025-10-25,20,0,20,0,20,false
2114,96807B,Squires of Bingbong,BOONSBORO HIGH,Boonsboro,Maryland,United States,High School,RE-V5RC-25-1465,2025-11-15,20,0,20,0,20,false
2115,14241Z,Zephyrs,Level V Robotics,Charlotte,North Carolina,United States,High School,RE-V5RC-25-2375,2025-11-15,20,0,20,0,20,false
2116,4621C,Titan - Oceanus,FRONTIER HIGH,Bakersfield,California,United States,High School,RE-V5RC-25-9938,2025-10-18,20,0,20,0,20,false
2117,37215B,CPA - Transylvanian Tech Support,CHRIST PRESBYTERIAN ACADEMY,Nashville,Tennessee,United States,High School,RE-V5RC-25-1076,2025-11-15,20,0,20,0,20,false
2118,37215A,CPA - Cobalt,CHRIST PRESBYTERIAN ACADEMY,Nashville,Tennessee,United States,High School,RE-V5RC-25-1076,2025-11-15,20,0,20,0,20,false
2119,77038B,Statix,BLANSON CTE HIGH SCHOOL,Houston,Texas,United States,High School,RE-V5RC-25-2434,2025-11-15,20,0,20,0,20,false
2120,34071A,HG5_ELECTR!C,Haberdashers' Girls School,Elstree,,United Kingdom,High School,RE-V5RC-25-2142,2025-11-16,20,0,20,0,20,false
2121,68610B,YT Beta,Yishun Town Secondary School,Singapore,,Singapore,High School,RE-V5RC-25-1037,2025-11-19,20,0,20,0,20,false
2122,8059A,Blank.,Anglo-Chinese School (Independent),Singapore,,Singapore,High School,RE-V5RC-25-1037,2025-11-19,20,0,20,0,20,false
2123,42502G,Murphy Team 1,MURPHY HIGH SCHOOL,Mobile,Alabama,United States,High School,RE-V5RC-25-1205,2025-09-30,20,0,20,0,20,false
2124,63857D,Out for Delivery,Mashpee High School,Mashpee,Massachusetts,United States,High School,RE-V5RC-25-0347,2025-10-23,20,0,20,0,20,false
2125,45631B,Swiss Cheese,ALEXANDRIA SENIOR HIGH SCHOOL,Alexandria,Louisiana,United States,High School,RE-V5RC-25-1988,2025-11-20,20,0,20,0,20,false
2126,6210P,Please Work,HERITAGE CHRISTIAN SCHOOL,Indianapolis,Indiana,United States,High School,RE-V5RC-25-0094,2025-11-21,20,0,20,0,20,false
2127,25032D,Kingswood Team 4,Kingswood School,Bath,,United Kingdom,High School,RE-V5RC-25-9988,2025-11-22,20,0,20,0,20,false
2128,11089A,IAA Hawks,Islamic Academy of Alabama,Birmingham,Alabama,United States,High School,RE-V5RC-25-2509,2025-11-22,20,0,20,0,20,false
2129,11603A,SuperiorBots,HOUGHTON CENTRAL HIGH SCHOOL,Houghton,Michigan,United States,High School,RE-V5RC-25-2030,2025-11-22,20,0,20,0,20,false
2130,45224A,Aperture Science,SOUTH RANGE HIGH SCHOOL,Canfield,Ohio,United States,High School,RE-V5RC-25-0882,2025-11-22,20,0,20,0,20,false
2131,72527B,The Phongtastic Phive,St Croix Lutheran Academy,West St. Paul,Minnesota,United States,High School,RE-V5RC-25-9984,2025-11-22,20,0,20,0,20,false
2132,77628D,36,WELLINGTON C MEPHAM HIGH SCHOOL,Bellmore,New York,United States,High School,RE-V5RC-25-1862,2025-11-22,20,0,20,0,20,false
2133,9019K,King's Gambit,ROOSEVELT HIGH SCHOOL,Johnstown,Colorado,United States,High School,RE-V5RC-25-1628,2025-11-22,20,0,20,0,20,false
2134,210R,Reverie,Western Mechatronics Robotics Club,Calgary,Alberta,Canada,High School,RE-V5RC-25-1906,2025-11-22,20,0,20,0,20,false
2135,59968K,Cougarbots 59968K,JOHN F KENNEDY HIGH SCHOOL,Bellmore,New York,United States,High School,RE-V5RC-25-1862,2025-11-22,20,0,20,0,20,false
2136,1082U,Unemployed,LOVEJOY HIGH SCHOOL,Lucas,Texas,United States,High School,RE-V5RC-25-0197,2025-11-22,20,0,20,0,20,false
2137,18640Z,Hungry Caterpillar- St. X (team Z),St Xavier High School,Louisville,Kentucky,United States,High School,RE-V5RC-25-2549,2025-11-22,20,0,20,0,20,false
2138,10909A,� Ex͕͕̿c̶̈́ee̵d � B̗̀o̅b̀a̓̈́ Bȁ̤̊n̈́̊d̍it̆s͎͛̕ �,Exceed Robotics,Thornhill,Ontario,Canada,High School,RE-V5RC-25-2570,2025-11-22,20,0,20,0,20,false
2139,39554A,Did We Tighten That?,Debbie Smith CTE Academy,Reno,Nevada,United States,High School,RE-V5RC-25-2432,2025-11-22,20,0,20,0,20,false
2140,1022X,Xenon,Claremont Secondary School,Victoria,British Columbia,Canada,High School,RE-V5RC-25-3291,2025-11-22,20,0,20,0,20,false
2141,67002G,Control Alt Defeat,Northwest Career And Technical Academy,Las Vegas,Nevada,United States,High School,RE-V5RC-25-3045,2025-11-22,20,0,20,0,20,false
2142,67886A,Clanker,Singapore International School @Saigon South,Ho Chi Minh City,,Vietnam,High School,RE-V5RC-25-1400,2025-11-22,20,0,20,0,20,false
2143,7925A,H.I.I 杭州二中A队,Hangzhou No.2 High School,Hangzhou,Zhejiang,China,High School,RE-V5RC-25-0835,2025-08-14,19,19,0,19,15,false
2144,3050Y,Peninsula High School Y Team,PALOS VERDES PENINSULA HIGH,Roling Hills Est,California,United States,High School,RE-V5RC-25-0810,2025-09-14,19,15,4,15,4,false
2145,99989B,CODEmandos - Byte,Hendersonville High School,Hendersonville,Tennessee,United States,High School,RE-V5RC-25-1076,2025-11-15,19,1,18,15,18,false
2146,76543M,Garage Muppets,SOUTH-WESTERN CAREER ACADEMY,Grove City,Ohio,United States,High School,RE-V5RC-25-9958,2025-11-15,19,15,4,15,4,false
2147,4478T,Tokyo,Masuk High School Robotics team inc,Monroe,Connecticut,United States,High School,RE-V5RC-25-2126,2025-11-22,19,15,4,15,4,false
2148,78780D,Vortx,PINECREST ACADEMY OF NEVADA CADENCE,Henderson,Nevada,United States,High School,RE-V5RC-25-3045,2025-11-22,19,15,4,15,4,false
2149,28027A,Meddling Kids,Geeks Robotics,Concord,North Carolina,United States,High School,RE-V5RC-25-2375,2025-11-15,19,5,14,5,14,false
2150,32219D,Purple Polar Bears,UPPER SAINT CLAIR HIGH SCHOOL,Upper St Clair,Pennsylvania,United States,High School,RE-V5RC-25-2893,2025-11-14,19,1,18,1,18,false
2151,36010A,CSDE A,Cairns School of Distance Education,Manunda,Queensland,Australia,High School,RE-V5RC-25-1018,2025-10-25,19,1,18,1,18,false
2152,12323B,Blue Eagles Robotics,PLYMOUTH NORTH HIGH,Plymouth,Massachusetts,United States,High School,RE-V5RC-25-0347,2025-10-23,19,1,18,1,18,false
2153,43272Y,Fox Robotics,Caddo Mills High School,Caddo Mills,Texas,United States,High School,RE-V5RC-25-1603,2025-11-01,19,1,18,1,18,false
2154,4478S,S.C.O.T.T,MASUK HIGH SCHOOL,Monroe,Connecticut,United States,High School,RE-V5RC-25-2126,2025-11-22,19,1,18,1,18,false
2155,37334G,Lincoln County Robotics G,LINCOLN COUNTY SCHOOL,Fayetteville,Tennessee,United States,High School,RE-V5RC-25-0432,2025-11-08,19,0,19,0,19,false
2156,21408C,Trojan Chargers,CHESTERTON SENIOR HIGH SCHOOL,Chesterton,Indiana,United States,High School,RE-V5RC-25-1982,2025-11-15,19,0,19,0,19,false
2157,32219B,6Kevin,UPPER SAINT CLAIR HIGH SCHOOL,Upper St Clair,Pennsylvania,United States,High School,RE-V5RC-25-2893,2025-11-14,19,0,19,0,19,false
2158,33112A,Robo Rangers - Disco Inferno,CONCORDIA LUTHERAN HIGH SCHOOL,Ft Wayne,Indiana,United States,High School,RE-V5RC-25-1082,2025-11-01,19,0,19,0,19,false
2159,244D,RoboDawgs: chUck,Grandville Community Education,Grandville,Michigan,United States,High School,RE-V5RC-25-1438,2025-10-25,19,0,19,0,19,false
2160,8780A,Ascend,Waubonsie Valley High School,Aurora,Illinois,United States,High School,RE-V5RC-25-1647,2025-11-16,19,0,19,0,19,false
2161,79267S,Grease Monkeys,River Bluff High School,Lexington,South Carolina,United States,High School,RE-V5RC-25-0045,2025-11-15,19,0,19,0,19,false
2162,75503P,Fantastic Five,PLEASANT GROVE HIGH SCHOOL,Texarkana,Texas,United States,High School,RE-V5RC-25-2029,2025-11-21,19,0,19,0,19,false
2163,13444A,Oblivion,COVENANT CHRISTIAN HIGH SCHOOL,Grand Rapids,Michigan,United States,High School,RE-V5RC-25-1438,2025-10-25,19,0,19,0,19,false
2164,28K,Chengdu No.7 High School International Department ,Chengdu No.7 High School International Department ,chengdu,Sichuan,China,High School,RE-V5RC-25-1178,2025-09-26,19,0,19,0,19,false
2165,3350B,Overworked & Underpaid,TEXAS HIGH SCHOOL,Texarkana,Texas,United States,High School,RE-V5RC-25-1603,2025-11-01,19,0,19,0,19,false
2166,1727V,REX,Dulaney High School,Timonium,Maryland,United States,High School,RE-V5RC-25-0506,2025-11-08,19,0,19,0,19,false
2167,82473C,PCThunderbots,PARK CROSSING HIGH SCHOOL,Montgomery,Alabama,United States,High School,RE-V5RC-25-0832,2025-11-08,19,0,19,0,19,false
2168,1011S,Ten Ton Robotics,West Vancouver School District #45,West Vancouver,British Columbia,Canada,High School,RE-V5RC-25-0680,2025-11-16,19,0,19,0,19,false
2169,4815R,CPCMS. ROVINA,WEO CHANG PUI CHUNG MEMORIAL SCHOOL,Hong Kong,,Hong Kong,High School,RE-V5RC-25-0139,2025-11-22,19,0,19,0,19,false
2170,1532C,Abominable Snowmen,Bemidji VEX Robotics,Bemidji,Minnesota,United States,High School,RE-V5RC-25-2140,2025-11-22,19,0,19,0,19,false
2171,50810V,VantaBlack,CITY/PEMBROKE PINES CHARTER HIGH SCHOOL,Pembroke Pines,Florida,United States,High School,RE-V5RC-25-1521,2025-10-18,19,0,19,0,19,false
2172,88847A,byte_me,GRANBURY HIGH SCHOOL,Granbury,Texas,United States,High School,RE-V5RC-25-0044,2025-10-18,19,0,19,0,19,false
2173,1227A,Charger !,STRAWBERRY CREST HIGH SCHOOL,Dover,Florida,United States,High School,RE-V5RC-25-1281,2025-11-01,19,0,19,0,19,false
2174,80550G,Redneck Engineering,WINDSOR CHARTER ACADEMY MIDDLE AND EARLY COLLEGE H,Windsor,Colorado,United States,High School,RE-V5RC-25-1210,2025-11-01,19,0,19,0,19,false
2175,95661B,Oakmont Team B,OAKMONT HIGH,Roseville,California,United States,High School,RE-V5RC-25-0122,2025-11-02,19,0,19,0,19,false
2176,22324C,Sisyphus,SALEM HIGH SCHOOL,Salem,Ohio,United States,High School,RE-V5RC-25-9970,2025-11-05,19,0,19,0,19,false
2177,12305C,TCCS Conqueror team,Tung Chung Catholic School,Island District,,Hong Kong,High School,RE-V5RC-25-2645,2025-11-07,19,0,19,0,19,false
2178,597D,Robobusters Black,SCHOOL OF SCIENCE AND ENGINEERING,Dallas,Texas,United States,High School,RE-V5RC-25-1897,2025-11-08,19,0,19,0,19,false
2179,46390B,Tri-Township Robotics,Tri-Township School,Wanatah,Indiana,United States,High School,RE-V5RC-25-1856,2025-11-08,19,0,19,0,19,false
2180,4255A,4255A,Madison Co Voc Complex,Madison,Mississippi,United States,High School,RE-V5RC-25-1106,2025-11-08,19,0,19,0,19,false
2181,6741F,Ferroelectric Feedback,PICKERINGTON HIGH SCHOOL CENTRAL,Pickerington,Ohio,United States,High School,RE-V5RC-25-1956,2025-11-08,19,0,19,0,19,false
2182,80817C,Blaze Circuit,FOUNTAIN-FORT CARSON HIGH SCHOOL,Fountain,Colorado,United States,High School,RE-V5RC-25-1056,2025-10-18,19,0,19,0,19,false
2183,6408S,Six Seven,Heritage Woods Secondary,Port Moody,British Columbia,Canada,High School,RE-V5RC-25-0133,2025-11-08,19,0,19,0,19,false
2184,98549E,Emperors,Burnsview Secondary,Delta,British Columbia,Canada,High School,RE-V5RC-25-0133,2025-11-08,19,0,19,0,19,false
2185,77711P,Blue Diamonds,NIMITZ HIGH SCHOOL,Irving,Texas,United States,High School,RE-V5RC-25-1897,2025-11-08,19,0,19,0,19,false
2186,4610J,Jariffe : Robot Rev,Robot Revolution,Summit,New Jersey,United States,High School,RE-V5RC-25-9915,2025-11-14,19,0,19,0,19,false
2187,38241A,RAMTECH,FAITH ACADEMY,Mobile,Alabama,United States,High School,RE-V5RC-25-0153,2025-11-14,19,0,19,0,19,false
2188,64433C,AELPHA,Charter International School,Bangkok,,Thailand,High School,RE-V5RC-25-0588,2025-11-15,19,0,19,0,19,false
2189,7316E,Eggs N' Bacon,FIRESTONE HIGH SCHOOL,Akron,Ohio,United States,High School,RE-V5RC-25-9915,2025-11-14,19,0,19,0,19,false
2190,20164W,Great White Sharks,CHARLES J. COLGAN SR. HIGH,Manassas,Virginia,United States,High School,RE-V5RC-25-0494,2025-11-15,19,0,19,0,19,false
2191,45654C,45654C,GODDARD HIGH,Goddard,Kansas,United States,High School,RE-V5RC-25-1040,2025-11-15,19,0,19,0,19,false
2192,84075Y,A Pringles Chip and Some Sawdust,SYRACUSE HIGH,Syracuse,Utah,United States,High School,RE-V5RC-25-1483,2025-11-15,19,0,19,0,19,false
2193,88019A,The ARC-TECH BEARS,AUSTIN ACHIEVE NORTHEAST CAMPUS,Austin,Texas,United States,High School,RE-V5RC-25-0876,2025-11-15,19,0,19,0,19,false
2194,11432A,"Thomas Edison ""Inventors""",THOMAS A EDISON CAREER AND TECHNICAL EDUCATION HIGH SCHOOL,Jamaica,New York,United States,High School,RE-V5RC-25-0363,2025-11-15,19,0,19,0,19,false
2195,91364X,Taft Toreadors,Taft Charter High School,Woodland Hills,California,United States,High School,RE-V5RC-25-0285,2025-11-15,19,0,19,0,19,false
2196,499A,Solo Strombolo,Mundelein Cons High School,Mundelein,Illinois,United States,High School,RE-V5RC-25-1647,2025-11-16,19,0,19,0,19,false
2197,8059Z,Blank.,Anglo-Chinese School (Independent),Singapore,,Singapore,High School,RE-V5RC-25-1037,2025-11-19,19,0,19,0,19,false
2198,54500A,Blount Team 1,MATTIE T BLOUNT HIGH SCHOOL,Eight Mile,Alabama,United States,High School,RE-V5RC-25-1205,2025-09-30,19,0,19,0,19,false
2199,715A,CDS Cyclones A,The Country Day School,King,Ontario,Canada,High School,RE-V5RC-25-0071,2025-11-04,19,0,19,0,19,false
2200,75503X,Made in China,PLEASANT GROVE HIGH SCHOOL,Texarkana,Texas,United States,High School,RE-V5RC-25-2029,2025-11-21,19,0,19,0,19,false
2201,99515E,The Mafia,Douglas High School,Box Elder,South Dakota,United States,High School,RE-V5RC-25-0630,2025-11-22,19,0,19,0,19,false
2202,39972A,Olympic Gears,Columbus East High School,Columbus,Indiana,United States,High School,RE-V5RC-25-1512,2025-11-22,19,0,19,0,19,false
2203,60883Y,Yoink!,AKRON STEM HIGH SCHOOL,Akron,Ohio,United States,High School,RE-V5RC-25-0882,2025-11-22,19,0,19,0,19,false
2204,5450C,Clankers,Marshall County Central High School,Newfolden,Minnesota,United States,High School,RE-V5RC-25-2140,2025-11-22,19,0,19,0,19,false
2205,49627A,SWR Robotics,SHOREHAM-WADING RIVER HIGH SCHOOL,Shoreham,New York,United States,High School,RE-V5RC-25-1862,2025-11-22,19,0,19,0,19,false
2206,22305A,Super Hornets,DETROIT COUNTRY DAY SCHOOL,Beverly Hills,Michigan,United States,High School,RE-V5RC-25-0381,2025-11-22,19,0,19,0,19,false
2207,40328A,Thieves in the Night,METRO DEAF SCHOOL,St. Paul,Minnesota,United States,High School,RE-V5RC-25-9984,2025-11-22,19,0,19,0,19,false
2208,74762E,L.A. Woman,Horizon High School,El Paso,Texas,United States,High School,RE-V5RC-25-1352,2025-11-22,19,0,19,0,19,false
2209,69955V,Tricerabots,LADUE HORTON WATKINS HIGH,St. Louis,Missouri,United States,High School,RE-V5RC-25-0094,2025-11-21,19,0,19,0,19,false
2210,1784Y,Panic!,Moses Brown School,Providence,Rhode Island,United States,High School,RE-V5RC-25-0179,2025-11-22,19,0,19,0,19,false
2211,9568A,→RoboPlanet←,RoboPlanet Education and Community Society,Richmond,British Columbia,Canada,High School,RE-V5RC-25-2529,2025-11-22,19,0,19,0,19,false
2212,56549B,ROCK SOLID,HAWLEY SECONDARY,Hawley,Minnesota,United States,High School,RE-V5RC-25-2140,2025-11-22,19,0,19,0,19,false
2213,72202A,SECME A,CENTRAL HIGH SCHOOL,Little Rock,Arkansas,United States,High School,RE-V5RC-25-1823,2025-11-22,19,0,19,0,19,false
2214,2025C,Budget Co.,N GARLAND HIGH SCHOOL,Garland,Texas,United States,High School,RE-V5RC-25-0197,2025-11-22,19,0,19,0,19,false
2215,5327R,Gael Force Resurgence,DUBLIN HIGH,Dublin,California,United States,High School,RE-V5RC-25-0024,2025-11-22,19,0,19,0,19,false
2216,28828A,SURGE,NA,Greenwich,Connecticut,United States,High School,RE-V5RC-25-9997,2025-09-12,18,17,1,17,1,false
2217,1718X,Bot Breakerz,MONTGOMERY HIGH SCHOOL,Montgomery,Texas,United States,High School,RE-V5RC-25-2263,2025-11-22,18,15,3,15,3,false
2218,1022A,Against the Odds,Claremont Secondary School,Victoria,British Columbia,Canada,High School,RE-V5RC-25-3291,2025-11-22,18,3,15,3,15,false
2219,2779A,AKTIVATED,Curious Robotics Hsinchu,Hsinchu City,,Taiwan,High School,RE-V5RC-25-0037,2025-10-19,18,2,16,2,16,false
2220,4557C,4557C,Mountain Creek State High School,Mountain Creek,Queensland,Australia,High School,RE-V5RC-25-1018,2025-10-25,18,2,16,2,16,false
2221,52806A,Cyber Ravens,ROSS SCHOOL,East Hampton,New York,United States,High School,RE-V5RC-25-0363,2025-11-15,18,1,17,1,17,false
2222,9181R,Radiant,Seaquam Secondary,Delta,British Columbia,Canada,High School,RE-V5RC-25-0133,2025-11-08,18,1,17,1,17,false
2223,89227D,1979,RIDGELAND HIGH SCHOOL,Rossville,Georgia,United States,High School,RE-V5RC-25-1859,2025-11-08,18,0,18,0,18,false
2224,93330B,Stripes,BALTIMORE POLYTECHNIC INSTITUTE,Baltimore,Maryland,United States,High School,RE-V5RC-25-0892,2025-10-25,18,0,18,0,18,false
2225,9421M,Mechaminds,Framingham High School,Framingham,Massachusetts,United States,High School,RE-V5RC-25-0179,2025-11-22,18,0,18,0,18,false
2226,16859D,Toon Squad,LAKEWAY CHRISTIAN ACADEMY,White Pine,Tennessee,United States,High School,RE-V5RC-25-0432,2025-11-08,18,0,18,0,18,false
2227,25600S,Jake Jr.,The Roxbury Latin School,West Roxbury,Massachusetts,United States,High School,RE-V5RC-25-0179,2025-11-22,18,0,18,0,18,false
2228,9343C,Googly Robotics,HAMPDEN ACADEMY,Hampden,Maine,United States,High School,RE-V5RC-25-1318,2025-11-15,18,0,18,0,18,false
2229,29760B,Bagel Battalion,SHASTA CHARTER ACADEMY,Redding,California,United States,High School,RE-V5RC-25-1557,2025-10-04,18,0,18,0,18,false
2230,4265A,Automaton,Holy Family High School,Broomfield,Colorado,United States,High School,RE-V5RC-25-1573,2025-10-25,18,0,18,0,18,false
2231,19320M,Abyss,ShiMen Middle School,Foshan,Guangdong,China,High School,RE-V5RC-25-1178,2025-09-26,18,0,18,0,18,false
2232,17888D,SDFZ-HS-D,江西师大附中,Nanchang,Jiangxi,China,High School,RE-V5RC-25-1178,2025-09-26,18,0,18,0,18,false
2233,89227C,Work In Progress,RIDGELAND HIGH SCHOOL,Rossville,Georgia,United States,High School,RE-V5RC-25-0874,2025-11-01,18,0,18,0,18,false
2234,17505B,Power Panthers,IM TERRELL ACADEMY FOR STEM AND VPA,Fort Worth,Texas,United States,High School,RE-V5RC-25-1976,2025-11-01,18,0,18,0,18,false
2235,17814Z,VEXAtomic,WESTON HIGH SCHOOL,Weston,Connecticut,United States,High School,RE-V5RC-25-0126,2025-11-08,18,0,18,0,18,false
2236,4255B,King Bob,Madison Co Voc Complex,Madison,Mississippi,United States,High School,RE-V5RC-25-1106,2025-11-08,18,0,18,0,18,false
2237,3184B,Big Top Tors,SULPHUR HIGH SCHOOL,Sulphur,Louisiana,United States,High School,RE-V5RC-25-1502,2025-09-25,18,0,18,0,18,false
2238,81218S,S-S-S-Sibilance,Loveless Academic Magnet Prog High School,Montgomery,Alabama,United States,High School,RE-V5RC-25-1406,2025-11-15,18,0,18,0,18,false
2239,82090A,SEZMECH,Özel Sezin Lisesi,Çekmeköy,,Türkiye,High School,RE-V5RC-25-3455,2025-11-22,18,0,18,0,18,false
2240,7405M,Millburn Mayhem,Millburn High School,Millburn,New Jersey,United States,High School,RE-V5RC-25-9997,2025-09-12,18,0,18,0,18,false
2241,15383Y,Y For YTT,TWGHs Yau Tze Tin Memorial College,New Territories,,Hong Kong,High School,RE-V5RC-25-1745,2025-10-03,18,0,18,0,18,false
2242,10042H,Hyper Bots,Framwellgate School Durham,Durham,,United Kingdom,High School,RE-V5RC-25-0073,2025-10-11,18,0,18,0,18,false
2243,3388C,Cortisol,Sir Winston Churchill High School,Calgary,Alberta,Canada,High School,RE-V5RC-25-1905,2025-10-18,18,0,18,0,18,false
2244,89227S,Strikers,RIDGELAND HIGH SCHOOL,Rossville,Georgia,United States,High School,RE-V5RC-25-0282,2025-10-03,18,0,18,0,18,false
2245,13358X,Catalyst,SILVER CREEK HIGH SCHOOL,Longmont,Colorado,United States,High School,RE-V5RC-25-1573,2025-10-25,18,0,18,0,18,false
2246,11124Z,Carnivorous Llamaz,ELYRIA HIGH SCHOOL,Elyria,Ohio,United States,High School,RE-V5RC-25-0167,2025-10-25,18,0,18,0,18,false
2247,6447A,Falcon Robotics,NORTH COUNTRY SENIOR UHSD #22,Newport,Vermont,United States,High School,RE-V5RC-25-1847,2025-11-01,18,0,18,0,18,false
2248,6447B,NCUHS Falcon Robotics2,North Country Union High School,Newport,Vermont,United States,High School,RE-V5RC-25-1847,2025-11-01,18,0,18,0,18,false
2249,63780C,The Lake,LAKESIDE HIGH SCHOOL,Evans,Georgia,United States,High School,RE-V5RC-25-0874,2025-11-01,18,0,18,0,18,false
2250,1193X,I MISS MY X,Jay County Robotics,Portland,Indiana,United States,High School,RE-V5RC-25-1082,2025-11-01,18,0,18,0,18,false
2251,400X,Xylophone,Galveston I.S.D. Robotics,Galveston,Texas,United States,High School,RE-V5RC-25-2262,2025-11-01,18,0,18,0,18,false
2252,36316A,Knight Bots,POPE JOHN PAUL II PREPARATORY SCHOOL,Hendersonvlle,Tennessee,United States,High School,RE-V5RC-25-2436,2025-11-01,18,0,18,0,18,false
2253,48546P,P.R.I.D.E. Blackstrike,PRINCETON HIGH SCHOOL,Princeton,Texas,United States,High School,RE-V5RC-25-1827,2025-10-06,18,0,18,0,18,false
2254,7187K,#DIV/0!,FAYETTEVILLE HIGH SCHOOL EAST,Fayetteville,Arkansas,United States,High School,RE-V5RC-25-0190,2025-11-08,18,0,18,0,18,false
2255,98549V,Venom,Burnsview Secondary,Delta,British Columbia,Canada,High School,RE-V5RC-25-0133,2025-11-08,18,0,18,0,18,false
2256,20K,RESEDA REGENTS ROBOTICS,Reseda High School,Reseda,California,United States,High School,RE-V5RC-25-1807,2025-11-08,18,0,18,0,18,false
2257,38657N,Theerush,Shrewsbury International School,Bangkok,,Thailand,High School,RE-V5RC-25-0588,2025-11-15,18,0,18,0,18,false
2258,74361R,Pryor,PRYOR PUBLIC SCHOOLS,Pryor,Oklahoma,United States,High School,RE-V5RC-25-1416,2025-11-13,18,0,18,0,18,false
2259,79267Z,Quantum Limits,River Bluff High School,Lexington,South Carolina,United States,High School,RE-V5RC-25-0045,2025-11-15,18,0,18,0,18,false
2260,83941F,Clan Jade Falcon,RIVERSIDE HIGH SCHOOL,Indianapolis,Indiana,United States,High School,RE-V5RC-25-0744,2025-11-15,18,0,18,0,18,false
2261,19711C,"NCHS Innovatriots, Team C",Newark Charter Senior High School,Newark,Delaware,United States,High School,RE-V5RC-25-0161,2025-11-15,18,0,18,0,18,false
2262,9089U,Nexus,BrandywineBOTS,Wilmington,Delaware,United States,High School,RE-V5RC-25-0161,2025-11-15,18,0,18,0,18,false
2263,5999X,Eagle TBD,NORTHEAST HIGH,Clarksville,Tennessee,United States,High School,RE-V5RC-25-1076,2025-11-15,18,0,18,0,18,false
2264,2719W,Kattywampus,TRITON CENTRAL HIGH SCHOOL,Fairland,Indiana,United States,High School,RE-V5RC-25-1810,2025-11-15,18,0,18,0,18,false
2265,6022Z,Oak Park Robotics,Oak Park High School Robotics Club,Oak Park,California,United States,High School,RE-V5RC-25-0285,2025-11-15,18,0,18,0,18,false
2266,8780B,Bots N' Tater Tots,Waubonsie Valley High School,Aurora,Illinois,United States,High School,RE-V5RC-25-1647,2025-11-16,18,0,18,0,18,false
2267,41529A,St. Anne's School A,St. Anne's School,Aurora,Ontario,Canada,High School,RE-V5RC-25-0071,2025-11-04,18,0,18,0,18,false
2268,2142B,Plow King,JOHN BAPST MEMORIAL HIGH SCHOOL,Bangor,Maine,United States,High School,RE-V5RC-25-2119,2025-11-22,18,0,18,0,18,false
2269,54225B,Midnight Burn,WAGGENER HIGH,Louisville,Kentucky,United States,High School,RE-V5RC-25-2549,2025-11-22,18,0,18,0,18,false
2270,10909F,× EXCEED × FIJI FIGHTER ×,Exceed Robotics,Thornhill,Ontario,Canada,High School,RE-V5RC-25-2570,2025-11-22,18,0,18,0,18,false
2271,6264Z,Shawnigan Robotics,Shawnigan Lake School,Shawnigan Lake,British Columbia,Canada,High School,RE-V5RC-25-3291,2025-11-22,18,0,18,0,18,false
2272,86266A,Nayénesgan (Slayer of Enemies),DISHCHII'BIKOH COMMUNITY SCHOOL,Cibecue,Arizona,United States,High School,RE-V5RC-25-2984,2025-11-22,18,0,18,0,18,false
2273,15001T,SAMS,BAHÇELİEVLER 15 TEMMUZ ŞEHİTLERİ AİHL,İstanbul,,Türkiye,High School,RE-V5RC-25-3455,2025-11-22,18,0,18,0,18,false
2274,814K,Reference Pandas,Franklin Area High School,Franklin,Pennsylvania,United States,High School,RE-V5RC-25-2848,2025-11-24,18,0,18,0,18,false
2275,38538S,Eclipse Horizon,CLEAR HORIZONS EARLY COLLEGE HIGH SCHOOL,Houston,Texas,United States,High School,RE-V5RC-25-0209,2025-11-24,18,0,18,0,18,false
2276,231R,KNIGHT ROBOTICS,DR KIRK LEWIS CAREER AND TECHNICAL HIGH SCHOOL,Houston,Texas,United States,High School,RE-V5RC-25-0209,2025-11-24,18,0,18,0,18,false
2277,6109C,Cetis 109  C,CETis No. 109,Ciudad Madero,Tamaulipas,Mexico,High School,RE-V5RC-25-0637,2025-11-26,18,0,18,0,18,false
2278,47779T,GRANBOTS T,Granville Boys High School,Granville Nsw,New South Wales,Australia,High School,RE-V5RC-25-2210,2025-10-26,17,15,2,15,2,false
2279,20811W,WU SHAO！！！！！！！,广州市中黄港澳子弟学校,guangzhou,Guangdong,China,High School,RE-V5RC-25-3593,2025-11-21,17,3,14,10,14,false
2280,99319B,Technical Difficulties,Princeton High School,Princeton,Minnesota,United States,High School,RE-V5RC-25-9984,2025-11-22,17,2,15,2,15,false
2281,54200B,Theodore Team 2,THEODORE HIGH SCHOOL,Theodore,Alabama,United States,High School,RE-V5RC-25-1205,2025-09-30,17,1,16,1,16,false
2282,69580A,Odonata,New Mexico Military Institute,Roswell,New Mexico,United States,High School,RE-V5RC-25-2172,2025-11-01,17,1,16,1,16,false
2283,67101F,Fishermen,Maize Career Academy,Maize,Kansas,United States,High School,RE-V5RC-25-2015,2025-11-01,17,0,17,1,17,false
2284,51401D,D1 Prospects,RIVERSIDE HIGH SCHOOL,Belle,West Virginia,United States,High School,RE-V5RC-25-1509,2025-11-20,17,1,16,1,16,false
2285,15801D,Da Boys,DUBOIS AREA SHS,DuBois,Pennsylvania,United States,High School,RE-V5RC-25-2848,2025-11-24,17,0,17,0,17,false
2286,934A,Towson Terminators: Annihilators,TOWSON HIGH LAW & PUBLIC POLICY,Towson,Maryland,United States,High School,RE-V5RC-25-0506,2025-11-08,17,0,17,0,17,false
2287,10058A,Demolition,CORAL ACADEMY OF SCIENCE LAS VEGAS Cadence,Henderson,Nevada,United States,High School,RE-V5RC-25-2178,2025-11-08,17,0,17,0,17,false
2288,71723A,BagelBots,High school Richmond area,Glen Allen,Virginia,United States,High School,RE-V5RC-25-0494,2025-11-15,17,0,17,0,17,false
2289,33112B,Robo Rangers - Atari Maniac,CONCORDIA LUTHERAN HIGH SCHOOL,Ft Wayne,Indiana,United States,High School,RE-V5RC-25-0326,2025-11-05,17,0,17,0,17,false
2290,78321A,St. Alban's Robotics Team,Saint Alban's High School,St. Alban's,West Virginia,United States,High School,RE-V5RC-25-1508,2025-10-09,17,0,17,0,17,false
2291,96433G,GWHS Eagle 2,WASHINGTON (GEORGE) HIGH,San Francisco,California,United States,High School,RE-V5RC-25-1472,2025-10-25,17,0,17,0,17,false
2292,56T,T-Bone,CAPE ELIZABETH HIGH SCHOOL,Cape Elizabeth,Maine,United States,High School,RE-V5RC-25-1202,2025-11-01,17,0,17,0,17,false
2293,1002D,Templestowe college,Templestowe College,Templestowe Lower,Victoria,Australia,High School,RE-V5RC-25-0034,2025-11-15,17,0,17,0,17,false
2294,84075R,84075R,SYRACUSE HIGH,Syracuse,Utah,United States,High School,RE-V5RC-25-1483,2025-11-15,17,0,17,0,17,false
2295,44713B,Cryptic,Woodrow Wilson High School,Beckley,West Virginia,United States,High School,RE-V5RC-25-1509,2025-11-20,17,0,17,0,17,false
2296,3465B,GPL B Team,Great Plains Lutheran High School,Watertown,South Dakota,United States,High School,RE-V5RC-25-0630,2025-11-22,17,0,17,0,17,false
2297,2900A,SymbiOHSis,Onehunga High School,Auckland,Auckland,New Zealand,High School,RE-V5RC-25-0537,2025-08-16,17,0,17,0,17,false
2298,85202R,꒰ঌ( •ө• )໒꒱ Shiba Inu Is My Idol,China Holiness College,Kowloon,,Hong Kong,High School,RE-V5RC-25-1745,2025-10-03,17,0,17,0,17,false
2299,35409A,Spearhead,WP DAVIDSON HIGH SCHOOL,Mobile,Alabama,United States,High School,RE-V5RC-25-1205,2025-09-30,17,0,17,0,17,false
2300,77003U,Falcon 1,EAST EARLY COLLEGE HIGH SCHOOL,Houston,Texas,United States,High School,RE-V5RC-25-9921,2025-10-18,17,0,17,0,17,false
2301,569E,NightHawk Robotics Club,Murrieta Valley High School,Murrieta,California,United States,High School,RE-V5RC-25-0409,2025-10-18,17,0,17,0,17,false
2302,14353S,Zebra Robotics- Dragon Volts,Zebra Robotics Edmonton,Edmonton,Alberta,Canada,High School,RE-V5RC-25-1905,2025-10-18,17,0,17,0,17,false
2303,85657D,Marsden Robotics D,Marsden State High School,Brisbane,Queensland,Australia,High School,RE-V5RC-25-1018,2025-10-25,17,0,17,0,17,false
2304,13444C,Glitched,COVENANT CHRISTIAN HIGH SCHOOL,Grand Rapids,Michigan,United States,High School,RE-V5RC-25-1438,2025-10-25,17,0,17,0,17,false
2305,10563A,Righetti Robotics,ERNEST RIGHETTI HIGH,Santa Maria,California,United States,High School,RE-V5RC-25-9931,2025-10-25,17,0,17,0,17,false
2306,95E,CEC TriBots,Central Educational Center,Newnan,Georgia,United States,High School,RE-V5RC-25-0874,2025-11-01,17,0,17,0,17,false
2307,63780D,Lakeside High School TSA Team D,LAKESIDE HIGH SCHOOL,Evans,Georgia,United States,High School,RE-V5RC-25-0874,2025-11-01,17,0,17,0,17,false
2308,5278C,Cantaloupe,BROOKWOOD HIGH SCHOOL,Snellville,Georgia,United States,High School,RE-V5RC-25-1517,2025-11-01,17,0,17,0,17,false
2309,20641C,Robo Dawgs 3 Alligator Chow,ZEPHYRHILLS HIGH SCHOOL,Zephyrhills,Florida,United States,High School,RE-V5RC-25-1281,2025-11-01,17,0,17,0,17,false
2310,63310G,Valkyrie,KATY HIGH SCHOOL,Katy,Texas,United States,High School,RE-V5RC-25-2262,2025-11-01,17,0,17,0,17,false
2311,72919A,KSD,Kansas School f/t Deaf,Olathe,Kansas,United States,High School,RE-V5RC-25-2015,2025-11-01,17,0,17,0,17,false
2312,2477Y,Y U Mad,Waipahu High School,Waipahu,Hawaii,United States,High School,RE-V5RC-25-0950,2025-10-31,17,0,17,0,17,false
2313,75019G,Coppell SUPERNOVA,COPPELL HIGH SCHOOL,Coppell,Texas,United States,High School,RE-V5RC-25-1588,2025-11-01,17,0,17,0,17,false
2314,6546K,One Degree North,Singapore American School,Singapore,,Singapore,High School,RE-V5RC-25-0371,2025-11-01,17,0,17,0,17,false
2315,47401A,Bloomington Robotics Club,BLOOMINGTON HIGH SCHOOL SOUTH,Bloomington,Indiana,United States,High School,RE-V5RC-25-0738,2025-11-08,17,0,17,0,17,false
2316,85986C,Unsolvable,RIVERSIDE HIGH,Greer,South Carolina,United States,High School,RE-V5RC-25-0088,2025-11-08,17,0,17,0,17,false
2317,85986A,Strawhats,RIVERSIDE HIGH,Greer,South Carolina,United States,High School,RE-V5RC-25-0088,2025-11-08,17,0,17,0,17,false
2318,34300N,Wolves,Ecole Salish Secondary (Surrey School District),Surrey,British Columbia,Canada,High School,RE-V5RC-25-0133,2025-11-08,17,0,17,0,17,false
2319,46390A,Tri-Township Robotics,Tri-Township School,Wanatah,Indiana,United States,High School,RE-V5RC-25-1856,2025-11-08,17,0,17,0,17,false
2320,22890T,22890T,BOOKER T WASHINGTON MAGNET HIGH SCHOOL,Montgomery,Alabama,United States,High School,RE-V5RC-25-0832,2025-11-08,17,0,17,0,17,false
2321,52430B,Boundless,BASIS AHWATUKEE,Phoenix,Arizona,United States,High School,RE-V5RC-25-2088,2025-11-08,17,0,17,0,17,false
2322,82599A,The Clankers,Gilmanton Area Schools,Gilmanton,Wisconsin,United States,High School,RE-V5RC-25-1389,2025-11-12,17,0,17,0,17,false
2323,28962A,CECYTEM El Chaparro,CECYTEM Plantel El Chaparro,Morelia,Michoacán,Mexico,High School,RE-V5RC-25-2832,2025-11-13,17,0,17,0,17,false
2324,31718A,CECYTEM Huandacareo,CECYTEM Plantel Huandacareo,Morelia,Michoacán,Mexico,High School,RE-V5RC-25-2832,2025-11-13,17,0,17,0,17,false
2325,89018C,WRHS 3,WINDOW ROCK HIGH SCHOOL,Ft. Defiance,Arizona,United States,High School,RE-V5RC-25-1416,2025-11-13,17,0,17,0,17,false
2326,84000S,SCiUS PSU Surat,PSU Witthayanusorn Suratthani School,Suratthani,,Thailand,High School,RE-V5RC-25-0588,2025-11-15,17,0,17,0,17,false
2327,46779B,Grayson G Sharp,The Grayson School,Radnor,Pennsylvania,United States,High School,RE-V5RC-25-0005,2025-11-15,17,0,17,0,17,false
2328,17349A,Bytebolts,COX MILL HIGH SCHOOL,Concord,North Carolina,United States,High School,RE-V5RC-25-2375,2025-11-15,17,0,17,0,17,false
2329,1893C,High Tech Parrots,BALTIMORE POLYTECHNIC INSTITUTE,Baltimore,Maryland,United States,High School,RE-V5RC-25-0892,2025-10-25,17,0,17,0,17,false
2330,78723A,The ARC-TECH BEARS,AUSTIN ACHIEVE HIGH SCHOOL,Austin,Texas,United States,High School,RE-V5RC-25-0876,2025-11-15,17,0,17,0,17,false
2331,53535B,Thunder Chickens,Tocoi Creek High School,St. Augustine,Florida,United States,High School,RE-V5RC-25-2382,2025-11-15,17,0,17,0,17,false
2332,10114A,Infinity Bots,JACKSON ACADEMIC STEAM ACADEMY,Jackson,Tennessee,United States,High School,RE-V5RC-25-0384,2025-10-14,17,0,17,0,17,false
2333,81834B,Frank the Combine,VERSAILLES HIGH SCHOOL,Versailles,Ohio,United States,High School,RE-V5RC-25-9958,2025-11-15,17,0,17,0,17,false
2334,45538B,The Purple Kings,NO. UT. ACAD. OF MATH ENGINEERING & SCIENCE OGDEN,Ogden,Utah,United States,High School,RE-V5RC-25-1483,2025-11-15,17,0,17,0,17,false
2335,39578B,JKSN North Side Robotics,NORTH SIDE HIGH SCHOOL,Jackson,Tennessee,United States,High School,RE-V5RC-25-0384,2025-10-14,17,0,17,0,17,false
2336,72015C,Ctrl+Alt+Cards,Harmony Grove Junior High School,Benton,Arkansas,United States,High School,RE-V5RC-25-1653,2025-11-15,17,0,17,0,17,false
2337,34020D,Dipoladonculus,LA SERNA HIGH,Whittier,California,United States,High School,RE-V5RC-25-1336,2025-11-16,17,0,17,0,17,false
2338,98508A,GIGANTES,CECYTECH 9 LOMAS DE POLEO,Juárez,Chihuahua,Mexico,High School,RE-V5RC-25-3446,2025-11-19,17,0,17,0,17,false
2339,97673Y,DINOBOTS CECYTECH 11 CD. DEL CONOCIMIENTO,CECYTECH Cd. del Conocimiento,Ciudad Juárez,Chihuahua,Mexico,High School,RE-V5RC-25-3446,2025-11-19,17,0,17,0,17,false
2340,39599X,Winters Warriors,WINTERS HIGH,Winters,California,United States,High School,RE-V5RC-25-0889,2025-10-22,17,0,17,0,17,false
2341,23880A,The Power of Friendship,LYONS TWP HIGH SCH,Lagrange,Illinois,United States,High School,RE-V5RC-25-1286,2025-11-19,17,0,17,0,17,false
2342,65607C,Circuit Circus,PITKIN HIGH SCHOOL,Pitkin,Louisiana,United States,High School,RE-V5RC-25-1988,2025-11-20,17,0,17,0,17,false
2343,63310J,Triple Helix,KATY HIGH SCHOOL,Katy,Texas,United States,High School,RE-V5RC-25-2263,2025-11-22,17,0,17,0,17,false
2344,88454B,Ctrl+Alt Delay,FAITH Homeschool Co-op,Elizabethtown,Kentucky,United States,High School,RE-V5RC-25-2549,2025-11-22,17,0,17,0,17,false
2345,55098B,ISP Cyber Dolphins,International School of Panama,Panama City,,Panama,High School,RE-V5RC-25-2544,2025-11-22,17,0,17,0,17,false
2346,13205F,13205F,STEM SCHOOL CHATTANOOGA,Chattanooga,Tennessee,United States,High School,RE-V5RC-25-0260,2025-11-22,17,0,17,0,17,false
2347,3009M,Starmen,RANDALL K. COOPER HIGH SCHOOL,Union,Kentucky,United States,High School,RE-V5RC-25-2549,2025-11-22,17,0,17,0,17,false
2348,99512B,Cheese of Destiny,CROSWELL-LEXINGTON HIGH SCHOOL,Croswell,Michigan,United States,High School,RE-V5RC-25-0381,2025-11-22,17,0,17,0,17,false
2349,43280S,Rejected Joe's,ELKHORN NORTH HIGH SCHOOL,Omaha,Nebraska,United States,High School,RE-V5RC-25-2882,2025-11-22,17,0,17,0,17,false
2350,3691A,CyberWolves A,H GRADY SPRUCE HIGH SCHOOL,Dallas,Texas,United States,High School,RE-V5RC-25-0197,2025-11-22,17,0,17,0,17,false
2351,2481N,Everyone Missed Practice,COLORADO SPRINGS EARLY COLLEGES,Colorado Springs,Colorado,United States,High School,RE-V5RC-25-1628,2025-11-22,17,0,17,0,17,false
2352,78780F,Flash Flood,PINECREST ACADEMY OF NEVADA CADENCE,Henderson,Nevada,United States,High School,RE-V5RC-25-3045,2025-11-22,17,0,17,0,17,false
2353,13205H,Those 9th grade kids,STEM SCHOOL CHATTANOOGA,Chattanooga,Tennessee,United States,High School,RE-V5RC-25-0260,2025-11-22,17,0,17,0,17,false
2354,4378B,Excalibur,J M HANKS HIGH SCHOOL,El Paso,Texas,United States,High School,RE-V5RC-25-1352,2025-11-22,17,0,17,0,17,false
2355,25155D,Pathfinders Delta,American Leadership Academy Applied Technologies,Mesa,Arizona,United States,High School,RE-V5RC-25-2984,2025-11-22,17,0,17,0,17,false
2356,14082A,Nemesis Prime,Rocky Grove Jshs,Franklin,Pennsylvania,United States,High School,RE-V5RC-25-2848,2025-11-24,17,0,17,0,17,false
2357,44698W,IBBTech,Educat,Üsküdar,,Türkiye,High School,RE-V5RC-25-3455,2025-11-22,16,15,1,15,1,false
2358,77275D,The Downpour Drifters,Spark Academy,Manchester,New Hampshire,United States,High School,RE-V5RC-25-3009,2025-11-08,16,0,16,15,16,false
2359,20002X,GOLD!,SILSBEE HIGH SCHOOL,Silsbee,Texas,United States,High School,RE-V5RC-25-2262,2025-11-01,16,0,16,5,16,false
2360,9727B,CBTIS 110_B OSOS,CBTIS 110,Durango,Durango,Mexico,High School,RE-V5RC-25-0637,2025-11-26,16,2,14,2,14,false
2361,15801A,Women in Black,DUBOIS AREA SHS,Dubois,Pennsylvania,United States,High School,RE-V5RC-25-2848,2025-11-24,16,1,15,1,15,false
2362,53D,Area 53 Alien Raiders,Greenbelt Robotics Team,Greenbelt,Maryland,United States,High School,RE-V5RC-25-1363,2025-11-22,16,1,15,1,15,false
2363,66954A,Circuit Girls,Ponte Vedra High School ,Ponte Vedra,Florida,United States,High School,RE-V5RC-25-0153,2025-11-14,16,1,15,1,15,false
2364,6210C,Cosmic Crash,HERITAGE CHRISTIAN SCHOOL,Indianapolis,Indiana,United States,High School,RE-V5RC-25-1512,2025-11-22,16,1,15,1,15,false
2365,9065P,Phantom Robotics,PLATTE COUNTY HIGH,Platte City,Missouri,United States,High School,RE-V5RC-25-2161,2025-11-23,16,1,15,1,15,false
2366,244C,RoboDawgs: Cognition,Grandville Community Education,Grandville,Michigan,United States,High School,RE-V5RC-25-1438,2025-10-25,16,0,16,0,16,false
2367,39527A,Do//ie Zoom,Chino Hills High School,Chino Hills,California,United States,High School,RE-V5RC-25-1335,2025-11-15,16,0,16,0,16,false
2368,82228B,The Grym Reapers,FARMINGTON HIGH SCHOOL,Farmington,New Mexico,United States,High School,RE-V5RC-25-0326,2025-11-05,16,0,16,0,16,false
2369,85657A,Marsden Robotics A,Marsden State High School,Brisbane,Queensland,Australia,High School,RE-V5RC-25-1018,2025-10-25,16,0,16,0,16,false
2370,79623A,STC Sabres,Sha Tin College,"Fo Tan, Sha Tin",,Hong Kong,High School,RE-V5RC-25-0139,2025-11-22,16,0,16,0,16,false
2371,9553A,9553A,Saint Paul's School,Covington,Louisiana,United States,High School,RE-V5RC-25-1324,2025-11-08,16,0,16,0,16,false
2372,1509E,Rmageddon,Ridley College High School,St Catharines,Ontario,Canada,High School,RE-V5RC-25-0124,2025-10-28,16,0,16,0,16,false
2373,63600B,Eaglebots: Bad WiFi,GRAND RAPIDS CHRISTIAN HIGH SCHOOL,Grand Rapids,Michigan,United States,High School,RE-V5RC-25-1441,2025-11-08,16,0,16,0,16,false
2374,4454D,Distortion,Timothy Christian High School,Elmhurst,Illinois,United States,High School,RE-V5RC-25-1995,2025-11-08,16,0,16,0,16,false
2375,58311A,Holly Pond High School ,Holly Pond High School,Holly Pond,Alabama,United States,High School,RE-V5RC-25-2509,2025-11-22,16,0,16,0,16,false
2376,84443A,Mechanical Wizards,RICE LAKE HIGH,Rice Lake,Wisconsin,United States,High School,RE-V5RC-25-1389,2025-11-12,16,0,16,0,16,false
2377,11591T,Techtonic Force,PLAINWELL HIGH SCHOOL,Plainwell,Michigan,United States,High School,RE-V5RC-25-1441,2025-11-08,16,0,16,0,16,false
2378,12500A,Rookies,ANDERSON HIGH SCHOOL,Anderson,California,United States,High School,RE-V5RC-25-1557,2025-10-04,16,0,16,0,16,false
2379,1233Z,Zamboni,CROWN POINT HIGH SCHOOL,Crown Point,Indiana,United States,High School,RE-V5RC-25-1856,2025-11-08,16,0,16,0,16,false
2380,1082V,Red Pandas,LOVEJOY HIGH SCHOOL,Lucas,Texas,United States,High School,RE-V5RC-25-0197,2025-11-22,16,0,16,0,16,false
2381,19539X,北京师范大学第二附属中学国际部,北京师范大学第二附属中学国际部,北京,Beijing,China,High School,RE-V5RC-25-0642,2025-07-29,16,0,16,0,16,false
2382,51401C,Oreos,RIVERSIDE HIGH SCHOOL,Belle,West Virginia,United States,High School,RE-V5RC-25-1508,2025-10-09,16,0,16,0,16,false
2383,6743J,Bot Brigade,Lakewood Ranch High School,Bradenton,Florida,United States,High School,RE-V5RC-25-1281,2025-11-01,16,0,16,0,16,false
2384,46311D,Dingus - Illiana,Illiana Christian High School,Dyer,Indiana,United States,High School,RE-V5RC-25-1214,2025-11-01,16,0,16,0,16,false
2385,75423B,Celeste Clankers,Celeste High School,Celeste,Texas,United States,High School,RE-V5RC-25-1827,2025-10-06,16,0,16,0,16,false
2386,8385C,The COOP,UNION HIGH,Roosevelt,Utah,United States,High School,RE-V5RC-25-0581,2025-11-08,16,0,16,0,16,false
2387,35199A,CECYTEM Tangancícuaro,CECYTEM Plantel Tangancícuaro,Morelia,Michoacán,Mexico,High School,RE-V5RC-25-2832,2025-11-13,16,0,16,0,16,false
2388,99881A,Robotic Warriors HS ,Waupun Area Jr/Sr High School ,Waupun,Wisconsin,United States,High School,RE-V5RC-25-1267,2025-11-15,16,0,16,0,16,false
2389,43311A,Loose Screws,BAUXITE HIGH SCHOOL,Bauxite,Arkansas,United States,High School,RE-V5RC-25-1653,2025-11-15,16,0,16,0,16,false
2390,5686S,Supernova,Mazama High School,Klamath Falls,Oregon,United States,High School,RE-V5RC-25-1984,2025-11-15,16,0,16,0,16,false
2391,62019A,SeaKings A,PALOS VERDES HIGH,Palos Verdes Estates,California,United States,High School,RE-V5RC-25-1336,2025-11-16,16,0,16,0,16,false
2392,89131D,The Big Thinkers,ARBOR VIEW HIGH SCHOOL,Las Vegas,Nevada,United States,High School,RE-V5RC-25-3045,2025-11-22,16,0,16,0,16,false
2393,8757C,STEAM-ED Robotics C,STEAM-ED Charitable Trust,Tauranga,Bay of Plenty,New Zealand,High School,RE-V5RC-25-0539,2025-09-13,16,0,16,0,16,false
2394,6042F,Potosi High School,Potosi High School,Potosi,Missouri,United States,High School,RE-V5RC-25-1354,2025-10-11,16,0,16,0,16,false
2395,75833D,Spidermen,CENTERVILLE JR-SR HIGH SCHOOL,Centerville,Texas,United States,High School,RE-V5RC-25-1084,2025-10-16,16,0,16,0,16,false
2396,9636A,Still Thinking,Thinking Robotics,Gilbert,Arizona,United States,High School,RE-V5RC-25-9955,2025-10-18,16,0,16,0,16,false
2397,6260X,Minerva,MIDDLETON HIGH SCHOOL,Tampa,Florida,United States,High School,RE-V5RC-25-1762,2025-10-18,16,0,16,0,16,false
2398,6323C,ThunderVolts,Desert Vista High School,Phoenix,Arizona,United States,High School,RE-V5RC-25-9955,2025-10-18,16,0,16,0,16,false
2399,93641M,Midknights JROTC,MIDTOWN HIGH SCHOOL,Atlanta,Georgia,United States,High School,RE-V5RC-25-0325,2025-10-08,16,0,16,0,16,false
2400,78889K,Tokyo Drift,KILLINGLY HIGH SCHOOL,Killingly,Connecticut,United States,High School,RE-V5RC-25-0177,2025-10-25,16,0,16,0,16,false
2401,72301D,Forks Up,THE ACADEMIES OF WEST MEMPHIS CHARTER SCHOOL,West Memphis,Arkansas,United States,High School,RE-V5RC-25-0682,2025-10-25,16,0,16,0,16,false
2402,89910A,Hopes and Keps Nuts,SPEARFISH HIGH SCHOOL - 01,Spearfish,South Dakota,United States,High School,RE-V5RC-25-0610,2025-10-25,16,0,16,0,16,false
2403,91825A,Clanker,BARTLESVILLE HIGH SCHOOL,Bartlesville,Oklahoma,United States,High School,RE-V5RC-25-0478,2025-10-25,16,0,16,0,16,false
2404,4621F,Titan - Iapetus,FRONTIER HIGH,Bakersfield,California,United States,High School,RE-V5RC-25-9931,2025-10-25,16,0,16,0,16,false
2405,2941F,The Ferapists,Otumoetai College,Tauranga,,New Zealand,High School,RE-V5RC-25-0541,2025-11-01,16,0,16,0,16,false
2406,33993E,Mariner Triton,MARINER HIGH SCHOOL,Cape Coral,Florida,United States,High School,RE-V5RC-25-1281,2025-11-01,16,0,16,0,16,false
2407,586H,Pink Hazard,PLYMOUTH HIGH SCHOOL,Plymouth,Indiana,United States,High School,RE-V5RC-25-1082,2025-11-01,16,0,16,0,16,false
2408,82855G,STL Gambit,STL Robotics,Richmond Hill,Ontario,Canada,High School,RE-V5RC-25-0104,2025-11-01,16,0,16,0,16,false
2409,12543M,SteelTeam Six,MARMION ACADEMY,Aurora,Illinois,United States,High School,RE-V5RC-25-0275,2025-11-01,16,0,16,0,16,false
2410,6546G,One Degree North,Singapore American School,Singapore,,Singapore,High School,RE-V5RC-25-0371,2025-11-01,16,0,16,0,16,false
2411,22445A,Cyber Squirrels,JUSTIN-SIENA,Napa,California,United States,High School,RE-V5RC-25-0122,2025-11-02,16,0,16,0,16,false
2412,22445C,You’re Gonna Need a Bigger Bot!,JUSTIN-SIENA,Napa,California,United States,High School,RE-V5RC-25-0122,2025-11-02,16,0,16,0,16,false
2413,9039R,Axle-otl,BrandywineBOTS,Wilmington,Delaware,United States,High School,RE-V5RC-25-0157,2025-10-09,16,0,16,0,16,false
2414,21262T,ICS π,International Christian School,Hong Kong,,Hong Kong,High School,RE-V5RC-25-2645,2025-11-07,16,0,16,0,16,false
2415,21169K,Online Delay,Stamford American School Hong Kong,Hong Kong,,Hong Kong,High School,RE-V5RC-25-2645,2025-11-07,16,0,16,0,16,false
2416,36867E,36867e,CENTRAL HIGH SCHOOL,Phenix City,Alabama,United States,High School,RE-V5RC-25-2138,2025-11-08,16,0,16,0,16,false
2417,1235C,Wolverines C,WEST FORSYTH HIGH SCHOOL,Cumming,Georgia,United States,High School,RE-V5RC-25-1859,2025-11-08,16,0,16,0,16,false
2418,42786A,Mustang Robotics,FRANKLIN D ROOSEVELT HIGH SCHOOL,Dallas,Texas,United States,High School,RE-V5RC-25-2018,2025-11-08,16,0,16,0,16,false
2419,241C,Chaos,PINKERTON ACADEMY,Derry,New Hampshire,United States,High School,RE-V5RC-25-3009,2025-11-08,16,0,16,0,16,false
2420,95872B,Jasmine Dragons,NORTHWEST HIGH,Cedar Hill,Missouri,United States,High School,RE-V5RC-25-1693,2025-11-08,16,0,16,0,16,false
2421,9451A,My Favorite Team,JAMES RUMSEY TECHNICAL INSTITUTE,Martinsburg,West Virginia,United States,High School,RE-V5RC-25-0506,2025-11-08,16,0,16,0,16,false
2422,2373B,Robo Rats,CLEAR LAKE HIGH SCHOOL,Houston,Texas,United States,High School,RE-V5RC-25-2094,2025-09-30,16,0,16,0,16,false
2423,16329T,DEVeloperz,CYPRESS RIDGE HIGH SCHOOL,Houston,Texas,United States,High School,RE-V5RC-25-1618,2025-11-12,16,0,16,0,16,false
2424,31663A,CECYTEM Zináparo,CECYTEM Plantel Zináparo,Morelia,Michoacán,Mexico,High School,RE-V5RC-25-2832,2025-11-13,16,0,16,0,16,false
2425,703A,JAM-E,NORWELL HIGH SCHOOL,Ossian,Indiana,United States,High School,RE-V5RC-25-1810,2025-11-15,16,0,16,0,16,false
2426,72301A,Vexing Devils,THE ACADEMIES OF WEST MEMPHIS CHARTER SCHOOL,West Memphis,Arkansas,United States,High School,RE-V5RC-25-0134,2025-11-15,16,0,16,0,16,false
2427,20131C,Biscuits,Putnam City High School,Oklahoma City,Oklahoma,United States,High School,RE-V5RC-25-1919,2025-11-15,16,0,16,0,16,false
2428,7983D,Centennial CyberHawks D,Centennial High School,Bakersfield,California,United States,High School,RE-V5RC-25-9938,2025-10-18,16,0,16,0,16,false
2429,5770B,Gadget Girls,Baltimore Leadership School For Young Women,Baltimore,Maryland,United States,High School,RE-V5RC-25-0892,2025-10-25,16,0,16,0,16,false
2430,31572A,Old Orchard Beach Gulls,Old Orchard Beach High School RSU 23,Old Orchard Beach,Maine,United States,High School,RE-V5RC-25-9998,2025-11-15,16,0,16,0,16,false
2431,43311B,RobotRaptors,BAUXITE HIGH SCHOOL,Bauxite,Arkansas,United States,High School,RE-V5RC-25-1653,2025-11-15,16,0,16,0,16,false
2432,13433C,The Pebble,BLOOMFIELD HIGH,Bloomfield,Missouri,United States,High School,RE-V5RC-25-0134,2025-11-15,16,0,16,0,16,false
2433,8756B,Atom,McCallum HS,Austin,Texas,United States,High School,RE-V5RC-25-0876,2025-11-15,16,0,16,0,16,false
2434,79267X,Xenomorphs,River Bluff High School,Lexington,South Carolina,United States,High School,RE-V5RC-25-0045,2025-11-15,16,0,16,0,16,false
2435,97779Y,St Andrews College,St Andrew’s College,Aurora,Ontario,Canada,High School,RE-V5RC-25-0071,2025-11-04,16,0,16,0,16,false
2436,45631D,The Rats,ALEXANDRIA SENIOR HIGH SCHOOL,Alexandria,Louisiana,United States,High School,RE-V5RC-25-1988,2025-11-20,16,0,16,0,16,false
2437,75160B,Byte,TERRELL HIGH SCHOOL,Terrell,Texas,United States,High School,RE-V5RC-25-2029,2025-11-21,16,0,16,0,16,false
2438,6277C,Hard Wired,THE HARVEY SCHOOL,Katonah,New York,United States,High School,RE-V5RC-25-0094,2025-11-21,16,0,16,0,16,false
2439,46642A,BETA,NORTH HIGH SCHOOL,Akron,Ohio,United States,High School,RE-V5RC-25-2292,2025-11-21,16,0,16,0,16,false
2440,50480E,Spartronics - SS Meetale,IMLAY CITY HIGH SCHOOL,Imlay City,Michigan,United States,High School,RE-V5RC-25-9979,2025-11-22,16,0,16,0,16,false
2441,35519A,Robo Wariors,WEST POINT HIGH SCHOOL,Cullman,Alabama,United States,High School,RE-V5RC-25-2509,2025-11-22,16,0,16,0,16,false
2442,35179A,Archangels,VINEMONT HIGH SCHOOL,Vinemont,Alabama,United States,High School,RE-V5RC-25-2509,2025-11-22,16,0,16,0,16,false
2443,41998A,Ningo,VALE HIGH SCHOOL,Vale,Oregon,United States,High School,RE-V5RC-25-2517,2025-11-22,16,0,16,0,16,false
2444,1069F,Neo-LiveWire,Berthoud Robotics,Berthoud,Colorado,United States,High School,RE-V5RC-25-1628,2025-11-22,16,0,16,0,16,false
2445,99197W,Stress Test,Bowness High School,Calgary,Alberta,Canada,High School,RE-V5RC-25-1906,2025-11-22,16,0,16,0,16,false
2446,14142A,Axiom,Irrational Robotics,Allen,Texas,United States,High School,RE-V5RC-25-0197,2025-11-22,16,0,16,0,16,false
2447,47500A,Z-Team,JUNCTION CITY SR HIGH,Junction City,Kansas,United States,High School,RE-V5RC-25-2161,2025-11-23,16,0,16,0,16,false
2448,54037A,TULANWOLVES V2,CONALEP Hidalgo plantel Tulancingo,Tulancingo,Hidalgo,Mexico,High School,RE-V5RC-25-0637,2025-11-26,16,0,16,0,16,false
2449,18190W,BIGZ-W,BASIS INTERNATIONAL SCHOOL GUANGZHOU,Guangzhou,Guangdong,China,High School,RE-V5RC-25-1745,2025-10-03,15,15,0,15,0,false
2450,49081X,ASMSA,"Arkansas School for the Mathematics, Sciences, and the Arts",Hot Springs,Arkansas,United States,High School,RE-V5RC-25-1447,2025-11-08,15,15,0,15,0,false
2451,13427A,LET's Go ACCE ,Academy for College & Career Exploration,Baltimore,Maryland,United States,High School,RE-V5RC-25-0892,2025-10-25,15,15,0,15,0,false
2452,97230C,8T8,Highvale Secondary College,Glen Waverley,Victoria,Australia,High School,RE-V5RC-25-0034,2025-11-15,15,15,0,15,8,false
2453,3340E,Robolabs Endeavor,Robolabs Foundation,Dublin,California,United States,High School,RE-V5RC-25-1472,2025-10-25,15,15,0,15,4,false
2454,34020E,Error :(,LA SERNA HIGH,Whittier,California,United States,High School,RE-V5RC-25-1336,2025-11-16,15,15,0,15,0,false
2455,44698Y,IBBTech,Educat,Üsküdar,,Türkiye,High School,RE-V5RC-25-3455,2025-11-22,15,15,0,15,0,false
2456,87756A,Astroingenieros 3, Planetario SAYAB,PLAYA DEL CARMEN,Quintana Roo,Mexico,High School,RE-V5RC-25-0637,2025-11-26,15,15,0,15,0,false
2457,22324A,ASAP,SALEM HIGH SCHOOL,Salem,Ohio,United States,High School,RE-V5RC-25-0882,2025-11-22,15,5,10,5,10,false
2458,9257E,Eviction Notice,COVINGTON CATHOLIC HIGH SCHOOL,Park Hills,Kentucky,United States,High School,RE-V5RC-25-2148,2025-11-08,15,0,15,3,15,false
2459,2587K,DiscoBots skAIkru,LAMAR HIGH SCHOOL,Houston,Texas,United States,High School,RE-V5RC-25-1028,2025-10-25,15,0,15,3,15,false
2460,95690A,Crimson Knights,YorkCan Competitive Series Foundation,Stoufville,Ontario,Canada,High School,RE-V5RC-25-9941,2025-10-16,15,3,12,3,12,false
2461,50911A,BanksiaBots_A,Banksia Park International HS,Banksia Park,South Australia,Australia,High School,RE-V5RC-25-1660,2025-09-22,15,0,15,0,15,false
2462,11850Z,NLCS_1,North London Collegiate School,London,,United Kingdom,High School,RE-V5RC-25-2990,2025-11-08,15,0,15,0,15,false
2463,50878X,Geometric Mangos,Geometric Mangos,Glen Allen,Virginia,United States,High School,RE-V5RC-25-0494,2025-11-15,15,0,15,0,15,false
2464,285C,DiscoBots C,Carnegie Vanguard HS,Houston,Texas,United States,High School,RE-V5RC-25-2263,2025-11-22,15,0,15,0,15,false
2465,13876K,KCHS #3,CATHOLIC HIGH SCHOOL OF KEARNEY,Kearney,Nebraska,United States,High School,RE-V5RC-25-1479,2025-10-18,15,0,15,0,15,false
2466,1509A,Rmageddon,Ridley College High School,St Catharines,Ontario,Canada,High School,RE-V5RC-25-0124,2025-10-28,15,0,15,0,15,false
2467,20132C,M.L.P's,Central Valley High School,Shasta Lake,California,United States,High School,RE-V5RC-25-1938,2025-11-15,15,0,15,0,15,false
2468,80101B,Hanceville Clankers,HANCEVILLE HIGH SCHOOL,Hanceville,Alabama,United States,High School,RE-V5RC-25-2509,2025-11-22,15,0,15,0,15,false
2469,99319C,Circuit Circus,Princeton High School,Princeton,Minnesota,United States,High School,RE-V5RC-25-9984,2025-11-22,15,0,15,0,15,false
2470,8031B,Bagels After Midnight,Hudsonville Robotics - HS,Hudsonville,Michigan,United States,High School,RE-V5RC-25-1438,2025-10-25,15,0,15,0,15,false
2471,12954H,4-H DawgBytes -Red,Walker County 4-H,Lafayette,Georgia,United States,High School,RE-V5RC-25-0874,2025-11-01,15,0,15,0,15,false
2472,22532V,ORION,Bahçeşehir Vizyon Anadolu Lisesi,BAŞAKŞEHİR,,Türkiye,High School,RE-V5RC-25-3455,2025-11-22,15,0,15,0,15,false
2473,1193S,SlaughterBotz,Jay County Robotics,Portland,Indiana,United States,High School,RE-V5RC-25-1082,2025-11-01,15,0,15,0,15,false
2474,2722T,Triple Threat,IEN Robotics,Chula Vista,California,United States,High School,RE-V5RC-25-1026,2025-11-15,15,0,15,0,15,false
2475,63842A,Clankers,DEWITT CLINTON HIGH SCHOOL,Bronx,New York,United States,High School,RE-V5RC-25-1862,2025-11-22,15,0,15,0,15,false
2476,65524D,The Normal Elevator,BRENTWOOD SHS,Pittsburgh,Pennsylvania,United States,High School,RE-V5RC-25-2848,2025-11-24,15,0,15,0,15,false
2477,29292T,Tech Titans,Peabody Magnet High School,Alexandria,Louisiana,United States,High School,RE-V5RC-25-1988,2025-11-20,15,0,15,0,15,false
2478,53397T,Minimal Wear,South Coast Baptist College,Waikiki,Western Australia,Australia,High School,RE-V5RC-25-1218,2025-10-17,15,0,15,0,15,false
2479,654X,Xcalibur,LAKE TRAVIS HIGH SCHOOL,Austin,Texas,United States,High School,RE-V5RC-25-0634,2025-10-18,15,0,15,0,15,false
2480,98601B,Ouroboros (Troy),TROY HIGH NJROTC,Fullerton,California,United States,High School,RE-V5RC-25-0325,2025-10-08,15,0,15,0,15,false
2481,39232B,Dr. Ater,JACKSON PREPARATORY SCHOOL,Flowood,Mississippi,United States,High School,RE-V5RC-25-1106,2025-11-08,15,0,15,0,15,false
2482,1233B,Blazers,Crown Point High School,Crown Point,Indiana,United States,High School,RE-V5RC-25-1856,2025-11-08,15,0,15,0,15,false
2483,33112W,Robo Rangers - Bratz Attack,CONCORDIA LUTHERAN HIGH SCHOOL,Ft Wayne,Indiana,United States,High School,RE-V5RC-25-0326,2025-11-05,15,0,15,0,15,false
2484,7619T,Fresh-Men,HIGHLAND HIGH,Bakersfield,California,United States,High School,RE-V5RC-25-9938,2025-10-18,15,0,15,0,15,false
2485,5686X,Existential Crisis,Mazama High School,Klamath Falls,Oregon,United States,High School,RE-V5RC-25-1984,2025-11-15,15,0,15,0,15,false
2486,9447A,Doofenshmirtz Evil Inc. ,Palmetto Scholars Academy,North Charleston,South Carolina,United States,High School,RE-V5RC-25-0045,2025-11-15,15,0,15,0,15,false
2487,54200A,Theodore Team 1,THEODORE HIGH SCHOOL,Theodore,Alabama,United States,High School,RE-V5RC-25-1205,2025-09-30,15,0,15,0,15,false
2488,7686N,Nemesis,Tiger Robotics (Harrisburg School District),Harrisburg,South Dakota,United States,High School,RE-V5RC-25-0630,2025-11-22,15,0,15,0,15,false
2489,1064X,OPS - Unknown Variable,OMAHA NORTH HIGH SCHOOL,Omaha,Nebraska,United States,High School,RE-V5RC-25-9933,2025-09-26,15,0,15,0,15,false
2490,1902Z,Dionysus- CHS,CHICO HIGH,Chico,California,United States,High School,RE-V5RC-25-1557,2025-10-04,15,0,15,0,15,false
2491,84184A,Robo Hawks,SOUTH SIDE HIGH SCHOOL,Jackson,Tennessee,United States,High School,RE-V5RC-25-0572,2025-10-03,15,0,15,0,15,false
2492,97052C,Clankers,HAGERTY HIGH SCHOOL,Oviedo,Florida,United States,High School,RE-V5RC-25-1870,2025-10-11,15,0,15,0,15,false
2493,75833B,The Power Rangers,CENTERVILLE JR-SR HIGH SCHOOL,Centerville,Texas,United States,High School,RE-V5RC-25-1084,2025-10-16,15,0,15,0,15,false
2494,7282J,AutoFlashes: Jackpot,Franklin Central High School,Indianapolis,Indiana,United States,High School,RE-V5RC-25-1413,2025-10-18,15,0,15,0,15,false
2495,81528C,Geared-up Hippos,HUTTO NINTH GRADE CENTER,Hutto,Texas,United States,High School,RE-V5RC-25-0634,2025-10-18,15,0,15,0,15,false
2496,2634X,The Mandalorians,EmpowerConnectIQ,Weston,Florida,United States,High School,RE-V5RC-25-1521,2025-10-18,15,0,15,0,15,false
2497,7121A,Maverick Robotics,ARCHBISHOP EDWARD MCCARTHY HIGH SCHOOL,Southwest Ranches,Florida,United States,High School,RE-V5RC-25-1165,2025-10-19,15,0,15,0,15,false
2498,1723B,Borrasca,MERCERSBURG ACADEMY,Mercersburg,Pennsylvania,United States,High School,RE-V5RC-25-1836,2025-10-25,15,0,15,0,15,false
2499,3743B,Soup,ERIE HIGH SCHOOL,Erie,Colorado,United States,High School,RE-V5RC-25-1573,2025-10-25,15,0,15,0,15,false
2500,20080X,CrossFire,Knox County Ohio Robotics,Mount Vernon,Ohio,United States,High School,RE-V5RC-25-0167,2025-10-25,15,0,15,0,15,false
2501,21169W,Eggs on Kruh,Stamford American School Hong Kong,Hong Kong,,Hong Kong,High School,RE-V5RC-25-0576,2025-10-31,15,0,15,0,15,false
2502,40684B,67ers,NAPOLEON HIGH SCHOOL,Napoleon,Michigan,United States,High School,RE-V5RC-25-1231,2025-11-01,15,0,15,0,15,false
2503,42329D,Howe Bulldogs,Howe High School,Howe,Texas,United States,High School,RE-V5RC-25-1588,2025-11-01,15,0,15,0,15,false
2504,6546D,One Degree North,Singapore American School,Singapore,,Singapore,High School,RE-V5RC-25-0371,2025-11-01,15,0,15,0,15,false
2505,48546A,P.R.I.D.E. Cybercats/ Mechapaws,PRINCETON HIGH SCHOOL,Princeton,Texas,United States,High School,RE-V5RC-25-1827,2025-10-06,15,0,15,0,15,false
2506,48546B,P.R.I.D.E.  Shadowpaw,PRINCETON HIGH SCHOOL,Princeton,Texas,United States,High School,RE-V5RC-25-1827,2025-10-06,15,0,15,0,15,false
2507,15800C,"""The Furious 5'"" - Omaha Westview HS JROTC",Westview High School,Bennington,Nebraska,United States,High School,RE-V5RC-25-0456,2025-09-25,15,0,15,0,15,false
2508,97834F,OIA - Fearless,OWENSBORO INNOVATION ACADEMY,Owensboro,Kentucky,United States,High School,RE-V5RC-25-2148,2025-11-08,15,0,15,0,15,false
2509,13876B,KCHS #2,CATHOLIC HIGH SCHOOL OF KEARNEY,Kearney,Nebraska,United States,High School,RE-V5RC-25-0398,2025-11-08,15,0,15,0,15,false
2510,5590A,Klein Collins HS 5590A,KLEIN COLLINS HIGH SCHOOL,Spring,Texas,United States,High School,RE-V5RC-25-2671,2025-11-08,15,0,15,0,15,false
2511,84260F,Full House,Cabot High School,Cabot,Arkansas,United States,High School,RE-V5RC-25-1447,2025-11-08,15,0,15,0,15,false
2512,4691R,The Mean Green Winning Machine,Uintah High School,Vernal,Utah,United States,High School,RE-V5RC-25-0581,2025-11-08,15,0,15,0,15,false
2513,64188A,CECYTEM Faro de Bucerias,CECYTEM Plantel Faro de Bucerías,Morelia,Michoacán,Mexico,High School,RE-V5RC-25-2832,2025-11-13,15,0,15,0,15,false
2514,508X,PiraTech,PALM BAY MAGNET SENIOR HIGH SCHOOL,Melbourne,Florida,United States,High School,RE-V5RC-25-2382,2025-11-15,15,0,15,0,15,false
2515,429A,RoboBucsA,Berkeley Preparatory SCHOOL,Tampa,Florida,United States,High School,RE-V5RC-25-2382,2025-11-15,15,0,15,0,15,false
2516,88022A,The ARC-TECH BEARS,AUSTIN ACHIEVE NORTHEAST CAMPUS,Austin,Texas,United States,High School,RE-V5RC-25-0876,2025-11-15,15,0,15,0,15,false
2517,2622T,Tritium,New Energy Education,Syosset,New York,United States,High School,RE-V5RC-25-0363,2025-11-15,15,0,15,0,15,false
2518,85B,Enganirs,MOUNT VERNON HIGH SCHOOL,Mount Vernon,Iowa,United States,High School,RE-V5RC-25-0046,2025-11-15,15,0,15,0,15,false
2519,5691S,Hornet Robotics- Athena,Bryant High School,Bryant,Arkansas,United States,High School,RE-V5RC-25-0134,2025-11-15,15,0,15,0,15,false
2520,59968T,Optimal Chaos,JOHN F KENNEDY HIGH SCHOOL,Bellmore,New York,United States,High School,RE-V5RC-25-0363,2025-11-15,15,0,15,0,15,false
2521,2474A,Atlas,Walnut Grove Robotics,Prosper,Texas,United States,High School,RE-V5RC-25-1537,2025-11-15,15,0,15,0,15,false
2522,46790A,AHS-N0 C0MP,ATHENS HIGH SCHOOL,Athens,Texas,United States,High School,RE-V5RC-25-9995,2025-11-15,15,0,15,0,15,false
2523,1585K,Bottylicious,SULPHUR SPRINGS HIGH SCHOOL,Sulphur Springs,Texas,United States,High School,RE-V5RC-25-9995,2025-11-15,15,0,15,0,15,false
2524,81004A,Rebel Robots,STEWART CO HIGH SCHOOL,Dover,Tennessee,United States,High School,RE-V5RC-25-1076,2025-11-15,15,0,15,0,15,false
2525,86587B,Doofenshmirtz Evil Inc.,CROSSHILL CHRISTIAN SCHOOL,Turner,Oregon,United States,High School,RE-V5RC-25-1984,2025-11-15,15,0,15,0,15,false
2526,94517D,SECURITY,Clayton Valley Charter High School,Concord,California,United States,High School,RE-V5RC-25-1473,2025-11-15,15,0,15,0,15,false
2527,21919A,SystemError,NA,Palo Alto,California,United States,High School,RE-V5RC-25-1473,2025-11-15,15,0,15,0,15,false
2528,355J,Jolly Rogers,Fox Valley Robotics,Batavia,Illinois,United States,High School,RE-V5RC-25-1647,2025-11-16,15,0,15,0,15,false
2529,39599P,WHS Warriors,WINTERS HIGH,Winters,California,United States,High School,RE-V5RC-25-0889,2025-10-22,15,0,15,0,15,false
2530,97779A,St Andrews College,St Andrew’s College,Aurora,Ontario,Canada,High School,RE-V5RC-25-0071,2025-11-04,15,0,15,0,15,false
2531,9651S,Sledgehammer,Upper Canada College,Toronto,Ontario,Canada,High School,RE-V5RC-25-0071,2025-11-04,15,0,15,0,15,false
2532,29204G,It Tickles,CREATE,Oxford,Alabama,United States,High School,RE-V5RC-25-1207,2025-11-20,15,0,15,0,15,false
2533,33848X,The Final Braincell,Catholic High School,New Iberia,Louisiana,United States,High School,RE-V5RC-25-1988,2025-11-20,15,0,15,0,15,false
2534,75426B,Competitive Coders,CLARKSVILLE MIDDLE HIGH SCHOOL,Clarksville,Texas,United States,High School,RE-V5RC-25-2029,2025-11-21,15,0,15,0,15,false
2535,33711A,Marblehead HS Counterweight,MARBLEHEAD HIGH,Marblehead,Massachusetts,United States,High School,RE-V5RC-25-0179,2025-11-22,15,0,15,0,15,false
2536,49651Z,HA_LEGACY,Howard Academy,Panama,,Panama,High School,RE-V5RC-25-2544,2025-11-22,15,0,15,0,15,false
2537,4326A,Unsupervised Robots,ELKHORN SOUTH HIGH SCHOOL,Omaha,Nebraska,United States,High School,RE-V5RC-25-2882,2025-11-22,15,0,15,0,15,false
2538,11566B,Calhoun Colts,SANFORD H CALHOUN HIGH SCHOOL,Merrick,New York,United States,High School,RE-V5RC-25-1862,2025-11-22,15,0,15,0,15,false
2539,9594Y,RoboCavs,Collingwood School,West Vancouver,British Columbia,Canada,High School,RE-V5RC-25-2529,2025-11-22,15,0,15,0,15,false
2540,1290T,Triple T,Brentwood College School,Mill Bay,British Columbia,Canada,High School,RE-V5RC-25-3291,2025-11-22,15,0,15,0,15,false
2541,46262X,HEXAGON,TEV INANC TURKES OZEL LISESI,Kocaeli̇,,Türkiye,High School,RE-V5RC-25-3455,2025-11-22,15,0,15,0,15,false
2542,89445B,Buckin' Bots,ALBERT M LOWRY HIGH SCHOOL,Winnemucca,Nevada,United States,High School,RE-V5RC-25-0024,2025-11-22,15,0,15,0,15,false
2543,47500B,Blue Jay Fighters,JUNCTION CITY SR HIGH,Junction City,Kansas,United States,High School,RE-V5RC-25-2161,2025-11-23,15,0,15,0,15,false
2544,87756B,Astroingenieras, Planetario SAYAB,PLAYA DEL CARMEN,Quintana Roo,Mexico,High School,RE-V5RC-25-0637,2025-11-26,15,0,15,0,15,false
2545,64221A,CECYTEM Peribán,CECYTEM Periban,Morelia,Mexico City,Mexico,High School,RE-V5RC-25-0637,2025-11-26,15,0,15,0,15,false
2546,52028A,SLC Mecha Force,ST LOUIS CATHOLIC HIGH SCHOOL,Lake Charles,Louisiana,United States,High School,RE-V5RC-25-1502,2025-09-25,14,2,12,2,12,false
2547,88613U,88613U,Middle school affiliated to Beijing Normal University,Beijing,Beijing,China,High School,RE-V5RC-25-3093,2025-10-24,14,1,13,1,13,false
2548,41829A,Raider Robotics,RIVERDALE HIGH SCHOOL,Fort Myers,Florida,United States,High School,RE-V5RC-25-1281,2025-11-01,14,0,14,0,14,false
2549,41999A,Living Wrod Shanghai SRCC Robot Club,Living Wrod Shanghai,上海,Shanghai,China,High School,RE-V5RC-25-0835,2025-08-14,14,0,14,0,14,false
2550,21116M,Rock-IT-Bots,Rock-IT-Bots,Friendswood,Texas,United States,High School,RE-V5RC-25-1794,2025-10-18,14,0,14,0,14,false
2551,91091A,System Blue,Heritage Christian Schools- South Campus,Northridge,California,United States,High School,RE-V5RC-25-0983,2025-10-18,14,0,14,0,14,false
2552,3359C,Team 3 of Hangzhou Entel Foreign Language School,Hangzhou Entel Foreign Language School,Hangzhou,Zhejiang,China,High School,RE-V5RC-25-1749,2025-10-24,14,0,14,0,14,false
2553,3142X,Solve for X,The Paideia School,Atlanta,Georgia,United States,High School,RE-V5RC-25-1650,2025-10-25,14,0,14,0,14,false
2554,4148A,Techno,Greenville High School,Greenville,Texas,United States,High School,RE-V5RC-25-1603,2025-11-01,14,0,14,0,14,false
2555,7187Z,Dubious Fellows,Fayetteville High School Engineering,Fayetteville,Arkansas,United States,High School,RE-V5RC-25-0190,2025-11-08,14,0,14,0,14,false
2556,57336A,CECYTEM Penjamillo,CECYTEM Plantel Penjamillo,Morelia,Mexico City,Mexico,High School,RE-V5RC-25-2832,2025-11-13,14,0,14,0,14,false
2557,50853A,Robotic RAMS,ORANGEWOOD CHRISTIAN SCHOOL,Maitland,Florida,United States,High School,RE-V5RC-25-2382,2025-11-15,14,0,14,0,14,false
2558,12S,Syndicate,The Potomac School,Mclean,Virginia,United States,High School,RE-V5RC-25-0494,2025-11-15,14,0,14,0,14,false
2559,1902S,Standardized Apes - CHS,CHICO HIGH,Chico,California,United States,High School,RE-V5RC-25-1938,2025-11-15,14,0,14,0,14,false
2560,76058P,Puzzle,JOSHUA HIGH SCHOOL,Joshua,Texas,United States,High School,RE-V5RC-25-0197,2025-11-22,14,0,14,0,14,false
2561,2646A,Thunderbolt Robotics Club,Thunderbolt Robotics,Molalla,Oregon,United States,High School,RE-V5RC-25-9942,2025-11-22,14,0,14,0,14,false
2562,1034D,Louisville Robotics,Louisville High School,Woodland Hills,California,United States,High School,RE-V5RC-25-1386,2025-10-11,13,1,12,1,12,false
2563,2105A,Swampbotics,WARE COUNTY HIGH SCHOOL,Waycross,Georgia,United States,High School,RE-V5RC-25-1845,2025-11-14,13,1,12,1,12,false
2564,12883X,12883X,Hangzhou No.2 High School QianJiang,Hangzhou,Zhejiang,China,High School,RE-V5RC-25-1749,2025-10-24,13,0,13,0,13,false
2565,666U,SRobotU,Xian Gaoxin No.1 High School,Xi'an,Shaanxi,China,High School,RE-V5RC-25-3498,2025-11-07,13,0,13,0,13,false
2566,3337B,Storm,Klein Cain High School,Klein,Texas,United States,High School,RE-V5RC-25-2671,2025-11-08,13,0,13,0,13,false
2567,3017G,Guac Stars,HENLEY HIGH SCHOOL,Klamath Falls,Oregon,United States,High School,RE-V5RC-25-1984,2025-11-15,13,0,13,0,13,false
2568,75149A,Wranglers Battalion,WEST MESQUITE HIGH SCHOOL,Mesquite,Texas,United States,High School,RE-V5RC-25-0324,2025-09-10,13,0,13,0,13,false
2569,74947J,Fenix - Jello,Ecole Secondaire Massey-Vanier,Cowansville,Quebec,Canada,High School,RE-V5RC-25-9941,2025-10-16,13,0,13,0,13,false
2570,65162B,Icarus,BOB JONES ACADEMY,Greenville,South Carolina,United States,High School,RE-V5RC-25-0050,2025-10-18,13,0,13,0,13,false
2571,334S,Supernova Surge,SCIENCE ACADEMY STEM MAGNET,North Hollywood,California,United States,High School,RE-V5RC-25-0367,2025-10-19,13,0,13,0,13,false
2572,66423C,Are You Sure?,HANDLEY HIGH SCHOOL,Roanoke,Alabama,United States,High School,RE-V5RC-25-1645,2025-10-25,13,0,13,0,13,false
2573,1221K,The Falconeers,THE KINKAID SCHOOL,Houston,Texas,United States,High School,RE-V5RC-25-1028,2025-10-25,13,0,13,0,13,false
2574,2941A,Oats Robotics,Otumoetai College,Tauranga,,New Zealand,High School,RE-V5RC-25-0541,2025-11-01,13,0,13,0,13,false
2575,97834B,OIA - Bikini Bottom,OWENSBORO INNOVATION ACADEMY,Owensboro,Kentucky,United States,High School,RE-V5RC-25-2148,2025-11-08,13,0,13,0,13,false
2576,83785A,CECYTEM Churumuco,CECYTEM Churumuco,Morelia,Mexico City,Mexico,High School,RE-V5RC-25-2832,2025-11-13,13,0,13,0,13,false
2577,6127D,Exodus,Del Valle High School,El Paso,Texas,United States,High School,RE-V5RC-25-1641,2025-11-14,13,0,13,0,13,false
2578,57301A,Roncalli Royal Robotics Team A,RONCALLI HIGH SCHOOL,Indianapolis,Indiana,United States,High School,RE-V5RC-25-0744,2025-11-15,13,0,13,0,13,false
2579,2971D,Buford,NORTHWESTERN HIGH SCHOOL,West Salem,Ohio,United States,High School,RE-V5RC-25-9961,2025-11-15,13,0,13,0,13,false
2580,10Y,Exothermic Y-not?,Exothermic Robotics,Bellevue,Washington,United States,High School,RE-V5RC-25-0966,2025-11-15,13,0,13,0,13,false
2581,54007A,Shades,Independent,Chandler,Arizona,United States,High School,RE-V5RC-25-0270,2025-11-15,13,0,13,0,13,false
2582,14349R,Titan Core,Titan Core,Cary,North Carolina,United States,High School,RE-V5RC-25-2375,2025-11-15,13,0,13,0,13,false
2583,20131B,Trunk Monkey,PUTNAM CITY HIGH SCHOOL,Oklahoma City,Oklahoma,United States,High School,RE-V5RC-25-1919,2025-11-15,13,0,13,0,13,false
2584,86400G,Grey Area,WADE HAMPTON HIGH,Greenville,South Carolina,United States,High School,RE-V5RC-25-0045,2025-11-15,13,0,13,0,13,false
2585,13358U,Quantum,SILVER CREEK HIGH SCHOOL,Longmont,Colorado,United States,High School,RE-V5RC-25-1864,2025-10-07,13,0,13,0,13,false
2586,18640A,Chrome Dome,St Xavier High School,Louisville,Kentucky,United States,High School,RE-V5RC-25-2549,2025-11-22,13,0,13,0,13,false
2587,54037B,TULANWOLVES V3,CONALEP Hidalgo plantel Tulancingo,Tulancingo,Hidalgo,Mexico,High School,RE-V5RC-25-0637,2025-11-26,13,0,13,0,13,false
2588,15797A,Monka Mechanics,LexVEX Robotics,Lexington,Massachusetts,United States,High School,RE-V5RC-25-0179,2025-11-22,12,12,0,12,0,false
2589,22204N,NV,WYLIE HIGH SCHOOL,Wylie,Texas,United States,High School,RE-V5RC-25-1588,2025-11-01,12,4,8,4,8,false
2590,1437Z,Patriot Robotics,VIEWPOINT SCHOOL,Calabasas,California,United States,High School,RE-V5RC-25-1386,2025-10-11,12,2,10,2,10,false
2591,50075E,Electric Eagles,OAK HILL HIGH SCHOOL,Converse,Indiana,United States,High School,RE-V5RC-25-1769,2025-10-25,12,0,12,2,12,false
2592,9080H,Green Machine,SOUTH HAGERSTOWN HIGH,Hagerstown,Maryland,United States,High School,RE-V5RC-25-1363,2025-11-22,12,0,12,1,12,false
2593,1585Y,JoeBowling,SULPHUR SPRINGS HIGH SCHOOL,Sulphur Springs,Texas,United States,High School,RE-V5RC-25-9995,2025-11-15,12,0,12,1,12,false
2594,65639A,COBACH 8 BUHOS,"COLEGIO DE BACHILLERES DEL ESTADO DE CHIHUAHUA, PLANTEL 8",Chihuahua,Chihuahua,Mexico,High School,RE-V5RC-25-3446,2025-11-19,12,1,11,1,11,false
2595,13755G,Chiway Repton School Xiamen,Chiway Repton School Xiamen & Xiamen Technician School,Xiamen,Fujian,China,High School,RE-V5RC-25-0863,2025-08-22,12,0,12,0,12,false
2596,16232A,BursaTech,MBA Schools,Bursa,,Türkiye,High School,RE-V5RC-25-3455,2025-11-22,12,0,12,0,12,false
2597,10898B,Spartanium,Stafford High School,Stafford,Texas,United States,High School,RE-V5RC-25-9921,2025-10-18,12,0,12,0,12,false
2598,20121A,G.O.R.T's,GRAND OAKS HIGH SCHOOL,Spring,Texas,United States,High School,RE-V5RC-25-1794,2025-10-18,12,0,12,0,12,false
2599,63204A,Bishop Amat Robotics,BISHOP AMAT HIGH SCHOOL,La Puente,California,United States,High School,RE-V5RC-25-0983,2025-10-18,12,0,12,0,12,false
2600,2140B,Ice Blue Vol. 4,JENISON HIGH SCHOOL,Jenison,Michigan,United States,High School,RE-V5RC-25-1383,2025-10-06,12,0,12,0,12,false
2601,14316A,NCPA-A,NCPA,Guangzhou,Guangdong,China,High School,RE-V5RC-25-1914,2025-11-07,12,0,12,0,12,false
2602,90722A,Green Knights,NOTRE DAME HIGH SCHOOL,West Haven,Connecticut,United States,High School,RE-V5RC-25-0126,2025-11-08,12,0,12,0,12,false
2603,67104B,Lord Power Tool and the Screws,HEADLAND HIGH SCHOOL,Headland,Alabama,United States,High School,RE-V5RC-25-2138,2025-11-08,12,0,12,0,12,false
2604,94989Z,Train Wreck,Riverside Secondary,Port Coquitlam,British Columbia,Canada,High School,RE-V5RC-25-0133,2025-11-08,12,0,12,0,12,false
2605,14831A,CECYTEM Morelia,CECYTEM Morelia,Morelia,Mexico City,Mexico,High School,RE-V5RC-25-2832,2025-11-13,12,0,12,0,12,false
2606,50027P,Firewall,DERBY HIGH SCHOOL,Derby,Kansas,United States,High School,RE-V5RC-25-1040,2025-11-15,12,0,12,0,12,false
2607,75160X,Xplode,TERRELL HIGH SCHOOL,Terrell,Texas,United States,High School,RE-V5RC-25-2518,2025-11-15,12,0,12,0,12,false
2608,4869C,Birthday Boy,Berlin High School,Berlin,Wisconsin,United States,High School,RE-V5RC-25-1267,2025-11-15,12,0,12,0,12,false
2609,92269Z,Potato Chip,"Shanghai United International School, Qingpu Campus",Shanghai,Shanghai,China,High School,RE-V5RC-25-3593,2025-11-21,12,0,12,0,12,false
2610,1509Z,Rmageddon,Ridley College High School,St Catharines,Ontario,Canada,High School,RE-V5RC-25-0250,2025-11-22,12,0,12,0,12,false
2611,2550X,Grizzly Robotics X,GRANITE BAY HIGH,Granite Bay,California,United States,High School,RE-V5RC-25-0024,2025-11-22,12,0,12,0,12,false
2612,29204D,Googly Eyes,CREATE,Oxford,Alabama,United States,High School,RE-V5RC-25-0153,2025-11-14,11,5,6,5,6,false
2613,18908H,Mighty Hawks,HARMONY SCHOOL OF EXCELLENCE - LAREDO,Laredo,Texas,United States,High School,RE-V5RC-25-0209,2025-11-24,11,2,9,2,9,false
2614,13756A,The Shinigami - EA Robotics,EAST ALLEGHENY JSHS,North Versailles,Pennsylvania,United States,High School,RE-V5RC-25-2893,2025-11-14,11,1,10,1,10,false
2615,54664A,Robohobos,NORTH HIGH,St. Louis,Missouri,United States,High School,RE-V5RC-25-1297,2025-10-25,11,1,10,1,10,false
2616,71639K,✧(๑•̀ㅂ•́)و✧EACH✧//BEST//,Shenzhen Science Museum EACH-ROBOTICS,深圳市,Guangdong,China,High School,RE-V5RC-25-1178,2025-09-26,11,0,11,0,11,false
2617,56M,Aksel,CAPE ELIZABETH HIGH SCHOOL,Cape Elizabeth,Maine,United States,High School,RE-V5RC-25-1202,2025-11-01,11,0,11,0,11,false
2618,70258A,Hivemind,HAMDEN HALL COUNTRY DAY SCHOOL,Hamden,Connecticut,United States,High School,RE-V5RC-25-0126,2025-11-08,11,0,11,0,11,false
2619,87024A,CECYTEM Plantel Opopeo,CECYTEM Plantel Opopeo,Opopeo,Michoacán,Mexico,High School,RE-V5RC-25-2832,2025-11-13,11,0,11,0,11,false
2620,210B,Aurora,Western Mechatronics Robotics Club,Calgary,Alberta,Canada,High School,RE-V5RC-25-0146,2025-08-29,11,0,11,0,11,false
2621,85227C,WolfByte,GRANDVIEW HIGH SCHOOL,Aurora,Colorado,United States,High School,RE-V5RC-25-1056,2025-10-18,11,0,11,0,11,false
2622,92641A,VEX VERSTAPPEN,Washington High School,Taichung,,Taiwan,High School,RE-V5RC-25-0321,2025-10-26,11,0,11,0,11,false
2623,58676A,Corsaires Amnésiques,Ecole Pointe-Lévy,Lévis,Quebec,Canada,High School,RE-V5RC-25-0104,2025-11-01,11,0,11,0,11,false
2624,20017A,Pink Pinto Club,MORIARTY HIGH,Moriarty,New Mexico,United States,High School,RE-V5RC-25-2172,2025-11-01,11,0,11,0,11,false
2625,2143B,Matt Robotics TeamB,Matt Robotics,Hong Kong,,Hong Kong,High School,RE-V5RC-25-2645,2025-11-07,11,0,11,0,11,false
2626,70649M,The Wind,PROFESSIONAL ACADEMY MAGNET AT LOFTEN HIGH SCHOOL,Gainesville,Florida,United States,High School,RE-V5RC-25-1563,2025-11-08,11,0,11,0,11,false
2627,8031D,Error 403 (Forbidden),Hudsonville Robotics - HS,Hudsonville,Michigan,United States,High School,RE-V5RC-25-1441,2025-11-08,11,0,11,0,11,false
2628,7447Z,Mechanical Maniacz,Pickens County Career and Technology Center,Liberty,South Carolina,United States,High School,RE-V5RC-25-0088,2025-11-08,11,0,11,0,11,false
2629,17451D,AvengerRobotics-D,AvengerRobotics_VEX,Cumming,Georgia,United States,High School,RE-V5RC-25-1859,2025-11-08,11,0,11,0,11,false
2630,34300W,Wolves,Ecole Salish Secondary (Surrey School District),Surrey,British Columbia,Canada,High School,RE-V5RC-25-0133,2025-11-08,11,0,11,0,11,false
2631,24904F,Foothill Robotics Club,FOOTHILL HIGH,Bakersfield,California,United States,High School,RE-V5RC-25-9938,2025-10-18,11,0,11,0,11,false
2632,1759P,El Segundo P.O.T.A.T.O.E.S,El Segundo High School,El Segundo,California,United States,High School,RE-V5RC-25-1336,2025-11-16,11,0,11,0,11,false
2633,98377D,Damage Control,TECHNICAL SENIOR HIGH,St. Cloud,Minnesota,United States,High School,RE-V5RC-25-2140,2025-11-22,11,0,11,0,11,false
2634,79930B,CCTE BlackFang,Center for Career Technology Education,El Paso,Texas,United States,High School,RE-V5RC-25-1352,2025-11-22,11,0,11,0,11,false
2635,51581B,Disconauts,The Dalles High School,The Dalles,Oregon,United States,High School,RE-V5RC-25-9942,2025-11-22,11,0,11,0,11,false
2636,88700E,KUKULCAN ROBOTICS,Academia STEM Tapachula,TAPACHULA,Chiapas,Mexico,High School,RE-V5RC-25-0637,2025-11-26,11,0,11,0,11,false
2637,85684A,85684A,Shanghai Minhang district teenagers activity center,Shanghai,Shanghai,China,High School,RE-V5RC-25-3593,2025-11-21,10,10,0,10,0,false
2638,46952A,ClawCore Robotics,EASTBROOK HIGH SCHOOL,Marion,Indiana,United States,High School,RE-V5RC-25-0744,2025-11-15,10,2,8,2,8,false
2639,9551D,Circuit Breakers,WEISER HIGH SCHOOL,Weiser,Idaho,United States,High School,RE-V5RC-25-1841,2025-10-24,10,1,9,1,9,false
2640,9871S,Stargazer,ACADEMY FOR TECHNOLOGY ENGINEERING MATH & SCIENCE,Abilene,Texas,United States,High School,RE-V5RC-25-2542,2025-10-25,10,1,9,1,9,false
2641,1034B,Louisville Robotics,LOUISVILLE HIGH SCHOOL,Woodland Hills,California,United States,High School,RE-V5RC-25-1386,2025-10-11,10,0,10,0,10,false
2642,59735C,CobraRovers,CABARRUS EARLY COLLEGE OF TECHNOLOGY,Concord,North Carolina,United States,High School,RE-V5RC-25-2375,2025-11-15,10,0,10,0,10,false
2643,42700N,Nexus,Saint Louis School Hawaii,Honolulu,Hawaii,United States,High School,RE-V5RC-25-2038,2025-11-22,10,0,10,0,10,false
2644,75551A,We Tried,BISHOP GORMAN HIGH SCHOOL,Las Vegas,Nevada,United States,High School,RE-V5RC-25-2178,2025-11-08,10,0,10,0,10,false
2645,383D,Dagr,LOWNDES HIGH SCHOOL,Valdosta,Georgia,United States,High School,RE-V5RC-25-1845,2025-11-14,10,0,10,0,10,false
2646,12410N,Mac Users,MOUNT BARKER HIGH SCHOOL,Mount Barker,South Australia,Australia,High School,RE-V5RC-25-1700,2025-11-10,10,0,10,0,10,false
2647,45881A,CECYTEM Ciudad Hidalgo,CECYTEM Plantel Ciudad Hidalgo,Morelia,Michoacán,Mexico,High School,RE-V5RC-25-2832,2025-11-13,10,0,10,0,10,false
2648,36518E,Tricerabots,WASHINGTON COUNTY HIGH SCHOOL,Chatom,Alabama,United States,High School,RE-V5RC-25-2149,2025-11-19,10,0,10,0,10,false
2649,65810A,HCH Bulldogs,HANCOCK HIGH SCHOOL,Hancock,Michigan,United States,High School,RE-V5RC-25-2030,2025-11-22,10,0,10,0,10,false
2650,69153B,Cross Threaded,St Peters College,Hackney,South Australia,Australia,High School,RE-V5RC-25-0495,2025-08-12,10,0,10,0,10,false
2651,2072A,Ares,Enginotic 6 Robotics,Montclair,Virginia,United States,High School,RE-V5RC-25-9997,2025-09-12,10,0,10,0,10,false
2652,5249V,Sparta Robotics Velocity,Sparta High School,Sparta,New Jersey,United States,High School,RE-V5RC-25-9997,2025-09-12,10,0,10,0,10,false
2653,13358G,Grape Soda,SILVER CREEK HIGH SCHOOL,Longmont,Colorado,United States,High School,RE-V5RC-25-0257,2025-10-11,10,0,10,0,10,false
2654,12220D,Team Devol,MEGASTEAM ACADEMY,Richmond,British Columbia,Canada,High School,RE-V5RC-25-2576,2025-10-13,10,0,10,0,10,false
2655,59708A,Rice Meisters,PARKWAY CENTRAL HIGH,Chesterfield,Missouri,United States,High School,RE-V5RC-25-1297,2025-10-25,10,0,10,0,10,false
2656,56682A,TEC - Error: Name Not Found,EAST HAMPTON HIGH SCHOOL,East Hampton,Connecticut,United States,High School,RE-V5RC-25-0177,2025-10-25,10,0,10,0,10,false
2657,81218F,Two Sticks and a Rock,Loveless Academic Magnet Prog High School,Montgomery,Alabama,United States,High School,RE-V5RC-25-2133,2025-11-01,10,0,10,0,10,false
2658,28466K,Krazy Train,SPRINGS STUDIO FOR ACADEMIC EXCELLENCE,Colorado Springs,Colorado,United States,High School,RE-V5RC-25-0996,2025-11-01,10,0,10,0,10,false
2659,7110Z,Fired Up!,CARROLL HIGH SCHOOL,Southlake,Texas,United States,High School,RE-V5RC-25-1588,2025-11-01,10,0,10,0,10,false
2660,62629W,Iron Patriots:  Wagyu,WHEELING PARK HIGH SCHOOL,Wheeling,West Virginia,United States,High School,RE-V5RC-25-0804,2025-11-01,10,0,10,0,10,false
2661,3333W,Power of the Square,Notre Dame Prep,Pontiac,Michigan,United States,High School,RE-V5RC-25-0644,2025-10-02,10,0,10,0,10,false
2662,8787Z,Angelo's Builders,Eastwood High School,El Paso,Texas,United States,High School,RE-V5RC-25-1203,2025-11-07,10,0,10,0,10,false
2663,42652A,Iron Patriots Grogu,SULLIVAN EAST HIGH SCHOOL,Bluff City,Tennessee,United States,High School,RE-V5RC-25-0432,2025-11-08,10,0,10,0,10,false
2664,23851C,Mitchells Dicsiples,KIRKWOOD SR. HIGH,Kikrwood,Missouri,United States,High School,RE-V5RC-25-1693,2025-11-08,10,0,10,0,10,false
2665,94989W,8l4ck crab,Riverside Secondary,Port Coquitlam,British Columbia,Canada,High School,RE-V5RC-25-0133,2025-11-08,10,0,10,0,10,false
2666,4805B,SPIDERMAN,HARDING HIGH SCHOOL,Marion,Ohio,United States,High School,RE-V5RC-25-1241,2025-11-11,10,0,10,0,10,false
2667,40217B,Rust-eze,CHAPIN HIGH SCHOOL,El Paso,Texas,United States,High School,RE-V5RC-25-1641,2025-11-14,10,0,10,0,10,false
2668,16645A,Kit Kat Club,PINE TREE HIGH SCHOOL,Longview,Texas,United States,High School,RE-V5RC-25-2518,2025-11-15,10,0,10,0,10,false
2669,197G,Goblin,Harriton High School,Rosemont,Pennsylvania,United States,High School,RE-V5RC-25-0005,2025-11-15,10,0,10,0,10,false
2670,12691A,Metaljacket,OCONOMOWOC HIGH,Oconomowoc,Wisconsin,United States,High School,RE-V5RC-25-1267,2025-11-15,10,0,10,0,10,false
2671,1413C,ILuvSourdough,ST CHARLES EAST HIGH SCHOOL,St. Charles,Illinois,United States,High School,RE-V5RC-25-1647,2025-11-16,10,0,10,0,10,false
2672,1790C,Bacon Kilobytes,WRIGHTSTOWN HIGH,Wrightstown,Wisconsin,United States,High School,RE-V5RC-25-1526,2025-11-04,10,0,10,0,10,false
2673,97779B,St Andrews College,St Andrew’s College,Aurora,Ontario,Canada,High School,RE-V5RC-25-0071,2025-11-04,10,0,10,0,10,false
2674,936A,HKIS Actinium,Hong Kong International School,Hong Kong,,Hong Kong,High School,RE-V5RC-25-0139,2025-11-22,10,0,10,0,10,false
2675,35244E,WAP-MALA,HOOVER HIGH SCHOOL,Hoover,Alabama,United States,High School,RE-V5RC-25-2509,2025-11-22,10,0,10,0,10,false
2676,91028B,Brotato Chips,Silverdale Baptist Academy,Chattanooga,Tennessee,United States,High School,RE-V5RC-25-0260,2025-11-22,10,0,10,0,10,false
2677,53494Z,SEHS Robotics,SOUTHEASTERN SCHOOL,Remlap,Alabama,United States,High School,RE-V5RC-25-2509,2025-11-22,10,0,10,0,10,false
2678,76194B,Dragons ,DIVISION AVENUE SENIOR HIGH SCHOOL,Levittown,New York,United States,High School,RE-V5RC-25-1862,2025-11-22,10,0,10,0,10,false
2679,35244B,Real Bob,HOOVER HIGH SCHOOL,Hoover,Alabama,United States,High School,RE-V5RC-25-2509,2025-11-22,10,0,10,0,10,false
2680,416X,Xylem,St Clement's School,Toronto,Ontario,Canada,High School,RE-V5RC-25-2570,2025-11-22,10,0,10,0,10,false
2681,6210B,Built Different,Heritage Christian School,Indianapolis,Indiana,United States,High School,RE-V5RC-25-0094,2025-11-21,10,0,10,0,10,false
2682,17640X,Xtreme Team,COLUMBIA GRAMMAR & PREPARATORY SCHOOL,New York,New York,United States,High School,RE-V5RC-25-1862,2025-11-22,10,0,10,0,10,false
2683,20734Z,SIX SEVEN,Old Town High School,Old Town,Maine,United States,High School,RE-V5RC-25-2119,2025-11-22,10,0,10,0,10,false
2684,1104V,Discobots Venom ひ,Brampton Robotics Education,Brampton,Ontario,Canada,High School,RE-V5RC-25-0250,2025-11-22,10,0,10,0,10,false
2685,1860B,Cocktail Weiners,MOUNTAIN VIEW HIGH SCHOOL,El Paso,Texas,United States,High School,RE-V5RC-25-1352,2025-11-22,10,0,10,0,10,false
2686,9594U,RoboCavs,Collingwood School,West Vancouver,British Columbia,Canada,High School,RE-V5RC-25-2529,2025-11-22,10,0,10,0,10,false
2687,99515A,T-BODS,Douglas High School,Rapid City,South Dakota,United States,High School,RE-V5RC-25-0630,2025-11-22,10,0,10,0,10,false
2688,6523A,Doofenshmirtz Inc.,TRI-CITY COLLEGE PREP,Prescott,Arizona,United States,High School,RE-V5RC-25-2984,2025-11-22,10,0,10,0,10,false
2689,18908A,Hawk Wheels,HARMONY SCHOOL OF EXCELLENCE - LAREDO,Laredo,Texas,United States,High School,RE-V5RC-25-0209,2025-11-24,10,0,10,0,10,false
2690,80745B,Robotica,St. Modan's High School,Stirling,,United Kingdom,High School,RE-V5RC-25-0779,2025-11-25,10,0,10,0,10,false
2691,2854W,The Backup Bots,Lake Creek High School,Montgomery,Texas,United States,High School,RE-V5RC-25-2263,2025-11-22,9,5,4,5,4,false
2692,3695A,Botsune Miku,YORKVILLE HIGH SCHOOL,Yorkville,Illinois,United States,High School,RE-V5RC-25-1647,2025-11-16,9,3,6,3,6,false
2693,69153C,888,St Peters College,Hackney,South Australia,Australia,High School,RE-V5RC-25-1660,2025-09-22,9,2,7,2,7,false
2694,169B,The Cavalry,THE HAVERFORD SCHOOL,Haverford,Pennsylvania,United States,High School,RE-V5RC-25-9997,2025-09-12,9,2,7,2,7,false
2695,23037A,Alpine,FINDLAY HIGH SCHOOL,Findlay,Ohio,United States,High School,RE-V5RC-25-9958,2025-11-15,9,2,7,2,7,false
2696,17528A,17528A,17528A,Guangzhou,Guangdong,China,High School,RE-V5RC-25-0863,2025-08-22,9,0,9,0,9,false
2697,1082W,Wildcard,LOVEJOY HIGH SCHOOL,Lucas,Texas,United States,High School,RE-V5RC-25-0094,2025-11-21,9,0,9,0,9,false
2698,11476C,LionTech C,Mater Academy Charter High School,Hialeah Gardens,Florida,United States,High School,RE-V5RC-25-1547,2025-10-03,9,0,9,0,9,false
2699,11042A,Seven Lakes HS TSA A,Seven Lake High School,Katy,Texas,United States,High School,RE-V5RC-25-9921,2025-10-18,9,0,9,0,9,false
2700,17698B,Panthrix 1,South Early College High School,Houston,Texas,United States,High School,RE-V5RC-25-9921,2025-10-18,9,0,9,0,9,false
2701,929R,929Reckoning,Hereford High School,Parkton,Maryland,United States,High School,RE-V5RC-25-0289,2025-10-25,9,0,9,0,9,false
2702,32092F,Generic Robotics Team #1643,Stargate Charter School,Thornton,Colorado,United States,High School,RE-V5RC-25-1864,2025-10-07,9,0,9,0,9,false
2703,45744A,Bu'Gi,SHERIDAN HIGH SCHOOL,Sheridan,Arkansas,United States,High School,RE-V5RC-25-0190,2025-11-08,9,0,9,0,9,false
2704,3556A,Phaze,Phaze Robotics,Gainesville,Florida,United States,High School,RE-V5RC-25-1563,2025-11-08,9,0,9,0,9,false
2705,38241T,Torque Titans,FAITH ACADEMY,Mobile,Alabama,United States,High School,RE-V5RC-25-0832,2025-11-08,9,0,9,0,9,false
2706,44263A,Straw Hat Pirates ,Nebraska Lutheran High School,Waco,Nebraska,United States,High School,RE-V5RC-25-0398,2025-11-08,9,0,9,0,9,false
2707,2775Z,Jackson Area Robotics Exodus,Jackson Area Robotics,Jackson,Tennessee,United States,High School,RE-V5RC-25-0454,2025-11-08,9,0,9,0,9,false
2708,89445A,The Mighty Clankers,ALBERT M LOWRY HIGH SCHOOL,Winnemucca,Nevada,United States,High School,RE-V5RC-25-2924,2025-11-08,9,0,9,0,9,false
2709,751B,Baron Bots,BONITA VISTA SENIOR HIGH,Chula Vista,California,United States,High School,RE-V5RC-25-0406,2025-09-13,9,0,9,0,9,false
2710,22391A,The Clankers ,WESTMORELAND HIGH SCHOOL,Westmoreland,Tennessee,United States,High School,RE-V5RC-25-1408,2025-09-23,9,0,9,0,9,false
2711,88171B,ICSN Equinox,ICSN,Nonthaburi,,Thailand,High School,RE-V5RC-25-0588,2025-11-15,9,0,9,0,9,false
2712,43779S,Dino Nugs!,SHENANDOAH HIGH SCHOOL,Sarahsville,Ohio,United States,High School,RE-V5RC-25-9961,2025-11-15,9,0,9,0,9,false
2713,20164J,Jambalaya,Charles J. Colgan Senior. High School,Manassas,Virginia,United States,High School,RE-V5RC-25-0494,2025-11-15,9,0,9,0,9,false
2714,19711A,"NCHS Innovatriots, Team A",Newark Charter Senior High School,Newark,Delaware,United States,High School,RE-V5RC-25-0161,2025-11-15,9,0,9,0,9,false
2715,46X,Outlaws,Seton School,Manassas,Virginia,United States,High School,RE-V5RC-25-0494,2025-11-15,9,0,9,0,9,false
2716,55117A,AGON,FREMONT HIGH,Plain City,Utah,United States,High School,RE-V5RC-25-1483,2025-11-15,9,0,9,0,9,false
2717,99989C,CODEmandos - Spectacle,Hendersonville High School,Hendersonville,Tennessee,United States,High School,RE-V5RC-25-1076,2025-11-15,9,0,9,0,9,false
2718,2083Z,Z-Axis,Fond du Lac Area Robotics Team,Fond du Lac,Wisconsin,United States,High School,RE-V5RC-25-1267,2025-11-15,9,0,9,0,9,false
2719,16885B,Mechanical Moose,hiren viroja,Fort Mill,South Carolina,United States,High School,RE-V5RC-25-0045,2025-11-15,9,0,9,0,9,false
2720,81422D,LIBERTADORES D,CECYT 22 AYUNTAMIENTO,Ciudad Juarez,Chihuahua,Mexico,High School,RE-V5RC-25-3446,2025-11-19,9,0,9,0,9,false
2721,64762G,Loose Screws,BANGOR HIGH SCHOOL,Bangor,Maine,United States,High School,RE-V5RC-25-2119,2025-11-22,9,0,9,0,9,false
2722,1506C,Metal Monstrosity,PACT CHARTER SCHOOL,Ramsey,Minnesota,United States,High School,RE-V5RC-25-9984,2025-11-22,9,0,9,0,9,false
2723,44047A,JEDI Sith Squadron,JEFFERSON AREA SR HIGH SCHOOL,Jefferson,Ohio,United States,High School,RE-V5RC-25-0882,2025-11-22,9,0,9,0,9,false
2724,2817D,Bot Busters,The DEN Career and Technology Center,Montgomery,Texas,United States,High School,RE-V5RC-25-2263,2025-11-22,9,0,9,0,9,false
2725,210C,Comet,Western Mechatronics Robotics Club,Calgary,Alberta,Canada,High School,RE-V5RC-25-1906,2025-11-22,9,0,9,0,9,false
2726,1290S,Spice,Brentwood College School,Mill Bay,British Columbia,Canada,High School,RE-V5RC-25-3291,2025-11-22,8,3,5,3,5,false
2727,43010A,精准转向,长沙市萤火羽翼机器人活动中心,长沙,Hunan,China,High School,RE-V5RC-25-3498,2025-11-07,8,1,7,3,7,false
2728,12323C,Blue Eagles Robotics,PLYMOUTH NORTH HIGH,Plymouth,Massachusetts,United States,High School,RE-V5RC-25-0347,2025-10-23,8,2,6,2,6,false
2729,63031C,Waddle Dees,Vallivue High School,Caldwell,Idaho,United States,High School,RE-V5RC-25-2517,2025-11-22,8,2,6,2,8,false
2730,86349M,Flare,Flare,Frisco,Texas,United States,High School,RE-V5RC-25-1537,2025-11-15,8,1,7,1,7,false
2731,39E,Six Seven,CRANBROOK SCHOOLS,Bloomfield Hills,Michigan,United States,High School,RE-V5RC-25-0381,2025-11-22,8,0,8,1,8,false
2732,1034C,Louisville Robotics,LOUISVILLE HIGH SCHOOL,"Woodland Hills,",California,United States,High School,RE-V5RC-25-1807,2025-11-08,8,1,7,1,7,false
2733,14872A,Robo Wizards (of MDI),MT DESERT ISLAND HIGH SCHOOL,Bar Harbor,Maine,United States,High School,RE-V5RC-25-1318,2025-11-15,8,1,7,1,7,false
2734,1137B,Versyn,Clements High School,Sugar Land,Texas,United States,High School,RE-V5RC-25-1794,2025-10-18,8,0,8,0,8,false
2735,53535A,Tornado Pigeons,Tocoi Creek High School,St. Augustine,Florida,United States,High School,RE-V5RC-25-2382,2025-11-15,8,0,8,0,8,false
2736,7567B,Mighty Drivers,Grand Traverse Academy,Traverse City,Michigan,United States,High School,RE-V5RC-25-1606,2025-11-22,8,0,8,0,8,false
2737,5450A,Am I Determined?,Marshall County Central High School,Newfolden,Minnesota,United States,High School,RE-V5RC-25-2140,2025-11-22,8,0,8,0,8,false
2738,3134V,Robolabs Voltage,Robolabs,Dublin,California,United States,High School,RE-V5RC-25-0622,2025-09-06,8,0,8,0,8,false
2739,7405N,Millburn Nebula,Millburn High School,Millburn,New Jersey,United States,High School,RE-V5RC-25-9997,2025-09-12,8,0,8,0,8,false
2740,2915Y,Lynfield Y,Lynfield College,Auckland,Auckland,New Zealand,High School,RE-V5RC-25-0539,2025-09-13,8,0,8,0,8,false
2741,43272U,Fox Robotics - The Chicken Burgers,CADDO MILLS HIGH SCHOOL,Caddo Mills,Texas,United States,High School,RE-V5RC-25-1603,2025-11-01,8,0,8,0,8,false
2742,42368A,Deus Machinarum,BURKBURNETT HIGH SCHOOL,Burkburnett,Texas,United States,High School,RE-V5RC-25-1976,2025-11-01,8,0,8,0,8,false
2743,70444A,RoboFins,DOWNTOWN DORAL CHARTER UPPER SCHOOL,Doral,Florida,United States,High School,RE-V5RC-25-1986,2025-11-08,8,0,8,0,8,false
2744,6297A,FCS Paladins,Fellowship Christian School,Roswell,Georgia,United States,High School,RE-V5RC-25-1859,2025-11-08,8,0,8,0,8,false
2745,12208B,Tamu Massif,FRIENDSWOOD HIGH SCHOOL,Friendswood,Texas,United States,High School,RE-V5RC-25-1234,2025-11-08,8,0,8,0,8,false
2746,1034A,Louisville Robotics,LOUISVILLE HIGH SCHOOL,Woodland Hills,California,United States,High School,RE-V5RC-25-1807,2025-11-08,8,0,8,0,8,false
2747,6127A,Evangelion,Del Valle High School,El Paso,Texas,United States,High School,RE-V5RC-25-1641,2025-11-14,8,0,8,0,8,false
2748,14760E,Robots in Trenchcoats,PICKERINGTON HIGH SCHOOL NORTH,Pickerington,Ohio,United States,High School,RE-V5RC-25-9961,2025-11-15,8,0,8,0,8,false
2749,90475C,Pipe Insulators,DEER PARK HIGH SCHOOL (SC),Deer Park,Texas,United States,High School,RE-V5RC-25-2434,2025-11-15,8,0,8,0,8,false
2750,84260K,Kobra,Cabot High School,Cabot,Arkansas,United States,High School,RE-V5RC-25-0134,2025-11-15,8,0,8,0,8,false
2751,6975X,Spotsy Bots,SPOTSYLVANIA HIGH,Spotsylvania,Virginia,United States,High School,RE-V5RC-25-0494,2025-11-15,8,0,8,0,8,false
2752,24118G,Controlled Destruction,ALBERT LEA SENIOR HIGH,Albert Lea,Minnesota,United States,High School,RE-V5RC-25-9919,2025-11-15,8,0,8,0,8,false
2753,8301A,Cougarbots A,San Ysidro High School,San Diego,California,United States,High School,RE-V5RC-25-1026,2025-11-15,8,0,8,0,8,false
2754,6007R,Quantum Flux,Rolling Robots West LA,Los Angeles,California,United States,High School,RE-V5RC-25-0285,2025-11-15,8,0,8,0,8,false
2755,6581S,JBots,J.w. Sexton High School,Lansing,Michigan,United States,High School,RE-V5RC-25-0381,2025-11-22,8,0,8,0,8,false
2756,11419A,Sioux Falls Christian Chargers,Sioux Falls Christian School,Sioux Falls,South Dakota,United States,High School,RE-V5RC-25-0630,2025-11-22,8,0,8,0,8,false
2757,1506D,Rubber Bandits,PACT CHARTER SCHOOL,Ramsey,Minnesota,United States,High School,RE-V5RC-25-9984,2025-11-22,8,0,8,0,8,false
2758,9210C,Monkey with Banana,Storm Robotics (ISD47),Sauk Rapids,Minnesota,United States,High School,RE-V5RC-25-9984,2025-11-22,8,0,8,0,8,false
2759,56549A,WALL-E,HAWLEY SECONDARY,Hawley A Team,Minnesota,United States,High School,RE-V5RC-25-2140,2025-11-22,8,0,8,0,8,false
2760,97155B,Tribe of 5,YSLETA HIGH SCHOOL,El Paso,Texas,United States,High School,RE-V5RC-25-1352,2025-11-22,8,0,8,0,8,false
2761,2072V,Vyper,Enginotic 6 Robotics,Montclair,Virginia,United States,High School,RE-V5RC-25-9997,2025-09-12,7,2,5,2,5,false
2762,5915Z,PNP-Z,VEX Academy of  Guangzhou PNP studio,Guangzhou,Guangdong,China,High School,RE-V5RC-25-3593,2025-11-21,7,2,5,2,6,false
2763,15352D,Night Shift,SEAMAN HIGH,Topeka,Kansas,United States,High School,RE-V5RC-25-2015,2025-11-01,7,2,5,2,5,false
2764,88527F,VenomWizor,Trường THPT FPT Tây Hà Nội,Ha Noi,,Vietnam,High School,RE-V5RC-25-2890,2025-11-01,7,1,6,1,6,false
2765,59001A,TFL Robotics,Tekirdağ Ebru Nayim Fen Lisesi,Tekirdağ,,Türkiye,High School,RE-V5RC-25-3455,2025-11-22,7,0,7,0,7,false
2766,19400C,Cut,CV Educations,Castro Valley,California,United States,High School,RE-V5RC-25-1473,2025-11-15,7,0,7,0,7,false
2767,50298Y,Thy Concrete Blocks,Mapleton Middle School,Ashland,Ohio,United States,High School,RE-V5RC-25-1669,2025-10-25,7,0,7,0,7,false
2768,97155A,PandaSaurusRexOnAMotorcycle,YSLETA HIGH SCHOOL,El Paso,Texas,United States,High School,RE-V5RC-25-2036,2025-10-30,7,0,7,0,7,false
2769,61119H,Corsaires FP - Héphaïstos,Centre de formation professionnelle de Lévis,Lévis,Quebec,Canada,High School,RE-V5RC-25-0104,2025-11-01,7,0,7,0,7,false
2770,33042A,EP Team A,EAST PALESTINE HIGH SCHOOL,East Palestine,Ohio,United States,High School,RE-V5RC-25-9970,2025-11-05,7,0,7,0,7,false
2771,3773Y,Bowbots - Yttrium (Y),Bow High School,Bow,New Hampshire,United States,High School,RE-V5RC-25-3009,2025-11-08,7,0,7,0,7,false
2772,19713R,The Churro Squad,Cypress Ranch High School,Cypress,Texas,United States,High School,RE-V5RC-25-1643,2025-10-04,7,0,7,0,7,false
2773,9880R,Chefbots,JAMES F. BYRNES HIGH,Duncan,South Carolina,United States,High School,RE-V5RC-25-0050,2025-10-18,7,0,7,0,7,false
2774,74947D,Fenix - Dynamo,Ecole Secondaire Massey-Vanier,Cowansville,Quebec,Canada,High School,RE-V5RC-25-9941,2025-10-16,7,0,7,0,7,false
2775,7121D,Maverick Robotics,ARCHBISHOP EDWARD MCCARTHY HIGH SCHOOL,Southwest Ranches,Florida,United States,High School,RE-V5RC-25-1165,2025-10-19,7,0,7,0,7,false
2776,8000X,HRS Robohawks,Head-Royce School,Oakland,California,United States,High School,RE-V5RC-25-1472,2025-10-25,7,0,7,0,7,false
2777,6403P,Prometheus,BROOKSIDE HIGH SCHOOL,Sheffield Village,Ohio,United States,High School,RE-V5RC-25-1669,2025-10-25,7,0,7,0,7,false
2778,2985A,SUMA,Palmerston North Girls' High School,Palmerston North,Manawatu-Wanganui,New Zealand,High School,RE-V5RC-25-0309,2025-11-01,7,0,7,0,7,false
2779,50914A,Rust Buckets,COLUMBIA ACADEMY,Columbia,Tennessee,United States,High School,RE-V5RC-25-2436,2025-11-01,7,0,7,0,7,false
2780,42329C,Schlorp McBingles,Howe High School,Howe,Texas,United States,High School,RE-V5RC-25-1588,2025-11-01,7,0,7,0,7,false
2781,59321B,MADCO,Madison County High School,Madison,Florida,United States,High School,RE-V5RC-25-1563,2025-11-08,7,0,7,0,7,false
2782,2790G,Gravity Is A Suggestion,Valparaiso High School,Valparaiso,Indiana,United States,High School,RE-V5RC-25-1856,2025-11-08,7,0,7,0,7,false
2783,94989X,RSS,Riverside Secondary,Port Coquitlam,British Columbia,Canada,High School,RE-V5RC-25-0133,2025-11-08,7,0,7,0,7,false
2784,15350A,Aquila,Johnston Heights Secondary,Surrey,British Columbia,Canada,High School,RE-V5RC-25-0133,2025-11-08,7,0,7,0,7,false
2785,34300G,Wolves,Ecole Salish Secondary (Surrey School District),Surrey,British Columbia,Canada,High School,RE-V5RC-25-0133,2025-11-08,7,0,7,0,7,false
2786,34012C,Shell Shock,THOMAS JEFFERSON CHARTER,Caldwell,Idaho,United States,High School,RE-V5RC-25-2681,2025-10-20,7,0,7,0,7,false
2787,1368D,Indian Nation Robotics,IRWIN COUNTY HIGH SCHOOL,Ocilla,Georgia,United States,High School,RE-V5RC-25-1845,2025-11-14,7,0,7,0,7,false
2788,3260H,SHARP,Sarah Heinz House,Pittsburgh,Pennsylvania,United States,High School,RE-V5RC-25-2893,2025-11-14,7,0,7,0,7,false
2789,6249D,The Four Wheel Flop,BOOTHBAY REGION HIGH SCHOOL,Boothbay Harbor,Maine,United States,High School,RE-V5RC-25-9998,2025-11-15,7,0,7,0,7,false
2790,98377Z,ZEN,TECHNICAL SENIOR HIGH,St. Cloud,Minnesota,United States,High School,RE-V5RC-25-9919,2025-11-15,7,0,7,0,7,false
2791,14241V,VEX Vipers,Level V Robotics,Charlotte,North Carolina,United States,High School,RE-V5RC-25-2375,2025-11-15,7,0,7,0,7,false
2792,10833A,Unlucky Frogs,Independent Team,Concord,North Carolina,United States,High School,RE-V5RC-25-2375,2025-11-15,7,0,7,0,7,false
2793,53202X,SC X,SOUTH CENTRAL JR-SR HIGH SCHOOL,Union Mills,Indiana,United States,High School,RE-V5RC-25-1982,2025-11-15,7,0,7,0,7,false
2794,98377P,P.K.E.,TECHNICAL SENIOR HIGH,St. Cloud,Minnesota,United States,High School,RE-V5RC-25-9919,2025-11-15,7,0,7,0,7,false
2795,11254Y,Eruption,William Henry Harrison High School,Harrison,Ohio,United States,High School,RE-V5RC-25-9958,2025-11-15,7,0,7,0,7,false
2796,96941B,COBACH 10-2,COBACH Plantel 10,Chihuahua,Chihuahua,Mexico,High School,RE-V5RC-25-3446,2025-11-19,7,0,7,0,7,false
2797,26681G,Crash-outs,STRUTHERS HIGH SCHOOL,Struthers,Ohio,United States,High School,RE-V5RC-25-2081,2025-11-20,7,0,7,0,7,false
2798,55113B,Clive,Chipping Campden School,Chipping Campden,,United Kingdom,High School,RE-V5RC-25-9988,2025-11-22,7,0,7,0,7,false
2799,2072S,Notoriety,Enginotic 6 Robotics,Montclair,Virginia,United States,High School,RE-V5RC-25-0094,2025-11-21,7,0,7,0,7,false
2800,7567D,2B Determined,GRAND TRAVERSE ACADEMY,Traverse City,Michigan,United States,High School,RE-V5RC-25-1606,2025-11-22,7,0,7,0,7,false
2801,7135D,Loyola Robotics-D,Loyola Blakefield,Towson,Maryland,United States,High School,RE-V5RC-25-1363,2025-11-22,7,0,7,0,7,false
2802,11030A,Manhasset Robotics,MANHASSET SECONDARY SCHOOL,Manhasset,New York,United States,High School,RE-V5RC-25-1862,2025-11-22,7,0,7,0,7,false
2803,20734X,Zip-Tied1,Old Town High School,Old Town,Maine,United States,High School,RE-V5RC-25-2119,2025-11-22,7,0,7,0,7,false
2804,64762H,Robotic Potatoes,BANGOR HIGH SCHOOL,Bangor,Maine,United States,High School,RE-V5RC-25-2119,2025-11-22,7,0,7,0,7,false
2805,1506A,Fluffy Unicorns,PACT CHARTER SCHOOL,Ramsey,Minnesota,United States,High School,RE-V5RC-25-9984,2025-11-22,7,0,7,0,7,false
2806,15001S,SAMS JR,BAHÇELİEVLER 15 TEMMUZ ŞEHİTLERİ AİHL,İstanbul,,Türkiye,High School,RE-V5RC-25-3455,2025-11-22,7,0,7,0,7,false
2807,64762J,Middle Earth Mechanics,BANGOR HIGH SCHOOL,Bangor,Maine,United States,High School,RE-V5RC-25-2119,2025-11-22,6,0,6,2,6,false
2808,32410B,Breaking Benson,Redwater High School,Redwater,Texas,United States,High School,RE-V5RC-25-2518,2025-11-15,6,1,5,1,5,false
2809,50480B,Spartronics - Get Stickbugged,IMLAY CITY HIGH SCHOOL,Imlay City,Michigan,United States,High School,RE-V5RC-25-9979,2025-11-22,6,1,5,1,5,false
2810,38218A,VEXTORIOUS,DOĞA KOLEJİ ACIBADEM KAMPÜSÜ,İstanbul,,Türkiye,High School,RE-V5RC-25-3455,2025-11-22,6,0,6,0,6,false
2811,7187V,Windows 9,FAYETTEVILLE HIGH SCHOOL EAST,Fayetteville,Arkansas,United States,High School,RE-V5RC-25-0190,2025-11-08,6,0,6,0,6,false
2812,3260Z,SHARP,Sarah Heinz House,Pittsburgh,Pennsylvania,United States,High School,RE-V5RC-25-2893,2025-11-14,6,0,6,0,6,false
2813,96969W,Smooth Operator,Pacific American School,"Zhubei City, Hsinchu County",,Taiwan,High School,RE-V5RC-25-0321,2025-10-26,6,0,6,0,6,false
2814,99966X,Owlbots,Garland HS,Garland,Texas,United States,High School,RE-V5RC-25-0197,2025-11-22,6,0,6,0,6,false
2815,74419A,RoboZilla,MARBLE FALLS HIGH SCHOOL,Marble Falls,Texas,United States,High School,RE-V5RC-25-2066,2025-11-08,6,0,6,0,6,false
2816,14100C,Null,West Cabarrus HIgh School,Concord,North Carolina,United States,High School,RE-V5RC-25-2375,2025-11-15,6,0,6,0,6,false
2817,26038D,The Hippies,JOHN MARSHALL HIGH SCHOOL,Glen Dale,West Virginia,United States,High School,RE-V5RC-25-1508,2025-10-09,6,0,6,0,6,false
2818,1233X,1233 X-Men,CROWN POINT HIGH SCHOOL,Crown Point,Indiana,United States,High School,RE-V5RC-25-1214,2025-11-01,6,0,6,0,6,false
2819,31344A,Savage Stallions,BISHOP BROSSART HIGH SCHOOL,Alexandria,Kentucky,United States,High School,RE-V5RC-25-2148,2025-11-08,6,0,6,0,6,false
2820,415A,Washed Up,Anderson I & II Career & Technology Center,Williamston,South Carolina,United States,High School,RE-V5RC-25-0088,2025-11-08,6,0,6,0,6,false
2821,415C,Electro Magnetic Pulse,Anderson I & II Career & Technology Center,Williamston,South Carolina,United States,High School,RE-V5RC-25-0088,2025-11-08,6,0,6,0,6,false
2822,1697A,Up For Debate,HALL HIGH SCHOOL,West Hartford,Connecticut,United States,High School,RE-V5RC-25-0126,2025-11-08,6,0,6,0,6,false
2823,16802F,FrostByte,MADISON CENTRAL HIGH SCHOOL,Madison,Mississippi,United States,High School,RE-V5RC-25-1106,2025-11-08,6,0,6,0,6,false
2824,1697C,Titan Dynamics,HALL HIGH SCHOOL,West Hartford,Connecticut,United States,High School,RE-V5RC-25-0126,2025-11-08,6,0,6,0,6,false
2825,88171A,ICSN Matrix,ICSN,Nonthaburi,,Thailand,High School,RE-V5RC-25-0588,2025-11-15,6,0,6,0,6,false
2826,85A,I don't know how to pronounce it,Mount Vernon CSD,Mount Vernon,Iowa,United States,High School,RE-V5RC-25-0046,2025-11-15,6,0,6,0,6,false
2827,21010V,The V5 Vipers,"Equanimity Labs, LLC",Nolensville,Tennessee,United States,High School,RE-V5RC-25-0344,2025-08-17,6,0,6,0,6,false
2828,24816H,BIG BROTHER,Happy Valley High School,Elizabethton,Tennessee,United States,High School,RE-V5RC-25-0216,2025-09-27,6,0,6,0,6,false
2829,23218X,Fractal,Simon Langton Grammar School for Boys,Canterbury,,United Kingdom,High School,RE-V5RC-25-0096,2025-10-11,6,0,6,0,6,false
2830,344E,THUNDER CHICKENS,SCARBOROUGH HIGH SCHOOL,Scarborough,Maine,United States,High School,RE-V5RC-25-9941,2025-10-16,6,0,6,0,6,false
2831,47510M,MxM,"Robotics Edge, LLC.",Chandler,Arizona,United States,High School,RE-V5RC-25-9955,2025-10-18,6,0,6,0,6,false
2832,79267B,MetaGators,River Bluff High School,Lexington,South Carolina,United States,High School,RE-V5RC-25-0050,2025-10-18,6,0,6,0,6,false
2833,11342D,2B Decided,Christopher Columbus High School,Miami,Florida,United States,High School,RE-V5RC-25-1165,2025-10-19,6,0,6,0,6,false
2834,10505N,浙江省杭州第二中学,浙江省杭州市第二中学,杭州,Zhejiang,China,High School,RE-V5RC-25-1749,2025-10-24,6,0,6,0,6,false
2835,79226A,Clairvaux MacKillop College 1,Clairvaux Mackillop College,Upper Mount Gravatt,Queensland,Australia,High School,RE-V5RC-25-1018,2025-10-25,6,0,6,0,6,false
2836,21572A,TLC Terminators,The Lakes College,North Lakes,Queensland,Australia,High School,RE-V5RC-25-1018,2025-10-25,6,0,6,0,6,false
2837,1618A,When Robots Fly,E. O. SMITH HIGH SCHOOL,Storrs,Connecticut,United States,High School,RE-V5RC-25-0177,2025-10-25,6,0,6,0,6,false
2838,50298X,Impact,MAPLETON HIGH SCHOOL,Ashland,Ohio,United States,High School,RE-V5RC-25-1669,2025-10-25,6,0,6,0,6,false
2839,13358F,Forklift Certified,SILVER CREEK HIGH SCHOOL,Longmont,Colorado,United States,High School,RE-V5RC-25-1573,2025-10-25,6,0,6,0,6,false
2840,66423B,Plastic Gear Solid,HANDLEY HIGH SCHOOL,Roanoke,Alabama,United States,High School,RE-V5RC-25-1645,2025-10-25,6,0,6,0,6,false
2841,47287A,CreekBots,CYPRESS CREEK HIGH SCHOOL,Houston,Texas,United States,High School,RE-V5RC-25-1615,2025-10-25,6,0,6,0,6,false
2842,6627B,Knight Time Bots - Barracudas,FOOTHILL HIGH,Santa Ana,California,United States,High School,RE-V5RC-25-1388,2025-10-25,6,0,6,0,6,false
2843,50480A,Spartronics - F.R.O.G.,IMLAY CITY HIGH SCHOOL,Imlay City,Michigan,United States,High School,RE-V5RC-25-0644,2025-10-02,6,0,6,0,6,false
2844,499G,Green Eggs and Ham,Mundelein Cons High School,Mundelein,Illinois,United States,High School,RE-V5RC-25-0275,2025-11-01,6,0,6,0,6,false
2845,2474R,R - Name Coming Soon :),Walnut Grove Robotics,Prosper,Texas,United States,High School,RE-V5RC-25-1588,2025-11-01,6,0,6,0,6,false
2846,67104C,hippopotomonstrosesquippedaliophobia,HEADLAND HIGH SCHOOL,Headland,Alabama,United States,High School,RE-V5RC-25-2133,2025-11-01,6,0,6,0,6,false
2847,31033D,Iron Plaid,Duchesne the Academy of the Sacred Heart,Houston,Texas,United States,High School,RE-V5RC-25-2262,2025-11-01,6,0,6,0,6,false
2848,6467A,N.W.A (Natives With Attitudes),Mescalero Apache School,Mescalero,New Mexico,United States,High School,RE-V5RC-25-2172,2025-11-01,6,0,6,0,6,false
2849,75019B,Coppell TECHNE,COPPELL HIGH SCHOOL,Coppell,Texas,United States,High School,RE-V5RC-25-1588,2025-11-01,6,0,6,0,6,false
2850,40B,Peter Bot,TRINITY HIGH SCHOOL,Manchester,New Hampshire,United States,High School,RE-V5RC-25-3009,2025-11-08,6,0,6,0,6,false
2851,34300A,Wolves,Ecole Salish Secondary (Surrey School District),Surrey,British Columbia,Canada,High School,RE-V5RC-25-0133,2025-11-08,6,0,6,0,6,false
2852,67400A,Robo Rebels,PEARL RIVER HIGH SCHOOL,Pearl River,Louisiana,United States,High School,RE-V5RC-25-1324,2025-11-08,6,0,6,0,6,false
2853,60708D,The Cheese Weasels,CTE Innovation Center - GCS,Greenville,South Carolina,United States,High School,RE-V5RC-25-0088,2025-11-08,6,0,6,0,6,false
2854,7447J,The J's,Pickens County Career and Technology Center,Liberty,South Carolina,United States,High School,RE-V5RC-25-0088,2025-11-08,6,0,6,0,6,false
2855,574J,Iron Pride,WAWASEE HIGH SCHOOL,Syracuse,Indiana,United States,High School,RE-V5RC-25-1856,2025-11-08,6,0,6,0,6,false
2856,17451F,AvengerRobotics-E,AvengerRobotics_VEX,Cumming,Georgia,United States,High School,RE-V5RC-25-1859,2025-11-08,6,0,6,0,6,false
2857,654T,Tsunami,LAKE TRAVIS HIGH SCHOOL,Austin,Texas,United States,High School,RE-V5RC-25-2066,2025-11-08,6,0,6,0,6,false
2858,91416T,Crusaders,Wahoo Robotics (Bishop Neumann and Wahoo Public Schools),Wahoo,Nebraska,United States,High School,RE-V5RC-25-0398,2025-11-08,6,0,6,0,6,false
2859,719B,Blackout,Bentonville Public Schools,CENTERTON,Arkansas,United States,High School,RE-V5RC-25-0190,2025-11-08,6,0,6,0,6,false
2860,89131Z,The Ninja Turtles,ARBOR VIEW HIGH SCHOOL,Las Vegas,Nevada,United States,High School,RE-V5RC-25-2178,2025-11-08,6,0,6,0,6,false
2861,83280Z,L.C. Phantom,LANGHAM CREEK HIGH SCHOOL,Houston,Texas,United States,High School,RE-V5RC-25-1618,2025-11-12,6,0,6,0,6,false
2862,82632A,CECYTEM PURUANDIRO,CETYTE MICHOACÁN,Morelia,Michoacán,Mexico,High School,RE-V5RC-25-2832,2025-11-13,6,0,6,0,6,false
2863,44585B,HSI Reverb,Harmony School of Innovation El Paso- Middle/High,El Paso,Texas,United States,High School,RE-V5RC-25-1641,2025-11-14,6,0,6,0,6,false
2864,7316P,Euphoria,FIRESTONE HIGH SCHOOL,Akron,Ohio,United States,High School,RE-V5RC-25-9915,2025-11-14,6,0,6,0,6,false
2865,727D,Terrapin Dark Red,TAMPA PREPARATORY SCHOOL,Tampa,Florida,United States,High School,RE-V5RC-25-2382,2025-11-15,6,0,6,0,6,false
2866,48329B,RoboKnights B,SOUTHWOOD JR-SR HIGH SCHOOL,Wabash,Indiana,United States,High School,RE-V5RC-25-1982,2025-11-15,6,0,6,0,6,false
2867,9039G,G-Force,BrandywineBOTS,Wilmington,Delaware,United States,High School,RE-V5RC-25-0161,2025-11-15,6,0,6,0,6,false
2868,25099B,Ghostie,HIGHLAND PREP WEST,Avondale,Arizona,United States,High School,RE-V5RC-25-0612,2025-11-15,6,0,6,0,6,false
2869,36064B,Sploosh,Pike Road STEM Club,Pike Road,Alabama,United States,High School,RE-V5RC-25-1406,2025-11-15,6,0,6,0,6,false
2870,5405X,Pridetronics Prizmatic,Mountain Pointe High School,Phoenix,Arizona,United States,High School,RE-V5RC-25-0270,2025-11-15,6,0,6,0,6,false
2871,90475D,Desert Vipers,DEER PARK HIGH SCHOOL (SC),Deer Park,Texas,United States,High School,RE-V5RC-25-2434,2025-11-15,6,0,6,0,6,false
2872,3655G,NHS Project 36 Gray,North High School,Bakersfield,California,United States,High School,RE-V5RC-25-9939,2025-10-18,6,0,6,0,6,false
2873,11552A,Maverick,Bedford School,Bedford,,United Kingdom,High School,RE-V5RC-25-2142,2025-11-16,6,0,6,0,6,false
2874,43946C,Chaos Theory,J Sterling Morton West High School,Berwyn,Illinois,United States,High School,RE-V5RC-25-1647,2025-11-16,6,0,6,0,6,false
2875,60172T,Stallions,Lake Park High School,Roselle,Illinois,United States,High School,RE-V5RC-25-1647,2025-11-16,6,0,6,0,6,false
2876,2360X,Xenon,Neuqua Valley High School,Naperville,Illinois,United States,High School,RE-V5RC-25-1647,2025-11-16,6,0,6,0,6,false
2877,90504R,North Robotics,North High School,Torrance,California,United States,High School,RE-V5RC-25-1249,2025-11-16,6,0,6,0,6,false
2878,540X,Appleby,Appleby College,Oakville,Ontario,Canada,High School,RE-V5RC-25-0071,2025-11-04,6,0,6,0,6,false
2879,9950X,Lankers,NEW DIANA HIGH SCHOOL,Diana,Texas,United States,High School,RE-V5RC-25-2029,2025-11-21,6,0,6,0,6,false
2880,4694A,ARK,BAPTIST LUI MING CHOI SECONDARY SCHOOL,Sha Tin,,Hong Kong,High School,RE-V5RC-25-0139,2025-11-22,6,0,6,0,6,false
2881,35244D,Sneaky Golem,HOOVER HIGH SCHOOL,Hoover,Alabama,United States,High School,RE-V5RC-25-2509,2025-11-22,6,0,6,0,6,false
2882,78889H,A - NaCl + -| I | I-,KILLINGLY HIGH SCHOOL,Killingly,Connecticut,United States,High School,RE-V5RC-25-2126,2025-11-22,6,0,6,0,6,false
2883,9080R,Rockin' Rebels,SOUTH HAGERSTOWN HIGH,Hagerstown,Maryland,United States,High School,RE-V5RC-25-1363,2025-11-22,6,0,6,0,6,false
2884,11442X,Lafoofoo,The Hewitt School,New York,New York,United States,High School,RE-V5RC-25-1862,2025-11-22,6,0,6,0,6,false
2885,5525A,Panthers,Patuxent High School,Lusby,Maryland,United States,High School,RE-V5RC-25-1363,2025-11-22,6,0,6,0,6,false
2886,40217A,The Trade Federation,CHAPIN HIGH SCHOOL,El Paso,Texas,United States,High School,RE-V5RC-25-1352,2025-11-22,6,0,6,0,6,false
2887,2398B,Clank,SEQUOYAH HIGH SCHOOL,Tahlequah,Oklahoma,United States,High School,RE-V5RC-25-2583,2025-11-22,6,0,6,0,6,false
2888,9594H,RoboCavs,Collingwood School,West Vancouver,British Columbia,Canada,High School,RE-V5RC-25-2529,2025-11-22,6,0,6,0,6,false
2889,45009P,The Incredibles,YOUNG WOMEN'S LEADERSHIP ACADEMY,El Paso,Texas,United States,High School,RE-V5RC-25-1352,2025-11-22,6,0,6,0,6,false
2890,23037C,Burnouts,FINDLAY HIGH SCHOOL,Findlay,Ohio,United States,High School,RE-V5RC-25-9958,2025-11-15,5,5,0,5,0,false
2891,69580X,The X axis,New Mexico Military Institute,Roswell,New Mexico,United States,High School,RE-V5RC-25-2172,2025-11-01,5,2,3,2,3,false
2892,67591A,CYBER KNIGHTS UGANDA,SOROTI MUNICIPAL S.S,Soroti,,Uganda,High School,RE-V5RC-25-0437,2025-11-07,5,1,4,1,4,false
2893,45654B,Just Mike,GODDARD HIGH,Goddard,Kansas,United States,High School,RE-V5RC-25-1040,2025-11-15,5,1,4,1,4,false
2894,51401E,Team?,RIVERSIDE HIGH SCHOOL,Belle,West Virginia,United States,High School,RE-V5RC-25-1509,2025-11-20,5,1,4,1,4,false
2895,22305B,Plan Bee,DETROIT COUNTRY DAY SCHOOL,Beverly Hills,Michigan,United States,High School,RE-V5RC-25-0381,2025-11-22,5,1,4,1,4,false
2896,877H,How does this work?,RIDGEFIELD HIGH SCHOOL,Ridgefield,Connecticut,United States,High School,RE-V5RC-25-0177,2025-10-25,5,0,5,0,5,false
2897,92973A,Dexter,Cape Cod Tech,Harwich,Massachusetts,United States,High School,RE-V5RC-25-0347,2025-10-23,5,0,5,0,5,false
2898,4478J,J.A.M.,MASUK HIGH SCHOOL,Monroe,Connecticut,United States,High School,RE-V5RC-25-2126,2025-11-22,5,0,5,0,5,false
2899,3260P,SHARP,Sarah Heinz House,Pittsburgh,Pennsylvania,United States,High School,RE-V5RC-25-2893,2025-11-14,5,0,5,0,5,false
2900,1575M,Maximus,Woodbridge Senior High School,Woodbridge,Virginia,United States,High School,RE-V5RC-25-9935,2025-10-25,5,0,5,0,5,false
2901,9551E,Murphy's Law,WEISER HIGH SCHOOL,Weiser,Idaho,United States,High School,RE-V5RC-25-1841,2025-10-24,5,0,5,0,5,false
2902,18891C,G-4s,Granby 4-H Club,East Hartland,Connecticut,United States,High School,RE-V5RC-25-0177,2025-10-25,5,0,5,0,5,false
2903,44713K,Phantoms of the Mountains,Woodrow Wilson High School,Beckley,West Virginia,United States,High School,RE-V5RC-25-1509,2025-11-20,5,0,5,0,5,false
2904,11442Y,Princess Chainsaw Kitty,The Hewitt School,New York,New York,United States,High School,RE-V5RC-25-1862,2025-11-22,5,0,5,0,5,false
2905,11543G,GreenTech,Beykoz Doğa Koleji,İstanbul,,Türkiye,High School,RE-V5RC-25-3455,2025-11-22,5,0,5,0,5,false
2906,11881U,Script Robotics,Uğur Okulları,Istanbul,,Türkiye,High School,RE-V5RC-25-3455,2025-11-22,5,0,5,0,5,false
2907,96498E,Copperfield Error 404,Copperfield College,Delahey,Victoria,Australia,High School,RE-V5RC-25-0027,2025-08-12,5,0,5,0,5,false
2908,91630N,Pigeon Party,CORAL ACADEMY OF SCIENCE LAS VEGAS SANDY RIDGE,Las Vegas,Nevada,United States,High School,RE-V5RC-25-0829,2025-09-27,5,0,5,0,5,false
2909,95936A,Turpin Terminators,TURPIN HIGH SCHOOL,Cincinnati,Ohio,United States,High School,RE-V5RC-25-0692,2025-10-04,5,0,5,0,5,false
2910,6526E,Damien Spartan Robotics,Damien High School,La Verne,California,United States,High School,RE-V5RC-25-1421,2025-10-05,5,0,5,0,5,false
2911,76076A,Sixers,Independence High School,San Jose,California,United States,High School,RE-V5RC-25-0113,2025-10-12,5,0,5,0,5,false
2912,81218A,The Angels,Loveless Academic Magnet Prog High School,Montgomery,Alabama,United States,High School,RE-V5RC-25-1209,2025-10-13,5,0,5,0,5,false
2913,72991A,Citronelle Team 1,CITRONELLE HIGH SCHOOL,Citronelle,Alabama,United States,High School,RE-V5RC-25-1205,2025-09-30,5,0,5,0,5,false
2914,21898A,Vexolution,Gen Inspired,Apex,North Carolina,United States,High School,RE-V5RC-25-0050,2025-10-18,5,0,5,0,5,false
2915,81528A,Metal Masterminds,HUTTO NINTH GRADE CENTER,Hutto,Texas,United States,High School,RE-V5RC-25-0634,2025-10-18,5,0,5,0,5,false
2916,84136D,Hellcat,STEPHEN F AUSTIN HIGH SCHOOL,Sugarland,Texas,United States,High School,RE-V5RC-25-9921,2025-10-18,5,0,5,0,5,false
2917,1437A,Patriot Robotics,VIEWPOINT SCHOOL,Calabasas,California,United States,High School,RE-V5RC-25-0983,2025-10-18,5,0,5,0,5,false
2918,11777B,Circuit Storm,NAMPA CHRISTIAN SCHOOLS,Nampa,Idaho,United States,High School,RE-V5RC-25-2681,2025-10-20,5,0,5,0,5,false
2919,41998C,Chips,VALE HIGH SCHOOL,Vale,Oregon,United States,High School,RE-V5RC-25-1841,2025-10-24,5,0,5,0,5,false
2920,16999S,苏州山峰双语学校,苏州山峰双语学校,苏州,Shanghai,China,High School,RE-V5RC-25-1749,2025-10-24,5,0,5,0,5,false
2921,78889N,NITRO,KILLINGLY HIGH SCHOOL,Killingly,Connecticut,United States,High School,RE-V5RC-25-0177,2025-10-25,5,0,5,0,5,false
2922,2528A,RoboDoves,Western High School,Baltimore,Maryland,United States,High School,RE-V5RC-25-0892,2025-10-25,5,0,5,0,5,false
2923,48988B,Bobcats Team 2,Rule ISD,Rule,Texas,United States,High School,RE-V5RC-25-2542,2025-10-25,5,0,5,0,5,false
2924,119C,Catalyst,ST BERNARD SCHOOL,Uncasville,Connecticut,United States,High School,RE-V5RC-25-0177,2025-10-25,5,0,5,0,5,false
2925,1505B,HC Robo Raiders,Holy Cross Catholic Secondary School,St. Catharines,Ontario,Canada,High School,RE-V5RC-25-0124,2025-10-28,5,0,5,0,5,false
2926,85301W,Wrainbow Wrangers,The International School of Macao,Macau,,Macau,High School,RE-V5RC-25-0576,2025-10-31,5,0,5,0,5,false
2927,9651Y,Wyvern - UCC,Upper Canada College,Toronto,Ontario,Canada,High School,RE-V5RC-25-0104,2025-11-01,5,0,5,0,5,false
2928,36092X,WHS NERDS 2,WETUMPKA HIGH SCHOOL,Wetumpka,Alabama,United States,High School,RE-V5RC-25-2133,2025-11-01,5,0,5,0,5,false
2929,75019F,Coppell SPARK,COPPELL HIGH SCHOOL,Coppell,Texas,United States,High School,RE-V5RC-25-1588,2025-11-01,5,0,5,0,5,false
2930,733A,NP3 Pirates A,NATOMAS PACIFIC PATHWAYS PREP,Sacramento,California,United States,High School,RE-V5RC-25-0122,2025-11-02,5,0,5,0,5,false
2931,4519A,South High Area 51,OMAHA SOUTH MAGNET HIGH SCHOOL,Omaha,Nebraska,United States,High School,RE-V5RC-25-0456,2025-09-25,5,0,5,0,5,false
2932,12305B,TCCS roBotics team,Tung Chung Catholic School,Island District,,Hong Kong,High School,RE-V5RC-25-2645,2025-11-07,5,0,5,0,5,false
2933,1624Z,Martinsville Robotics Team,Martinsville High School,Martinsville,Indiana,United States,High School,RE-V5RC-25-0738,2025-11-08,5,0,5,0,5,false
2934,1624A,MHS Robotics Team,Martinsville High School,Martinsville,Indiana,United States,High School,RE-V5RC-25-0738,2025-11-08,5,0,5,0,5,false
2935,9185M,MINIFRIDGE,BELLEFONTAINE HIGH SCHOOL,Bellefontaine,Ohio,United States,High School,RE-V5RC-25-1956,2025-11-08,5,0,5,0,5,false
2936,97834X,OIA - Singularity,OWENSBORO INNOVATION ACADEMY,Owensboro,Kentucky,United States,High School,RE-V5RC-25-2148,2025-11-08,5,0,5,0,5,false
2937,13444B,Hazard,COVENANT CHRISTIAN HIGH SCHOOL,Grand Rapids,Michigan,United States,High School,RE-V5RC-25-1441,2025-11-08,5,0,5,0,5,false
2938,99402T,Tardigrades,THE ACADEMIES AT JONESBORO HIGH SCHOOL,Jonesboro,Arkansas,United States,High School,RE-V5RC-25-1447,2025-11-08,5,0,5,0,5,false
2939,5R,The Mangaler,RAVENNA SENIOR HIGH,Ravenna,Nebraska,United States,High School,RE-V5RC-25-0398,2025-11-08,5,0,5,0,5,false
2940,65714A,Screamin' Eagles,Nixa High School JROTC,Nixa,Missouri,United States,High School,RE-V5RC-25-1693,2025-11-08,5,0,5,0,5,false
2941,654Z,Prism,LAKE TRAVIS HIGH SCHOOL,Austin,Texas,United States,High School,RE-V5RC-25-2066,2025-11-08,5,0,5,0,5,false
2942,66852A,Deaf Dynamics,Maryland School f/t Deaf,Frederick,Maryland,United States,High School,RE-V5RC-25-0506,2025-11-08,5,0,5,0,5,false
2943,886U,Über | WPRA,Western Pacific Robotics Academy,Richmond,British Columbia,Canada,High School,RE-V5RC-25-0133,2025-11-08,5,0,5,0,5,false
2944,44405A,ALT F4 Robotics,ODYSSEY EARLY COLLEGE AND CAREER OPTIONS,Colorado Springs,Colorado,United States,High School,RE-V5RC-25-1053,2025-10-18,5,0,5,0,5,false
2945,7882F,Dumpster Fire,MAHONING CAREER & TECHNICAL,Canfield,Ohio,United States,High School,RE-V5RC-25-1956,2025-11-08,5,0,5,0,5,false
2946,30134C,The Reason for the Rule,MURRAY HIGH,Murray,Utah,United States,High School,RE-V5RC-25-0581,2025-11-08,5,0,5,0,5,false
2947,77711X,Clankers,NIMITZ HIGH SCHOOL,Irving,Texas,United States,High School,RE-V5RC-25-1897,2025-11-08,5,0,5,0,5,false
2948,84138A,CECYTEM Riva Palacio,CECYTEM Plantel Riva Palacio,Morelia,Michoacán,Mexico,High School,RE-V5RC-25-2832,2025-11-13,5,0,5,0,5,false
2949,44129A,CECYTEM Tancítaro,CECYTEM Plantel Tancítaro,Morelia,Michoacán,Mexico,High School,RE-V5RC-25-2832,2025-11-13,5,0,5,0,5,false
2950,30506A,Bronco Robotics,EAST FORSYTH HIGH SCHOOL,Gainesville,Georgia,United States,High School,RE-V5RC-25-1845,2025-11-14,5,0,5,0,5,false
2951,3260R,SHARP,Sarah Heinz House,Pittsburgh,Pennsylvania,United States,High School,RE-V5RC-25-2893,2025-11-14,5,0,5,0,5,false
2952,38657P,CyberStorm,Shrewsbury International School,Bangkok,,Thailand,High School,RE-V5RC-25-0588,2025-11-15,5,0,5,0,5,false
2953,11432B,"Thomas Edison ""Inventors"" II",THOMAS A EDISON CAREER AND TECHNICAL EDUCATION HIGH SCHOOL,Jamaica,New York,United States,High School,RE-V5RC-25-0363,2025-11-15,5,0,5,0,5,false
2954,3104A,WHS Robotics Club,WINDERMERE HIGH,Windermere,Florida,United States,High School,RE-V5RC-25-2382,2025-11-15,5,0,5,0,5,false
2955,76543E,Blue Fish Studios,SOUTH-WESTERN CAREER ACADEMY,Grove City,Ohio,United States,High School,RE-V5RC-25-9958,2025-11-15,5,0,5,0,5,false
2956,13329B,Berwick Academy,Berwick Academy,South Berwick,Maine,United States,High School,RE-V5RC-25-9998,2025-11-15,5,0,5,0,5,false
2957,98471B,Bandits,CHENEY HIGH SCHOOL,Cheney,Kansas,United States,High School,RE-V5RC-25-1040,2025-11-15,5,0,5,0,5,false
2958,43050W,What the 6-7?,MOUNT VERNON HIGH SCHOOL,Mount Vernon,Ohio,United States,High School,RE-V5RC-25-9961,2025-11-15,5,0,5,0,5,false
2959,4621K,Titan - Crius,FRONTIER HIGH,Bakersfield,California,United States,High School,RE-V5RC-25-9938,2025-10-18,5,0,5,0,5,false
2960,45434S,Awesome Sauce,Beavercreek Robotics Club,Beavercreek,Ohio,United States,High School,RE-V5RC-25-9958,2025-11-15,5,0,5,0,5,false
2961,58964A,RHS Team 2,PRESIDENT THEODORE ROOSEVELT HIGH SCHOOL,Honolulu,Hawaii,United States,High School,RE-V5RC-25-2405,2025-11-15,5,0,5,0,5,false
2962,45618A,Striking Panthers,PLANO EAST SR HIGH SCHOOL,Plano,Texas,United States,High School,RE-V5RC-25-1537,2025-11-15,5,0,5,0,5,false
2963,99989E,CODEmandos - Newbs,Hendersonville High School,Hendersonville,Tennessee,United States,High School,RE-V5RC-25-1076,2025-11-15,5,0,5,0,5,false
2964,2467C,Saber Dynamics,James Campbell High School,Ewa Beach,Hawaii,United States,High School,RE-V5RC-25-2405,2025-11-15,5,0,5,0,5,false
2965,22579W,Leprechauns,MILTON HIGH,Milton,Wisconsin,United States,High School,RE-V5RC-25-1267,2025-11-15,5,0,5,0,5,false
2966,20132A,Falcon Robotics - Field Error,CENTRAL VALLEY HIGH,Shasta Lake,California,United States,High School,RE-V5RC-25-1938,2025-11-15,5,0,5,0,5,false
2967,43946A,Kiwi Brothers,J Sterling Morton West High School,Berwyn,Illinois,United States,High School,RE-V5RC-25-1647,2025-11-16,5,0,5,0,5,false
2968,60172S,Sneaky Golem in the Pocket,Lake Park High School,Roselle,Illinois,United States,High School,RE-V5RC-25-1647,2025-11-16,5,0,5,0,5,false
2969,2541A,Fremont Guerreros,JOHN C. FREMONT SENIOR HIGH,Los Angeles,California,United States,High School,RE-V5RC-25-1336,2025-11-16,5,0,5,0,5,false
2970,98271E,My fingers taste like tetanus,Caledonia High School,Caledonia,Michigan,United States,High School,RE-V5RC-25-2323,2025-11-17,5,0,5,0,5,false
2971,12329A,The Crew,CA3L,Troy,Alabama,United States,High School,RE-V5RC-25-2149,2025-11-19,5,0,5,0,5,false
2972,20612B,Blazin' Bots,BLOOM TRAIL HIGH SCHOOL,Chicago Heights,Illinois,United States,High School,RE-V5RC-25-1286,2025-11-19,5,0,5,0,5,false
2973,6410M,Caravan Robotics,MOUNT CARMEL HIGH SCHOOL,Chicago,Illinois,United States,High School,RE-V5RC-25-1286,2025-11-19,5,0,5,0,5,false
2974,11618A,Black Kites Two,Renaissance College Hong Kong,Hong Kong,,Hong Kong,High School,RE-V5RC-25-0139,2025-11-22,5,0,5,0,5,false
2975,40129B,TCS STEMpunks,The Cotswold School Academy,Cheltenham,,United Kingdom,High School,RE-V5RC-25-9988,2025-11-22,5,0,5,0,5,false
2976,7567F,Wild Wild Westangs,GRAND TRAVERSE ACADEMY,Traverse City,Michigan,United States,High School,RE-V5RC-25-1606,2025-11-22,5,0,5,0,5,false
2977,81699A,Red Devils Robotics,CENTRAL HIGH SCHOOL,Corinth,Maine,United States,High School,RE-V5RC-25-2119,2025-11-22,5,0,5,0,5,false
2978,74361A,Arise,PRYOR PUBLIC SCHOOLS,Pryor,Oklahoma,United States,High School,RE-V5RC-25-2583,2025-11-22,5,0,5,0,5,false
2979,78780G,Clanker Constructors,PINECREST ACADEMY OF NEVADA CADENCE,Henderson,Nevada,United States,High School,RE-V5RC-25-3045,2025-11-22,5,0,5,0,5,false
2980,2586A,Team Viper,CALUMET HIGH SCHOOL,Calumet,Michigan,United States,High School,RE-V5RC-25-2030,2025-11-22,5,0,5,0,5,false
2981,5691B,Bryant Hornet Robotics,BRYANT HIGH SCHOOL,Bryant,Arkansas,United States,High School,RE-V5RC-25-1823,2025-11-22,5,0,5,0,5,false
2982,27508J,Viking Robotics Team Forseti,North Salem High School,Salem,Oregon,United States,High School,RE-V5RC-25-9942,2025-11-22,5,0,5,0,5,false
2983,5450E,Excellent Cosmos Chaos,Marshall County Central High School,Newfolden,Minnesota,United States,High School,RE-V5RC-25-2140,2025-11-22,5,0,5,0,5,false
2984,1290X,veXplosion,Brentwood College School,Mill Bay,British Columbia,Canada,High School,RE-V5RC-25-3291,2025-11-22,5,0,5,0,5,false
2985,3388H,Hyperion,Sir Winston Churchill High School,Calgary,Alberta,Canada,High School,RE-V5RC-25-1906,2025-11-22,5,0,5,0,5,false
2986,80745A,Ctrl Alt Elite,St. Modan's High School,Stirling,,United Kingdom,High School,RE-V5RC-25-0779,2025-11-25,5,0,5,0,5,false
2987,74027A,CompSci Cyber Eagles,CREC CompSci High,Enfield,Connecticut,United States,High School,RE-V5RC-25-2126,2025-11-22,4,4,0,4,0,false
2988,52028B,Servo Saints,ST LOUIS CATHOLIC HIGH SCHOOL,Lake Charles,Louisiana,United States,High School,RE-V5RC-25-1502,2025-09-25,4,2,2,2,2,false
2989,13444D,Havoc,COVENANT CHRISTIAN HIGH SCHOOL,Grand Rapids,Michigan,United States,High School,RE-V5RC-25-1441,2025-11-08,4,1,3,1,3,false
2990,986A,Lancers A,GRACE JR/SR HIGH SCHOOL,Simi Valley,California,United States,High School,RE-V5RC-25-1388,2025-10-25,4,0,4,0,4,false
2991,200K,LanceBotics 200K,Leaside High School,Toronto,Ontario,Canada,High School,RE-V5RC-25-2570,2025-11-22,4,0,4,0,4,false
2992,32219C,Pink Penguins,UPPER SAINT CLAIR HIGH SCHOOL,Upper St Clair,Pennsylvania,United States,High School,RE-V5RC-25-2893,2025-11-14,4,0,4,0,4,false
2993,7619U,Hex Vex,HIGHLAND HIGH,Bakersfield,California,United States,High School,RE-V5RC-25-9931,2025-10-25,4,0,4,0,4,false
2994,78139F,Fairview Force 1,Fairview HIgh School,Cullman,Alabama,United States,High School,RE-V5RC-25-2509,2025-11-22,4,0,4,0,4,false
2995,90588C,Lucky Lads,Houston Co High School,Erin,Tennessee,United States,High School,RE-V5RC-25-1076,2025-11-15,4,0,4,0,4,false
2996,3708Z,Shark Byte,Victoria Shanghai Academy,Hong Kong,,Hong Kong,High School,RE-V5RC-25-2645,2025-11-07,4,0,4,0,4,false
2997,3350Z,IHOPE,TEXAS HIGH SCHOOL,Texarkana,Texas,United States,High School,RE-V5RC-25-1603,2025-11-01,4,0,4,0,4,false
2998,33467A,BLACKOUT,Dr. Joaquin Garcia High School,Lake Worth,Florida,United States,High School,RE-V5RC-25-0326,2025-11-05,4,0,4,0,4,false
2999,89964B,Fantastic,HENDRICKSON HIGH SCHOOL,Pflugerville,Texas,United States,High School,RE-V5RC-25-2066,2025-11-08,4,0,4,0,4,false
3000,1413E,Emerald Engines,ST CHARLES EAST HIGH SCHOOL,St. Charles,Illinois,United States,High School,RE-V5RC-25-1647,2025-11-16,4,0,4,0,4,false
3001,11864A,CBLT,BLAIR HIGH SCHOOL,Blair,Nebraska,United States,High School,RE-V5RC-25-2882,2025-11-22,4,0,4,0,4,false
3002,25320J,Javelin ,SISSONVILLE HIGH SCHOOL,Charleston,West Virginia,United States,High School,RE-V5RC-25-1508,2025-10-09,4,0,4,0,4,false
3003,71368A,Qubits,Queen Elizabeth Sixth Form College,Darlington,,United Kingdom,High School,RE-V5RC-25-0073,2025-10-11,4,0,4,0,4,false
3004,6374X,Bionic Bruins,BRANHAM HIGH,San Jose,California,United States,High School,RE-V5RC-25-1514,2025-10-11,4,0,4,0,4,false
3005,20121B,G.O.R.T Grand Oaks Robotics Team,GRAND OAKS HIGH SCHOOL,Spring,Texas,United States,High School,RE-V5RC-25-1794,2025-10-18,4,0,4,0,4,false
3006,11042B,Seven Lakes HS TSA B,Seven Lake High School,Katy,Texas,United States,High School,RE-V5RC-25-9921,2025-10-18,4,0,4,0,4,false
3007,6260A,Mercury,MIDDLETON HIGH SCHOOL,Tampa,Florida,United States,High School,RE-V5RC-25-1762,2025-10-18,4,0,4,0,4,false
3008,80817B,Turbo Box,FOUNTAIN-FORT CARSON HIGH SCHOOL,Fountain,Colorado,United States,High School,RE-V5RC-25-1056,2025-10-18,4,0,4,0,4,false
3009,38301B,Madison B,MADISON ACADEMIC MAGNET HIGH SCHOOL,Jackson,Tennessee,United States,High School,RE-V5RC-25-0384,2025-10-14,4,0,4,0,4,false
3010,79666B,Robo Knights,BALTIMORE CITY COLLEGE,Baltimore,Maryland,United States,High School,RE-V5RC-25-0892,2025-10-25,4,0,4,0,4,false
3011,46366B,NJSP Robotics,NJSP Robotics,North Judson,Indiana,United States,High School,RE-V5RC-25-1769,2025-10-25,4,0,4,0,4,false
3012,89040K,Kalypso,MOAPA VALLEY HIGH SCHOOL,Overton,Nevada,United States,High School,RE-V5RC-25-0566,2025-10-25,4,0,4,0,4,false
3013,46366A,NJSP Robotics,NJSP Robotics,North Judson,Indiana,United States,High School,RE-V5RC-25-1769,2025-10-25,4,0,4,0,4,false
3014,48988A,Bobcats Team 1,Rule ISD,Rule,Texas,United States,High School,RE-V5RC-25-2542,2025-10-25,4,0,4,0,4,false
3015,333V,30 Tooth Red Sprocket,Niles North 333 Robotics,Skokie,Illinois,United States,High School,RE-V5RC-25-1321,2025-10-25,4,0,4,0,4,false
3016,82718G,Robo Raptors,THUNDER BASIN HIGH SCHOOL,Gillette,Wyoming,United States,High School,RE-V5RC-25-0610,2025-10-25,4,0,4,0,4,false
3017,82718F,BoltBoyz,THUNDER BASIN HIGH SCHOOL,Gillette,Wyoming,United States,High School,RE-V5RC-25-0610,2025-10-25,4,0,4,0,4,false
3018,3350G,Legendary Penguins Juggling Lemonde,TEXAS HIGH SCHOOL,Texarkana,Texas,United States,High School,RE-V5RC-25-1603,2025-11-01,4,0,4,0,4,false
3019,33993F,Mariner Tritonics,MARINER HIGH SCHOOL,Cape Coral,Florida,United States,High School,RE-V5RC-25-1281,2025-11-01,4,0,4,0,4,false
3020,3042H,The Big Pelicans,RANDOLPH UNION HIGH SCHOOL,Randolph,Vermont,United States,High School,RE-V5RC-25-1847,2025-11-01,4,0,4,0,4,false
3021,99119B,PRHS Barely Functioning Bot,Plymouth Regional High School,Plymouth,New Hampshire,United States,High School,RE-V5RC-25-3009,2025-11-08,4,0,4,0,4,false
3022,241B,Blitz,PINKERTON ACADEMY,Derry,New Hampshire,United States,High School,RE-V5RC-25-3009,2025-11-08,4,0,4,0,4,false
3023,654A,AutonoMONEY,LAKE TRAVIS HIGH SCHOOL,Austin,Texas,United States,High School,RE-V5RC-25-2066,2025-11-08,4,0,4,0,4,false
3024,38301Z,Madison Z,MADISON ACADEMIC MAGNET HIGH SCHOOL,Jackson,Tennessee,United States,High School,RE-V5RC-25-0454,2025-11-08,4,0,4,0,4,false
3025,99719Y,Hyper Drive,Bentonville High School,Bentonville,Arkansas,United States,High School,RE-V5RC-25-0190,2025-11-08,4,0,4,0,4,false
3026,99719T,Vector,Bentonville High School,Bentonville,Arkansas,United States,High School,RE-V5RC-25-0190,2025-11-08,4,0,4,0,4,false
3027,2373A,Night Walkers,CLEAR LAKE HIGH SCHOOL,Houston,Texas,United States,High School,RE-V5RC-25-2094,2025-09-30,4,0,4,0,4,false
3028,54611B,Cooked Cattle,LINCOLN HIGH,Alma Center,Wisconsin,United States,High School,RE-V5RC-25-1389,2025-11-12,4,0,4,0,4,false
3029,79912A,O.N.I,FRANKLIN HIGH SCHOOL,El Paso,Texas,United States,High School,RE-V5RC-25-1641,2025-11-14,4,0,4,0,4,false
3030,901B,The Big C-Channels,The American School in Japan,Tokyo,,Japan,High School,RE-V5RC-25-1904,2025-11-15,4,0,4,0,4,false
3031,61208A,sugarFree,Mahidol University International Demonstration School,"Salaya, Phuttamonthon",,Thailand,High School,RE-V5RC-25-0588,2025-11-15,4,0,4,0,4,false
3032,91775E,Red40,FAIRBANKS HIGH SCHOOL,Milford Center,Ohio,United States,High School,RE-V5RC-25-9958,2025-11-15,4,0,4,0,4,false
3033,76194A,Dragons,DIVISION AVENUE SENIOR HIGH SCHOOL,Levittown,New York,United States,High School,RE-V5RC-25-0363,2025-11-15,4,0,4,0,4,false
3034,76543C,Pioneers,SOUTH-WESTERN CAREER ACADEMY,Grove City,Ohio,United States,High School,RE-V5RC-25-9958,2025-11-15,4,0,4,0,4,false
3035,50027X,Robo Hobos,DERBY HIGH SCHOOL,Derby,Kansas,United States,High School,RE-V5RC-25-1040,2025-11-15,4,0,4,0,4,false
3036,9039S,Singularity,BrandywineBOTS,Wilmington,Delaware,United States,High School,RE-V5RC-25-0161,2025-11-15,4,0,4,0,4,false
3037,1893X,Baltimore Polytechnic Institute,BALTIMORE POLYTECHNIC INSTITUTE,Baltimore,Maryland,United States,High School,RE-V5RC-25-0892,2025-10-25,4,0,4,0,4,false
3038,64840A,B-CC Robo-Barons A,Bethesda-Chevy Chase High School,Bethesda,Maryland,United States,High School,RE-V5RC-25-1465,2025-11-15,4,0,4,0,4,false
3039,3612A,WALL-Y,Catawba Ridge High School,"Fort Mill, ",South Carolina,United States,High School,RE-V5RC-25-0045,2025-11-15,4,0,4,0,4,false
3040,1200E,Terminators,St. Mary Catholic High School,Neenah,Wisconsin,United States,High School,RE-V5RC-25-1267,2025-11-15,4,0,4,0,4,false
3041,84478V,Launch Control,Launch Control,Austin,Texas,United States,High School,RE-V5RC-25-0876,2025-11-15,4,0,4,0,4,false
3042,703B,MATRICS,NORWELL HIGH SCHOOL,Ossian,Indiana,United States,High School,RE-V5RC-25-1810,2025-11-15,4,0,4,0,4,false
3043,21A,SPUR-FLYS,CHAMPS - CHARTER HIGH SCHOOL OF ARTS-MULTIMEDIA & PERFORMING,Van Nuys,California,United States,High School,RE-V5RC-25-1335,2025-11-15,4,0,4,0,4,false
3044,86400S,Cyber Storm,WADE HAMPTON HIGH,Greenville,South Carolina,United States,High School,RE-V5RC-25-0045,2025-11-15,4,0,4,0,4,false
3045,84141B,Pickle Pixies,HENRY J KAISER HIGH SCHOOL,Honolulu,Hawaii,United States,High School,RE-V5RC-25-2405,2025-11-15,4,0,4,0,4,false
3046,2541B,Fremont Guerreros,JOHN C. FREMONT SENIOR HIGH,Los Angeles,California,United States,High School,RE-V5RC-25-1336,2025-11-16,4,0,4,0,4,false
3047,20612A,Blazin' Bots,BLOOM TRAIL HIGH SCHOOL,Chicago Heights,Illinois,United States,High School,RE-V5RC-25-1286,2025-11-19,4,0,4,0,4,false
3048,24740C,MCTEC Industrials,MERCER COUNTY TECHNICAL EDUCATION CENTER,Princeton,West Virginia,United States,High School,RE-V5RC-25-1509,2025-11-20,4,0,4,0,4,false
3049,26164A,Devil's Advocates,Ravenswood High School,Ravenswood,West Virginia,United States,High School,RE-V5RC-25-1509,2025-11-20,4,0,4,0,4,false
3050,31102A,Ninja Turtles,Louisiana Christian Univesity,Pineville,Louisiana,United States,High School,RE-V5RC-25-1988,2025-11-20,4,0,4,0,4,false
3051,45631A,TroBotics,ALEXANDRIA SENIOR HIGH SCHOOL,Alexandria,Louisiana,United States,High School,RE-V5RC-25-1988,2025-11-20,4,0,4,0,4,false
3052,936B,HKIS Berkelium,Hong Kong International School,Hong Kong,,Hong Kong,High School,RE-V5RC-25-0139,2025-11-22,4,0,4,0,4,false
3053,83338B,RoboTigers 2,Ensworth School,Nashville,Tennessee,United States,High School,RE-V5RC-25-0260,2025-11-22,4,0,4,0,4,false
3054,15017A,Pirates,HARBOR BEACH COMMUNITY HIGH SCHOOL,Harbor Beach,Michigan,United States,High School,RE-V5RC-25-9979,2025-11-22,4,0,4,0,4,false
3055,11555B,Kestrel,THE FIELD SCHOOL,Washington,District of Columbia,United States,High School,RE-V5RC-25-1363,2025-11-22,4,0,4,0,4,false
3056,72527C,Revenge of Rex,St Croix Lutheran Academy,West St. Paul,Minnesota,United States,High School,RE-V5RC-25-9984,2025-11-22,4,0,4,0,4,false
3057,33711B,Marblehead HS Bravo,MARBLEHEAD HIGH,Marblehead,Massachusetts,United States,High School,RE-V5RC-25-0179,2025-11-22,4,0,4,0,4,false
3058,6463B,Fontainebleau RoboDawgs,FONTAINEBLEAU HIGH SCHOOL,Mandeville,Louisiana,United States,High School,RE-V5RC-25-0477,2025-11-22,4,0,4,0,4,false
3059,9922C,Gearhowlers,BASIC ACADEMY OF INT'L STUDIES HIGH SCHOOL,Henderson,Nevada,United States,High School,RE-V5RC-25-3045,2025-11-22,4,0,4,0,4,false
3060,91764B,techno-vikes,West Humber Collegiate Institute,Etobicoke,Ontario,Canada,High School,RE-V5RC-25-2570,2025-11-22,4,0,4,0,4,false
3061,72733A,Mustangs,Fraser Academy,Vancouver,British Columbia,Canada,High School,RE-V5RC-25-2529,2025-11-22,4,0,4,0,4,false
3062,9019A,Aces,Roosevelt High School,Johnstown,Colorado,United States,High School,RE-V5RC-25-1628,2025-11-22,4,0,4,0,4,false
3063,28300A,Autoapparat,Alberni District Secondary School,Port Alberni,British Columbia,Canada,High School,RE-V5RC-25-3291,2025-11-22,4,0,4,0,4,false
3064,79930A,CCTE MechaMane,Center for Career Technology Education,El Paso,Texas,United States,High School,RE-V5RC-25-1352,2025-11-22,4,0,4,0,4,false
3065,1460A,3 1/2 Axolotls in a Trenchcoat,Sandy Robotics,Sandy,Oregon,United States,High School,RE-V5RC-25-9942,2025-11-22,4,0,4,0,4,false
3066,25155R,Robo Pathfinders,American Leadership Academy Applied Technologies,Mesa,Arizona,United States,High School,RE-V5RC-25-2984,2025-11-22,4,0,4,0,4,false
3067,30884A,Seahawk1,BISHOP SEABURY ACADEMY,Lawrence,Kansas,United States,High School,RE-V5RC-25-2161,2025-11-23,4,0,4,0,4,false
3068,62114A,Northwest High School JROTC,Northwest High School,Wichita,Kansas,United States,High School,RE-V5RC-25-2161,2025-11-23,4,0,4,0,4,false
3069,16438A,Ratthew Mussell,UNION CITY HIGH SCHOOL,Union City,Pennsylvania,United States,High School,RE-V5RC-25-2848,2025-11-24,4,0,4,0,4,false
3070,24108K,浙江省杭州市学军中学,浙江省杭州市学军中学,杭州,Zhejiang,China,High School,RE-V5RC-25-0835,2025-08-14,3,3,0,3,0,false
3071,1255A,Alphahawks,GREAT CROSSING HIGH SCHOOL,Georgetown,Kentucky,United States,High School,RE-V5RC-25-2148,2025-11-08,3,3,0,3,0,false
3072,7842S,S,Robotics71 - School District #71,Comox,British Columbia,Canada,High School,RE-V5RC-25-3291,2025-11-22,3,1,2,1,2,false
3073,98471D,Weezer,CHENEY HIGH SCHOOL,Cheney,Kansas,United States,High School,RE-V5RC-25-1040,2025-11-15,3,1,2,1,2,false
3074,8031A,The Fantastic Four,Hudsonville Robotics - HS,Hudsonville,Michigan,United States,High School,RE-V5RC-25-1441,2025-11-08,3,1,2,1,2,false
3075,27180G,Mechaneers,Hawaii Science and Technology Museum,Hilo,Hawaii,United States,High School,RE-V5RC-25-0675,2025-10-25,3,1,2,1,2,false
3076,67592H,Noah’s Akitechts,EduSmiths International Christian School ,Kampala,,Uganda,High School,RE-V5RC-25-0437,2025-11-07,3,1,2,1,2,false
3077,78780C,VEX Vertex,PINECREST ACADEMY OF NEVADA CADENCE,Henderson,Nevada,United States,High School,RE-V5RC-25-3045,2025-11-22,3,1,2,1,2,false
3078,733C,NP3 Pirates C,NATOMAS PACIFIC PATHWAYS PREP,Sacramento,California,United States,High School,RE-V5RC-25-0122,2025-11-02,3,0,3,0,3,false
3079,38141X,PiBotics VorteX,IGNITE INSTITUTE,Erlanger,Kentucky,United States,High School,RE-V5RC-25-0692,2025-10-04,3,0,3,0,3,false
3080,20000Z,Technical Difficulties,Folsom Robotics,Folsom,California,United States,High School,RE-V5RC-25-0024,2025-11-22,3,0,3,0,3,false
3081,83024A,South Hills High School,South Hills High School,Fort Worth,Texas,United States,High School,RE-V5RC-25-0044,2025-10-18,3,0,3,0,3,false
3082,945D,945D,GREEN VALLEY HIGH SCHOOL,Henderson,Nevada,United States,High School,RE-V5RC-25-2178,2025-11-08,3,0,3,0,3,false
3083,733D,NP3 Pirates D,NATOMAS PACIFIC PATHWAYS PREP,Sacramento,California,United States,High School,RE-V5RC-25-1459,2025-10-18,3,0,3,0,3,false
3084,89445G,G.R.E.G.,ALBERT M LOWRY HIGH SCHOOL,Winnemucca,Nevada,United States,High School,RE-V5RC-25-2924,2025-11-08,3,0,3,0,3,false
3085,79419W,Coquette Cuties,Carey Baptist College,Perth,Western Australia,Australia,High School,RE-V5RC-25-1218,2025-10-17,3,0,3,0,3,false
3086,77275G,The Frost Giants,Spark Academy,Manchester,New Hampshire,United States,High School,RE-V5RC-25-2145,2025-10-25,3,0,3,0,3,false
3087,12169B,Redline,TRENTON HIGH SCHOOL,Trenton,Texas,United States,High School,RE-V5RC-25-1603,2025-11-01,3,0,3,0,3,false
3088,22023D,404 Team Not Found,Bulldog Bytes - Springfield High,Springfield,Louisiana,United States,High School,RE-V5RC-25-1324,2025-11-08,3,0,3,0,3,false
3089,15267Z,Pirate Bots,COCHRANE-FOUNTAIN CITY HIGH,Fountain City,Wisconsin,United States,High School,RE-V5RC-25-1389,2025-11-12,3,0,3,0,3,false
3090,15516A,CECYTEM Plantel Puerto de Jungapeo,CECYTEM Plantel Puerto de Jungapeo,Puerto de Jungapeo,Michoacán,Mexico,High School,RE-V5RC-25-2832,2025-11-13,3,0,3,0,3,false
3091,21371A,CECYTEM Crescencio Morales,CECYTEM Plantel Crescencio Morales,Morelia,Michoacán,Mexico,High School,RE-V5RC-25-2832,2025-11-13,3,0,3,0,3,false
3092,42784A,HELP! Why is it smoking...,MARION HIGH SCHOOL,Marion,Indiana,United States,High School,RE-V5RC-25-1810,2025-11-15,3,0,3,0,3,false
3093,23037E,Hippo-Tron,FINDLAY HIGH SCHOOL,Findlay,Ohio,United States,High School,RE-V5RC-25-9958,2025-11-15,3,0,3,0,3,false
3094,20089A,Jinling High School Team A,JinLing High school,Nanjing,Jiangsu,China,High School,RE-V5RC-25-3593,2025-11-21,3,0,3,0,3,false
3095,79793V,RoboPirates,MAGNOLIA SCIENCE ACADEMY SANTA ANA,Santa Ana,California,United States,High School,RE-V5RC-25-0810,2025-09-14,3,0,3,0,3,false
3096,2270A,Rust-eze,Dr. Pedro Albizu Campos Specialized in Science and Math High School,Ponce,,Puerto Rico,High School,RE-V5RC-25-0269,2025-08-23,3,0,3,0,3,false
3097,76981B,USC Team B,University Senior College,Adelaide,South Australia,Australia,High School,RE-V5RC-25-1660,2025-09-22,3,0,3,0,3,false
3098,75149B,Wranglers Battalion,WEST MESQUITE HIGH SCHOOL,Mesquite,Texas,United States,High School,RE-V5RC-25-0324,2025-09-10,3,0,3,0,3,false
3099,61845A,Del Sol  Army JROTC,DEL SOL ACADEMY OF PERFORMING ARTS HIGH SCHOOL,Las Vegas,Nevada,United States,High School,RE-V5RC-25-0829,2025-09-27,3,0,3,0,3,false
3100,13920H,InnovatHERS,X Academy,Santa Cruz,California,United States,High School,RE-V5RC-25-1019,2025-10-04,3,0,3,0,3,false
3101,46804A,Squishmallows,Squishmallows,Fremont,California,United States,High School,RE-V5RC-25-1514,2025-10-11,3,0,3,0,3,false
3102,80496A,Launch Virtual Academy,LAUNCH VIRTUAL ACADEMY,Chula Vista,California,United States,High School,RE-V5RC-25-0406,2025-09-13,3,0,3,0,3,false
3103,91364Z,Taft Toreadors,Taft Charter High School,Woodland Hills,California,United States,High School,RE-V5RC-25-1386,2025-10-11,3,0,3,0,3,false
3104,26655A,Needville Robotics,NEEDVILLE HIGH SCHOOL,Needville,Texas,United States,High School,RE-V5RC-25-1794,2025-10-18,3,0,3,0,3,false
3105,4621A,Titan - Hyperion,FRONTIER HIGH,Bakersfield,California,United States,High School,RE-V5RC-25-9938,2025-10-18,3,0,3,0,3,false
3106,2501H,Hummingbirds,THOMAS JEFFERSON HIGH SCHOOL,Council Bluffs,Iowa,United States,High School,RE-V5RC-25-1479,2025-10-18,3,0,3,0,3,false
3107,77003W,Falcon 2,EAST EARLY COLLEGE HIGH SCHOOL,Houston,Texas,United States,High School,RE-V5RC-25-9921,2025-10-18,3,0,3,0,3,false
3108,2158W,ausTIN CANs,Anderson Robotics,Austin,Texas,United States,High School,RE-V5RC-25-0634,2025-10-18,3,0,3,0,3,false
3109,61973A,CyberBots,WIDEFIELD HIGH SCHOOL,Colorado Springs,Colorado,United States,High School,RE-V5RC-25-1053,2025-10-18,3,0,3,0,3,false
3110,663K,The Kangaroos,CHATTANOOGA CHRISTIAN SCHOOL,Chattanooga,Tennessee,United States,High School,RE-V5RC-25-0282,2025-10-03,3,0,3,0,3,false
3111,79226C,Clairvaux MacKillop College 2,Clairvaux Mackillop College,Upper Mount Gravatt,Queensland,Australia,High School,RE-V5RC-25-1018,2025-10-25,3,0,3,0,3,false
3112,91915A,Hawkbots,HAWKEN SCHOOL,Gates Mills,Ohio,United States,High School,RE-V5RC-25-1669,2025-10-25,3,0,3,0,3,false
3113,42652B,Holston Circuit,SULLIVAN EAST HIGH SCHOOL,Bluff City,Tennessee,United States,High School,RE-V5RC-25-0214,2025-10-25,3,0,3,0,3,false
3114,6403W,Work in Progresses,Brookside High School,Sheffield Village,Ohio,United States,High School,RE-V5RC-25-1669,2025-10-25,3,0,3,0,3,false
3115,93454A,Minion Mayhem,Pioneer Valley High School,Santa Maria,California,United States,High School,RE-V5RC-25-9931,2025-10-25,3,0,3,0,3,false
3116,45434E,Nebula,Beavercreek Robotics Club,Beavercreek,Ohio,United States,High School,RE-V5RC-25-0167,2025-10-25,3,0,3,0,3,false
3117,9871E,E=mc²,ACADEMY FOR TECHNOLOGY ENGINEERING MATH & SCIENCE,Abilene,Texas,United States,High School,RE-V5RC-25-2542,2025-10-25,3,0,3,0,3,false
3118,830B,Fusion Force,Jim Ned High School,Tuscola,Texas,United States,High School,RE-V5RC-25-2542,2025-10-25,3,0,3,0,3,false
3119,33363B,MHSHS's Buccaneers,MCCLURE HEALTH SCIENCE HIGH SCHOOL,Duluth,Georgia,United States,High School,RE-V5RC-25-0874,2025-11-01,3,0,3,0,3,false
3120,3042R,The Ionizers,RANDOLPH UNION HIGH SCHOOL,Randolph,Vermont,United States,High School,RE-V5RC-25-1847,2025-11-01,3,0,3,0,3,false
3121,7580S,Cesium 137 Shrimp,Haslett Robotics Club,Haslett,Michigan,United States,High School,RE-V5RC-25-0376,2025-11-01,3,0,3,0,3,false
3122,4873G,Gasoline,Seckinger High School,Buford,Georgia,United States,High School,RE-V5RC-25-1517,2025-11-01,3,0,3,0,3,false
3123,50914B,RoboDawgs2,COLUMBIA ACADEMY,Columbia,Tennessee,United States,High School,RE-V5RC-25-2436,2025-11-01,3,0,3,0,3,false
3124,82855T,STL Talos,STL Robotics,Richmond Hill,Ontario,Canada,High School,RE-V5RC-25-0104,2025-11-01,3,0,3,0,3,false
3125,76449A,Sprocket,GRAFORD SCHOOL,Graford,Texas,United States,High School,RE-V5RC-25-1976,2025-11-01,3,0,3,0,3,false
3126,3946Z,Ziptied,Kent Denver School,Englewood,Colorado,United States,High School,RE-V5RC-25-0996,2025-11-01,3,0,3,0,3,false
3127,28466V,Vanilla Ice,SPRINGS STUDIO FOR ACADEMIC EXCELLENCE,Colorado Springs,Colorado,United States,High School,RE-V5RC-25-0996,2025-11-01,3,0,3,0,3,false
3128,8861C,Tring Theory,International School Bangkok,Pakkret,,Thailand,High School,RE-V5RC-25-0371,2025-11-01,3,0,3,0,3,false
3129,39599F,Winters Warriors,WINTERS HIGH,Winters,California,United States,High School,RE-V5RC-25-0122,2025-11-02,3,0,3,0,3,false
3130,9039M,Oblivion,BrandywineBOTS,Wilmington,Delaware,United States,High School,RE-V5RC-25-0157,2025-10-09,3,0,3,0,3,false
3131,85986B,Big Hero 6,RIVERSIDE HIGH,Greer,South Carolina,United States,High School,RE-V5RC-25-0088,2025-11-08,3,0,3,0,3,false
3132,415D,Rust In Peace,Anderson I & II Career & Technology Center,Williamston,South Carolina,United States,High School,RE-V5RC-25-0088,2025-11-08,3,0,3,0,3,false
3133,36518F,Nuclear Kittens,WASHINGTON COUNTY HIGH SCHOOL,Chatom,Alabama,United States,High School,RE-V5RC-25-2138,2025-11-08,3,0,3,0,3,false
3134,76502A,Error 404,LAKE BELTON HIGH SCHOOL,Temple,Texas,United States,High School,RE-V5RC-25-2066,2025-11-08,3,0,3,0,3,false
3135,4405U,Don't Take 2 Hours,VJ & ANGELA SKUTT CATHOLIC HIGH SCHOOL,Omaha,Nebraska,United States,High School,RE-V5RC-25-0398,2025-11-08,3,0,3,0,3,false
3136,34300C,Wolves,Ecole Salish Secondary (Surrey School District),Surrey,British Columbia,Canada,High School,RE-V5RC-25-0133,2025-11-08,3,0,3,0,3,false
3137,46790B,AHS-Bot Masters,ATHENS HIGH SCHOOL,Athens,Texas,United States,High School,RE-V5RC-25-2018,2025-11-08,3,0,3,0,3,false
3138,99872A,Oakbots,Oak Hall School,Gainesville,Florida,United States,High School,RE-V5RC-25-1563,2025-11-08,3,0,3,0,3,false
3139,9228B,Mecha Eagles,ST JOHNS PREPARATORY SCHOOL,Danvers,Massachusetts,United States,High School,RE-V5RC-25-1516,2025-11-08,3,0,3,0,3,false
3140,7447D,Instrumetal,PICKENS COUNTY CAREER AND TECHNOLOGY CENTER,Liberty,South Carolina,United States,High School,RE-V5RC-25-0088,2025-11-08,3,0,3,0,3,false
3141,9228A,Mecha Eagles,ST JOHNS PREPARATORY SCHOOL,Danvers,Massachusetts,United States,High School,RE-V5RC-25-1516,2025-11-08,3,0,3,0,3,false
3142,1930C,Forman Lions,FORMAN SCHOOL,Litchfield,Connecticut,United States,High School,RE-V5RC-25-0126,2025-11-08,3,0,3,0,3,false
3143,97834C,OIA- Event Horizon,Owensboro Innovation Academy,Owensboro,Kentucky,United States,High School,RE-V5RC-25-2148,2025-11-08,3,0,3,0,3,false
3144,95770X,Air Academy High School,AIR ACADEMY HIGH SCHOOL,United States Air Force Academy,Colorado,United States,High School,RE-V5RC-25-1053,2025-10-18,3,0,3,0,3,false
3145,719D,Drift,BENTONVILLE WEST HIGH SCHOOL,Centerton,Arkansas,United States,High School,RE-V5RC-25-0190,2025-11-08,3,0,3,0,3,false
3146,10255X,Asters,NA,San Carlos,California,United States,High School,RE-V5RC-25-0388,2025-11-09,3,0,3,0,3,false
3147,32219A,UCHIHA,UPPER SAINT CLAIR HIGH SCHOOL,Upper St Clair,Pennsylvania,United States,High School,RE-V5RC-25-2893,2025-11-14,3,0,3,0,3,false
3148,57224A,HOPE Academy,HOPE ACADEMY,Concord,North Carolina,United States,High School,RE-V5RC-25-2375,2025-11-15,3,0,3,0,3,false
3149,46952B,ClawCore Robotics,EASTBROOK HIGH SCHOOL,Marion,Indiana,United States,High School,RE-V5RC-25-0744,2025-11-15,3,0,3,0,3,false
3150,14760C,Wolves of Wall Street,PICKERINGTON HIGH SCHOOL NORTH,Pickerington,Ohio,United States,High School,RE-V5RC-25-9961,2025-11-15,3,0,3,0,3,false
3151,46779D,Grayson Gimic,THE GRAYSON SCHOOL,Radnor,Pennsylvania,United States,High School,RE-V5RC-25-0005,2025-11-15,3,0,3,0,3,false
3152,8890A,IronRAMS A,DICKINSON (JOHN) HIGH SCHOOL,Wilmington,Delaware,United States,High School,RE-V5RC-25-0161,2025-11-15,3,0,3,0,3,false
3153,11555C,Merlin,THE FIELD SCHOOL,Washington,District of Columbia,United States,High School,RE-V5RC-25-0494,2025-11-15,3,0,3,0,3,false
3154,81834C,Fairy Jerry Fan Club,VERSAILLES HIGH SCHOOL,Versailles,Ohio,United States,High School,RE-V5RC-25-9958,2025-11-15,3,0,3,0,3,false
3155,3612C,Uranus27,Catawba Ridge High School,"Fort Mill, ",South Carolina,United States,High School,RE-V5RC-25-0045,2025-11-15,3,0,3,0,3,false
3156,9854B,BEAR  (Blue Earth Area Robotics),BLUE EARTH AREA SECONDARY,Blue Earth,Minnesota,United States,High School,RE-V5RC-25-9919,2025-11-15,3,0,3,0,3,false
3157,16645C,The Mechanics,PINE TREE HIGH SCHOOL,Longview,Texas,United States,High School,RE-V5RC-25-2518,2025-11-15,3,0,3,0,3,false
3158,2477Z,Z-ReaperZ,Waipahu High School,Waipahu,Hawaii,United States,High School,RE-V5RC-25-2405,2025-11-15,3,0,3,0,3,false
3159,52311H,Robotanists,HIGHLAND PREP,Surprise,Arizona,United States,High School,RE-V5RC-25-0612,2025-11-15,3,0,3,0,3,false
3160,28001B,Garces Rams Bravo,Garces Memorial High School,Bakersfield,California,United States,High School,RE-V5RC-25-9939,2025-10-18,3,0,3,0,3,false
3161,91775D,Patent Pending,FAIRBANKS HIGH SCHOOL,Milford Center,Ohio,United States,High School,RE-V5RC-25-9958,2025-11-15,3,0,3,0,3,false
3162,67352B,NVCA #2,NORTH VALLEY CHRISTAIN ACADEMY,Phoenix,Arizona,United States,High School,RE-V5RC-25-0612,2025-11-15,3,0,3,0,3,false
3163,27508G,Viking Robotics Team SIF,North Salem High School,Salem,Oregon,United States,High School,RE-V5RC-25-1984,2025-11-15,3,0,3,0,3,false
3164,60172X,veX-Men,Lake Park High School,Roselle,Illinois,United States,High School,RE-V5RC-25-1647,2025-11-16,3,0,3,0,3,false
3165,8341D,Knockout,PEWAMO-WESTPHALIA MIDDLE HIGH SCHOOL,Westphalia,Michigan,United States,High School,RE-V5RC-25-2323,2025-11-17,3,0,3,0,3,false
3166,3743F,Feral Toasters,ERIE HIGH SCHOOL,Erie,Colorado,United States,High School,RE-V5RC-25-1864,2025-10-07,3,0,3,0,3,false
3167,51401A,River Raiders,RIVERSIDE HIGH SCHOOL,Belle,West Virginia,United States,High School,RE-V5RC-25-1509,2025-11-20,3,0,3,0,3,false
3168,8278A,CHS A,CARROLLTON HIGH SCHOOL,Carrollton,Georgia,United States,High School,RE-V5RC-25-1207,2025-11-20,3,0,3,0,3,false
3169,16859A,AutoBots,LAKEWAY CHRISTIAN ACADEMY,White Pine,Tennessee,United States,High School,RE-V5RC-25-0260,2025-11-22,3,0,3,0,3,false
3170,8880A,Adelphi STEP,Adelphi University STEP Program,Garden City,New York,United States,High School,RE-V5RC-25-1862,2025-11-22,3,0,3,0,3,false
3171,3946A,Ace of Spades,KENT DENVER SCHOOL,Englewood,Colorado,United States,High School,RE-V5RC-25-1628,2025-11-22,3,0,3,0,3,false
3172,44047C,JEDI Robo Princesses,JEFFERSON AREA SR HIGH SCHOOL,Jefferson,Ohio,United States,High School,RE-V5RC-25-0882,2025-11-22,3,0,3,0,3,false
3173,1022W,Wunder Bread,Claremont Secondary School,Victoria,British Columbia,Canada,High School,RE-V5RC-25-3291,2025-11-22,3,0,3,0,3,false
3174,91142C,To Vex or Not to Vex,BEAVER LOCAL HIGH SCHOOL,East Liverpool,Ohio,United States,High School,RE-V5RC-25-0882,2025-11-22,3,0,3,0,3,false
3175,9599C,Thunder,Blessed Trinity Catholic Secondary School,Grimsby,Ontario,Canada,High School,RE-V5RC-25-0250,2025-11-22,3,0,3,0,3,false
3176,96715C,Zip Ties Technicians,BAD AXE HIGH SCHOOL,Bad Axe,Michigan,United States,High School,RE-V5RC-25-0381,2025-11-22,3,0,3,0,3,false
3177,51046G,UTG North,Under The Gui,North Vancouver,British Columbia,Canada,High School,RE-V5RC-25-2529,2025-11-22,3,0,3,0,3,false
3178,75008A,Aspengrove Robotics,Aspengrove School,Lantzville,British Columbia,Canada,High School,RE-V5RC-25-3291,2025-11-22,3,0,3,0,3,false
3179,8998A,Audeamus,Audeamus,North York,Ontario,Canada,High School,RE-V5RC-25-2570,2025-11-22,3,0,3,0,3,false
3180,7842P,Potential Fire Hazard,Robotics71 - School District #71,Comox,British Columbia,Canada,High School,RE-V5RC-25-3291,2025-11-22,3,0,3,0,3,false
3181,69247A,TuHS A Team,TUALATIN HIGH SCHOOL,Tualatin,Oregon,United States,High School,RE-V5RC-25-9942,2025-11-22,3,0,3,0,3,false
3182,89131G,G.O.A.T,ARBOR VIEW HIGH SCHOOL,Las Vegas,Nevada,United States,High School,RE-V5RC-25-3045,2025-11-22,3,0,3,0,3,false
3183,19077F,ROBOVICTORY,Özel Zafer Koleji,ANKARA,,Türkiye,High School,RE-V5RC-25-3455,2025-11-22,3,0,3,0,3,false
3184,34034C,BFLROBOT,BAYKAR FEN LİSESİ,İstanbul,,Türkiye,High School,RE-V5RC-25-3455,2025-11-22,3,0,3,0,3,false
3185,93241C,The Broken Axles,Spotswood College,New Plymouth,,New Zealand,High School,RE-V5RC-25-0307,2025-10-18,2,2,0,2,0,false
3186,18350B,Thomas Jefferson High School Robotics Team,THOMAS JEFFERSON HIGH SCHOOL,Dallas,Texas,United States,High School,RE-V5RC-25-0197,2025-11-22,2,2,0,2,0,false
3187,1852A,BCC Ant,Bangkok Christian College,Bangkok,,Thailand,High School,RE-V5RC-25-0588,2025-11-15,2,1,1,1,1,false
3188,57660T,Galvanized,SPRING VALLEY HIGH SCHOOL,Huntington,West Virginia,United States,High School,RE-V5RC-25-1508,2025-10-09,2,0,2,0,2,false
3189,5686J,Jack N Box 2,Mazama High School,Klamath Falls,Oregon,United States,High School,RE-V5RC-25-9942,2025-11-22,2,0,2,0,2,false
3190,13756C,EA Robotics,EAST ALLEGHENY JSHS,North Versailles,Pennsylvania,United States,High School,RE-V5RC-25-2893,2025-11-14,2,0,2,0,2,false
3191,17917D,Quantum Coders,Franklin Community School Corporation,Franklin,Indiana,United States,High School,RE-V5RC-25-1512,2025-11-22,2,0,2,0,2,false
3192,9880J,The Ottomen,JAMES F. BYRNES HIGH,Duncan,South Carolina,United States,High School,RE-V5RC-25-0088,2025-11-08,2,0,2,0,2,false
3193,5686D,Dread Bot,MAZAMA HIGH SCHOOL,Klamath Falls,Oregon,United States,High School,RE-V5RC-25-9942,2025-11-22,2,0,2,0,2,false
3194,90569A,Orel Bytes,Orel Vine International School,KAMPALA,,Uganda,High School,RE-V5RC-25-0437,2025-11-07,2,0,2,0,2,false
3195,8341E,Randy the Mega Knights,PEWAMO WESTPHALIA MIDDLE HIGH SCHOOL,Westphalia,Michigan,United States,High School,RE-V5RC-25-0378,2025-11-08,2,0,2,0,2,false
3196,945A,Goblin Machines,GREEN VALLEY HIGH SCHOOL,Henderson,Nevada,United States,High School,RE-V5RC-25-2178,2025-11-08,2,0,2,0,2,false
3197,49728A,CECYTEM Plantel San Lucas,CECYTEM Plantel San Lucas,Morelia,Michoacán,Mexico,High School,RE-V5RC-25-2832,2025-11-13,2,0,2,0,2,false
3198,76543G,Genesis,SOUTH-WESTERN CAREER ACADEMY,Grove City,Ohio,United States,High School,RE-V5RC-25-9958,2025-11-15,2,0,2,0,2,false
3199,17640Y,Ydea,COLUMBIA GRAMMAR & PREPARATORY SCHOOL,New York,New York,United States,High School,RE-V5RC-25-1862,2025-11-22,2,0,2,0,2,false
3200,11864C,CLLJ,BLAIR HIGH SCHOOL,Blair,Nebraska,United States,High School,RE-V5RC-25-2882,2025-11-22,2,0,2,0,2,false
3201,3333M,pink,Notre Dame Prep,Pontiac,Michigan,United States,High School,RE-V5RC-25-0452,2025-08-02,2,0,2,0,2,false
3202,6891G,Geeksquad,FAITH LUTHERAN MIDDLE SCHOOL & HIGH SCHOOL,Las Vegas,Nevada,United States,High School,RE-V5RC-25-0829,2025-09-27,2,0,2,0,2,false
3203,10101F,Megazord,IMMOKALEE HIGH SCHOOL,Immokalee,Florida,United States,High School,RE-V5RC-25-1547,2025-10-03,2,0,2,0,2,false
3204,10101P,Pterazord,IMMOKALEE HIGH SCHOOL,Immokalee,Florida,United States,High School,RE-V5RC-25-1547,2025-10-03,2,0,2,0,2,false
3205,96740X,No Confidence,INSPIRE SCHOOL OF ARTS AND SCIENCES,Chico,California,United States,High School,RE-V5RC-25-1557,2025-10-04,2,0,2,0,2,false
3206,39475G,RGS Robo Kai 7,The Royal Grammar School Newcastle Upon Tyne,Newcastle Upon Tyne,,United Kingdom,High School,RE-V5RC-25-0073,2025-10-11,2,0,2,0,2,false
3207,6042B,Potosi High School,POTOSI HIGH,Potosi,Missouri,United States,High School,RE-V5RC-25-1354,2025-10-11,2,0,2,0,2,false
3208,1516X,Grizzly Overdrive,California High School,San Ramon,California,United States,High School,RE-V5RC-25-1514,2025-10-11,2,0,2,0,2,false
3209,295T,PART-T,Placer Robotics (PART),Roseville,California,United States,High School,RE-V5RC-25-1514,2025-10-11,2,0,2,0,2,false
3210,56R,FrostByte,CAPE ELIZABETH HIGH SCHOOL,Cape Elizabeth,Maine,United States,High School,RE-V5RC-25-9941,2025-10-16,2,0,2,0,2,false
3211,7447A,!LITER4TE,PICKENS COUNTY CAREER AND TECHNOLOGY CENTER,Liberty,South Carolina,United States,High School,RE-V5RC-25-0050,2025-10-18,2,0,2,0,2,false
3212,4621V,Titan - Coeus,FRONTIER HIGH,Bakersfield,California,United States,High School,RE-V5RC-25-9938,2025-10-18,2,0,2,0,2,false
3213,3251A,MechaBulls,WEST BOCA RATON HIGH SCHOOL,Boca Raton,Florida,United States,High School,RE-V5RC-25-1521,2025-10-18,2,0,2,0,2,false
3214,77083A,Kerr Engineering Club,KERR HIGH SCHOOL,Houston,Texas,United States,High School,RE-V5RC-25-9921,2025-10-18,2,0,2,0,2,false
3215,77003Z,Falcon 3,EAST EARLY COLLEGE HIGH SCHOOL,Houston,Texas,United States,High School,RE-V5RC-25-9921,2025-10-18,2,0,2,0,2,false
3216,17698G,Panthrix 2,South Early College High School,Houston,Texas,United States,High School,RE-V5RC-25-9921,2025-10-18,2,0,2,0,2,false
3217,9551B,RADIANCE,WEISER HIGH SCHOOL,Weiser,Idaho,United States,High School,RE-V5RC-25-1841,2025-10-24,2,0,2,0,2,false
3218,242V,Vsauce,HOLY GHOST PREP,Bensalem,Pennsylvania,United States,High School,RE-V5RC-25-1836,2025-10-25,2,0,2,0,2,false
3219,16329R,VIPER,CYPRESS RIDGE HIGH SCHOOL,Houston,Texas,United States,High School,RE-V5RC-25-1615,2025-10-25,2,0,2,0,2,false
3220,31645A,Roarbotics,EDISON HIGH,Fresno,California,United States,High School,RE-V5RC-25-9931,2025-10-25,2,0,2,0,2,false
3221,3743G,Booowlers,ERIE HIGH SCHOOL,Erie,Colorado,United States,High School,RE-V5RC-25-1573,2025-10-25,2,0,2,0,2,false
3222,77786Z,The CDs,BRIDGELAND HIGH SCHOOL,Cypress,Texas,United States,High School,RE-V5RC-25-1615,2025-10-25,2,0,2,0,2,false
3223,4303B,Boundless,Forest Park High School,Woodbridge,Virginia,United States,High School,RE-V5RC-25-9935,2025-10-25,2,0,2,0,2,false
3224,91709D,The Devastators,The Devastators,Chino Hills,California,United States,High School,RE-V5RC-25-1142,2025-10-25,2,0,2,0,2,false
3225,9050B,Gear Heads,GROTON AREA HIGH SCHOOL - 01,Groton,South Dakota,United States,High School,RE-V5RC-25-0610,2025-10-25,2,0,2,0,2,false
3226,42700G,Genesis,ST LOUIS SCHOOL,Honolulu,Hawaii,United States,High School,RE-V5RC-25-0675,2025-10-25,2,0,2,0,2,false
3227,2459A,GOLDEN HAWKS ROBOTICS,NANAKULI HIGH & INTERMEDIATE SCHOOL,Waianae,Hawaii,United States,High School,RE-V5RC-25-0675,2025-10-25,2,0,2,0,2,false
3228,75019H,Coppell VERSA,COPPELL HIGH SCHOOL,Coppell,Texas,United States,High School,RE-V5RC-25-1588,2025-11-01,2,0,2,0,2,false
3229,1193Y,Yaba-daba-doo,Jay County Robotics,Portland,Indiana,United States,High School,RE-V5RC-25-1082,2025-11-01,2,0,2,0,2,false
3230,21020B,Robotic Pioneers,LEAVENWORTH SR HIGH,Leavenworth,Kansas,United States,High School,RE-V5RC-25-2015,2025-11-01,2,0,2,0,2,false
3231,2894B,Bucket of Bolts,Toledo Technology Academy High School,Toledo,Ohio,United States,High School,RE-V5RC-25-1231,2025-11-01,2,0,2,0,2,false
3232,31033A,Iron Plaid,DUCHESNE ACADEMY OF THE SACRED HEART,Houston,Texas,United States,High School,RE-V5RC-25-2262,2025-11-01,2,0,2,0,2,false
3233,33993B,Mariner Tritons 2,MARINER HIGH SCHOOL,Cape Coral,Florida,United States,High School,RE-V5RC-25-1281,2025-11-01,2,0,2,0,2,false
3234,42368C,Fast + Furious,BURKBURNETT HIGH SCHOOL,Burkburnett,Texas,United States,High School,RE-V5RC-25-1976,2025-11-01,2,0,2,0,2,false
3235,33993A,Mariner Tritons,MARINER HIGH SCHOOL,Cape Coral,Florida,United States,High School,RE-V5RC-25-1281,2025-11-01,2,0,2,0,2,false
3236,28466F,It's a Feature,SPRINGS STUDIO FOR ACADEMIC EXCELLENCE,Colorado Springs,Colorado,United States,High School,RE-V5RC-25-0996,2025-11-01,2,0,2,0,2,false
3237,64178D,Unc,PLANT HIGH SCHOOL,Tampa,Florida,United States,High School,RE-V5RC-25-1281,2025-11-01,2,0,2,0,2,false
3238,12169Z,A Slight Complication,TRENTON HIGH SCHOOL,Trenton,Texas,United States,High School,RE-V5RC-25-1603,2025-11-01,2,0,2,0,2,false
3239,499X,Mocha,Mundelein Cons High School,Mundelein,Illinois,United States,High School,RE-V5RC-25-0275,2025-11-01,2,0,2,0,2,false
3240,19942B,Mustang Pride,EAST HIGH,Memphis,Tennessee,United States,High School,RE-V5RC-25-2436,2025-11-01,2,0,2,0,2,false
3241,24208A,NMA-Thunderclaw,NhatMinhAcademy,Đà Nẵng,,Vietnam,High School,RE-V5RC-25-2890,2025-11-01,2,0,2,0,2,false
3242,22445D,Watts Up?,JUSTIN-SIENA,Napa,California,United States,High School,RE-V5RC-25-0122,2025-11-02,2,0,2,0,2,false
3243,22324B,Code and Conquer,SALEM HIGH SCHOOL,Salem,Ohio,United States,High School,RE-V5RC-25-9970,2025-11-05,2,0,2,0,2,false
3244,3708V,VSA VEX,Victoria Shanghai Academy,Hong Kong,,Hong Kong,High School,RE-V5RC-25-2645,2025-11-07,2,0,2,0,2,false
3245,50081A,KnightBots-A,IN MATH & SCIENCE ACADEMY - NORTH,Indianapolis,Indiana,United States,High School,RE-V5RC-25-0738,2025-11-08,2,0,2,0,2,false
3246,95T,CEC TriBots,Central Educational Center,Newnan,Georgia,United States,High School,RE-V5RC-25-1859,2025-11-08,2,0,2,0,2,false
3247,50081B,KnightBots-B,IN MATH & SCIENCE ACADEMY - NORTH,Indianapolis,Indiana,United States,High School,RE-V5RC-25-0738,2025-11-08,2,0,2,0,2,false
3248,4454B,Cyclops,TIMOTHY CHRISTIAN HIGH SCHOOL,Elmhurst,Illinois,United States,High School,RE-V5RC-25-1995,2025-11-08,2,0,2,0,2,false
3249,7187B,Little Tykes,FAYETTEVILLE HIGH SCHOOL EAST,Fayetteville,Arkansas,United States,High School,RE-V5RC-25-0190,2025-11-08,2,0,2,0,2,false
3250,2140E,1purplerobot@gmail.com,JENISON HIGH SCHOOL,Jenison,Michigan,United States,High School,RE-V5RC-25-1441,2025-11-08,2,0,2,0,2,false
3251,9257R,Real Steele,COVINGTON CATHOLIC HIGH SCHOOL,Park Hills,Kentucky,United States,High School,RE-V5RC-25-2148,2025-11-08,2,0,2,0,2,false
3252,21908A,Rockford Robotics A,ROCKFORD HIGH SCHOOL,Rockford,Michigan,United States,High School,RE-V5RC-25-1441,2025-11-08,2,0,2,0,2,false
3253,48760A,NOVA-X,Quebedeaux Robotics,DeRidder,Louisiana,United States,High School,RE-V5RC-25-1502,2025-09-25,2,0,2,0,2,false
3254,46802D,Mater Wildcats 4,MATER BISCAYNE ACADEMY MIDDLE/HIGH,North Miami,Florida,United States,High School,RE-V5RC-25-1986,2025-11-08,2,0,2,0,2,false
3255,42442B,WJ Robotics,WALTER JOHNSON HIGH,Bethesda,Maryland,United States,High School,RE-V5RC-25-0506,2025-11-08,2,0,2,0,2,false
3256,99905D,RoboGryphs,ST GEORGE'S INDEPENDENT SCHOOL,Collierville,Tennessee,United States,High School,RE-V5RC-25-0454,2025-11-08,2,0,2,0,2,false
3257,61973D,The Black Wall,WIDEFIELD HIGH SCHOOL,Colorado Springs,Colorado,United States,High School,RE-V5RC-25-1056,2025-10-18,2,0,2,0,2,false
3258,45201D,6-7,MESA RIDGE HIGH SCHOOL,Colorado Springs,Colorado,United States,High School,RE-V5RC-25-1056,2025-10-18,2,0,2,0,2,false
3259,61783C,YouBreakItYouBuyIt,Surrey Christian School,Surrey,British Columbia,Canada,High School,RE-V5RC-25-0133,2025-11-08,2,0,2,0,2,false
3260,7187G,Wii-zer,FAYETTEVILLE HIGH SCHOOL EAST,Fayetteville,Arkansas,United States,High School,RE-V5RC-25-0190,2025-11-08,2,0,2,0,2,false
3261,61973G,BoltDogs,WIDEFIELD HIGH SCHOOL,Colorado Springs,Colorado,United States,High School,RE-V5RC-25-1056,2025-10-18,2,0,2,0,2,false
3262,45201F,Star Satellites,MESA RIDGE HIGH SCHOOL,Colorado Springs,Colorado,United States,High School,RE-V5RC-25-1056,2025-10-18,2,0,2,0,2,false
3263,60502W,Chaos,Arrm Robotics,Aurora,Illinois,United States,High School,RE-V5RC-25-1995,2025-11-08,2,0,2,0,2,false
3264,22023G,The Lightning McQueens,Bulldog Bytes - Springfield High,Springfield,Louisiana,United States,High School,RE-V5RC-25-1324,2025-11-08,2,0,2,0,2,false
3265,8771Y,Rattling Flywheels,CALABASAS HIGH,Calabasas,California,United States,High School,RE-V5RC-25-1807,2025-11-08,2,0,2,0,2,false
3266,97377C,Reverse Zoom,Indian Lake High School,Lewistown,Ohio,United States,High School,RE-V5RC-25-1241,2025-11-11,2,0,2,0,2,false
3267,77786E,CEN,BRIDGELAND HIGH SCHOOL,Cypress,Texas,United States,High School,RE-V5RC-25-1618,2025-11-12,2,0,2,0,2,false
3268,46878A,CECYTEM Maravatío,CECYTEM Plantel Maravatío,Morelia,Michoacán,Mexico,High School,RE-V5RC-25-2832,2025-11-13,2,0,2,0,2,false
3269,87453A,CECYTEM Curimeo,CECYTEM Plantel Curimeo,Morelia,Michoacán,Mexico,High School,RE-V5RC-25-2832,2025-11-13,2,0,2,0,2,false
3270,56558A,CECYTEM Capula 2,CECYTEM Plantel Capula,Morelia,Michoacán,Mexico,High School,RE-V5RC-25-2832,2025-11-13,2,0,2,0,2,false
3271,56382A,CECYTEM Buenavista,CECYTEM Plantel Buenavista,Morelia,Michoacán,Mexico,High School,RE-V5RC-25-2832,2025-11-13,2,0,2,0,2,false
3272,40519A,CECYTEM Plantel Paso de Morelos,CECYTEM Plantel Paso de Morelos,Paso de Morelos,Michoacán,Mexico,High School,RE-V5RC-25-2832,2025-11-13,2,0,2,0,2,false
3273,84837A,Lakerbotics,WINDEMERE PREPARATORY SCHOOL,Windermere,Florida,United States,High School,RE-V5RC-25-2382,2025-11-15,2,0,2,0,2,false
3274,91775C,"Gourmia 14qt All-In-One Digital Air Fryers, 1550W",FAIRBANKS HIGH SCHOOL,Milford Center,Ohio,United States,High School,RE-V5RC-25-9958,2025-11-15,2,0,2,0,2,false
3275,3018A,Vexcalibur,Techna Pwn Robotics,Council Bluffs,Iowa,United States,High School,RE-V5RC-25-0046,2025-11-15,2,0,2,0,2,false
3276,6479A,Engi-Nearing Our Limits,POTOMAC HIGH,Dumfries,Virginia,United States,High School,RE-V5RC-25-9915,2025-11-14,2,0,2,0,2,false
3277,73973D,White House Robotics,WHITE HOUSE HIGH SCHOOL,White House,Tennessee,United States,High School,RE-V5RC-25-1076,2025-11-15,2,0,2,0,2,false
3278,90475B,OSHA Violation,DEER PARK HIGH SCHOOL (SC),Deer Park,Texas,United States,High School,RE-V5RC-25-2434,2025-11-15,2,0,2,0,2,false
3279,19709A,Mechanical Mustangs,MOT CHARTER SCHOOL,Middletown,Delaware,United States,High School,RE-V5RC-25-0161,2025-11-15,2,0,2,0,2,false
3280,43050Y,43050Y,MOUNT VERNON HIGH SCHOOL,Mount Vernon,Ohio,United States,High School,RE-V5RC-25-9961,2025-11-15,2,0,2,0,2,false
3281,8890C,IronRAMS C,DICKINSON (JOHN) HIGH SCHOOL,Wilmington,Delaware,United States,High School,RE-V5RC-25-0161,2025-11-15,2,0,2,0,2,false
3282,84260N,Nimbus,Cabot High School,Cabot,Arkansas,United States,High School,RE-V5RC-25-0134,2025-11-15,2,0,2,0,2,false
3283,43141Y,Insert_Name_Here,HIGHLAND HIGH SCHOOL,Gilbert,Arizona,United States,High School,RE-V5RC-25-0270,2025-11-15,2,0,2,0,2,false
3284,13433A,The Bald Babies,BLOOMFIELD HIGH,Bloomfield,Missouri,United States,High School,RE-V5RC-25-0134,2025-11-15,2,0,2,0,2,false
3285,56210A,Husky A,NORTH HIGH SCHOOL,Edmond,Oklahoma,United States,High School,RE-V5RC-25-1919,2025-11-15,2,0,2,0,2,false
3286,2498Z,baZalright,PiRA,Jericho,New York,United States,High School,RE-V5RC-25-0363,2025-11-15,2,0,2,0,2,false
3287,26468B,Bengal Super Tanks,BLYTHEWOOD HIGH,Blythewood,South Carolina,United States,High School,RE-V5RC-25-0045,2025-11-15,2,0,2,0,2,false
3288,99689C,Robohorns,W T WHITE HIGH SCHOOL,Dallas,Texas,United States,High School,RE-V5RC-25-1537,2025-11-15,2,0,2,0,2,false
3289,12691D,Coding Error,OCONOMOWOC HIGH,Oconomowoc,Wisconsin,United States,High School,RE-V5RC-25-1267,2025-11-15,2,0,2,0,2,false
3290,25099A,Motormasters,HIGHLAND PREP WEST,Avondale,Arizona,United States,High School,RE-V5RC-25-0612,2025-11-15,2,0,2,0,2,false
3291,2467J,Saber Dynamics,James Campbell High School,Ewa Beach,Hawaii,United States,High School,RE-V5RC-25-2405,2025-11-15,2,0,2,0,2,false
3292,1413D,ILuvArtisanBread,ST CHARLES EAST HIGH SCHOOL,St. Charles,Illinois,United States,High School,RE-V5RC-25-1647,2025-11-16,2,0,2,0,2,false
3293,3695B,BioHazard,YORKVILLE HIGH SCHOOL,Yorkville,Illinois,United States,High School,RE-V5RC-25-1647,2025-11-16,2,0,2,0,2,false
3294,22625A,COBACH 19 Leones,COLEGIO DE BACHILLERES DEL ESTADO DE CHIHUAHUA PLANTEL 19,Juárez,Chihuahua,Mexico,High School,RE-V5RC-25-3446,2025-11-19,2,0,2,0,2,false
3295,99153B,VAQUEROS,CECYTE Chihuahua No. 14  Villa Esperanza,Juarez,Chihuahua,Mexico,High School,RE-V5RC-25-3446,2025-11-19,2,0,2,0,2,false
3296,67602A,COBACH 22 SOLES,"COLEGIO DE BACHILLERES DEL ESTADO DE CHIHUAHUA, PLANTEL 22",Ojinaga,Chihuahua,Mexico,High School,RE-V5RC-25-3446,2025-11-19,2,0,2,0,2,false
3297,97673Z,KATBOTS CECYTECH 11 CD. DEL CONOCIMIENTO,CECYTECH 11 Ciudad del Conocimiento,Ciudad Juárez,Chihuahua,Mexico,High School,RE-V5RC-25-3446,2025-11-19,2,0,2,0,2,false
3298,63857A,Anti-Virus,Mashpee Middle High School,Mashpee,Massachusetts,United States,High School,RE-V5RC-25-0347,2025-10-23,2,0,2,0,2,false
3299,60466C,Raptors,Rich Township High School,Olympia Fields,Illinois,United States,High School,RE-V5RC-25-1286,2025-11-19,2,0,2,0,2,false
3300,30207B,ZINGED,THE ALTAMONT SCHOOL,Birmingham,Alabama,United States,High School,RE-V5RC-25-1207,2025-11-20,2,0,2,0,2,false
3301,67435B,BH Highlanders,Branksome Hall,Toronto,Ontario,Canada,High School,RE-V5RC-25-0071,2025-11-04,2,0,2,0,2,false
3302,97779E,St Andrews College,St Andrew’s College,Aurora,Ontario,Canada,High School,RE-V5RC-25-0071,2025-11-04,2,0,2,0,2,false
3303,60883A,Robotomy,AKRON STEM HIGH SCHOOL,Akron,Ohio,United States,High School,RE-V5RC-25-2292,2025-11-21,2,0,2,0,2,false
3304,10251A,Chimera,Antalya Toplum Koleji,Döşemealtı/Antalya,,Türkiye,High School,RE-V5RC-25-3455,2025-11-22,2,0,2,0,2,false
3305,23218Y,Nemesis,Simon Langton Grammar School for Boys,Canterbury,,United Kingdom,High School,RE-V5RC-25-0670,2025-11-22,2,0,2,0,2,false
3306,33190G,Galactic Geeks Robotics,VIRGIL GRISSOM HIGH SCHOOL,Huntsville,Alabama,United States,High School,RE-V5RC-25-2509,2025-11-22,2,0,2,0,2,false
3307,10440C,Mechanical Masterminds,Bangor Homeschool,Bangor,Maine,United States,High School,RE-V5RC-25-2119,2025-11-22,2,0,2,0,2,false
3308,35049C,Cleveland Robotics Team C,CLEVELAND HIGH SCHOOL,Cleveland,Alabama,United States,High School,RE-V5RC-25-2509,2025-11-22,2,0,2,0,2,false
3309,89227B,Radio Link Lost,RIDGELAND HIGH SCHOOL,Rossville,Georgia,United States,High School,RE-V5RC-25-0260,2025-11-22,2,0,2,0,2,false
3310,98549B,Burnout,Burnsview Secondary,Delta,British Columbia,Canada,High School,RE-V5RC-25-2529,2025-11-22,2,0,2,0,2,false
3311,18080U,HTS Hawks,Holy Trinity School,Richmond Hill,Ontario,Canada,High School,RE-V5RC-25-2570,2025-11-22,2,0,2,0,2,false
3312,40217C,Revelation,CHAPIN HIGH SCHOOL,El Paso,Texas,United States,High School,RE-V5RC-25-1352,2025-11-22,2,0,2,0,2,false
3313,8001A,Bodwell Bruins,Bodwell High School,North Vancouver,British Columbia,Canada,High School,RE-V5RC-25-2529,2025-11-22,2,0,2,0,2,false
3314,18080Z,HTS Hawks,Holy Trinity School,Richmond Hill,Ontario,Canada,High School,RE-V5RC-25-2570,2025-11-22,2,0,2,0,2,false
3315,3691B,CyberWolves B,H GRADY SPRUCE HIGH SCHOOL,Dallas,Texas,United States,High School,RE-V5RC-25-0197,2025-11-22,2,0,2,0,2,false
3316,4149C,Blast Bots,Grygla Secondary,Grygla,Minnesota,United States,High School,RE-V5RC-25-2140,2025-11-22,2,0,2,0,2,false
3317,67002H,DIGGI,Northwest Career And Technical Academy,Las Vegas,Nevada,United States,High School,RE-V5RC-25-3045,2025-11-22,2,0,2,0,2,false
3318,6523C,The Ethernets,TRI-CITY COLLEGE PREP,Prescott,Arizona,United States,High School,RE-V5RC-25-2984,2025-11-22,2,0,2,0,2,false
3319,34444A,VIKI // TECH,MBA ÇAMLICA SCHOOLS,İstanbul,,Türkiye,High School,RE-V5RC-25-3455,2025-11-22,2,0,2,0,2,false
3320,17612M,SpiderBots,SpiderBots Colegio St Johns ,Benito Juarez,Quintana Roo,Mexico,High School,RE-V5RC-25-0637,2025-11-26,2,0,2,0,2,false
3321,877Z,Zylophone (or is it Xylophone?),Ridgefield High School,Ridgefield,Connecticut,United States,High School,RE-V5RC-25-0177,2025-10-25,1,1,0,1,0,false
3322,2396B,Red Dirt Robotics,Canadian Valley Technology Center,El Reno,Oklahoma,United States,High School,RE-V5RC-25-0794,2025-10-18,1,1,0,1,0,false
3323,18968K,Stellar Engineers,Ulink College of Shanghai,Shanghai,Shanghai,China,High School,RE-V5RC-25-0863,2025-08-22,1,1,0,1,0,false
3324,106Z,.zip,Excel-Robotic Lab LLC,University Park,Texas,United States,High School,RE-V5RC-25-1897,2025-11-08,1,1,0,1,0,false
3325,91775B,Twortles,FAIRBANKS HIGH SCHOOL,Milford Center,Ohio,United States,High School,RE-V5RC-25-9958,2025-11-15,1,1,0,1,0,false
3326,32511B,MBA Warthog,MONTGOMERY BELL ACADEMY,Nashville,Tennessee,United States,High School,RE-V5RC-25-1408,2025-09-23,1,1,0,1,0,false
3327,10008A,Heisenbangers,BASIS SCOTTSDALE,Scottsdale,Arizona,United States,High School,RE-V5RC-25-0612,2025-11-15,1,1,0,1,0,false
3328,94298A,CECYT Plantel 6,CENTRO DE ESTUDIOS CIENTIFICOS Y TECONOLÓGICOS PLANTEL 6,CHIHUAHUA,Chihuahua,Mexico,High School,RE-V5RC-25-3446,2025-11-19,1,1,0,1,0,false
3329,88109X,广东碧桂园学校高中X队,GuangDong Country Garden School（Senior ）,Foshan,Guangdong,China,High School,RE-V5RC-25-3593,2025-11-21,1,1,0,1,0,false
3330,7135J,Loyola Robotics - Jolly Jinglers,Loyola Blakefield,Towson,Maryland,United States,High School,RE-V5RC-25-1363,2025-11-22,1,0,1,0,1,false
3331,63180B,Wizards of Oz,Blakes Crossing Christian College,Blakeview,South Australia,Australia,High School,RE-V5RC-25-1660,2025-09-22,1,0,1,0,1,false
3332,22204G,Goldfish,WYLIE HIGH SCHOOL,Wylie,Texas,United States,High School,RE-V5RC-25-0197,2025-11-22,1,0,1,0,1,false
3333,355W,Walrus,Fox Valley Robotics,Batavia,Illinois,United States,High School,RE-V5RC-25-1995,2025-11-08,1,0,1,0,1,false
3334,8110M,Jerry-Rigged,Mankato West Robotics,Mankato,Minnesota,United States,High School,RE-V5RC-25-9919,2025-11-15,1,0,1,0,1,false
3335,8062B,Best Before 2025,NUS High School,Singapore,,Singapore,High School,RE-V5RC-25-1037,2025-11-19,1,0,1,0,1,false
3336,34716A,Maricopa ArrowTech,A+ CHARTER SCHOOLS,Maricopa,Arizona,United States,High School,RE-V5RC-25-2088,2025-11-08,1,0,1,0,1,false
3337,85657C,Marsden Robotics C,Marsden State High School,Brisbane,Queensland,Australia,High School,RE-V5RC-25-1018,2025-10-25,1,0,1,0,1,false
3338,43272Z,Fox Robotics - Forklift Certified Rat,CADDO MILLS HIGH SCHOOL,Caddo Mills,Texas,United States,High School,RE-V5RC-25-1603,2025-11-01,1,0,1,0,1,false
3339,87490D,Gladiators,FARMERSVILLE HIGH SCHOOL,Farmersville,Texas,United States,High School,RE-V5RC-25-1827,2025-10-06,1,0,1,0,1,false
3340,55692B,ASIST- Alpha Entity,"African School of Innovations, Science and Technology/e2 Young Engineers Kampala-Uganda",Kampala,,Uganda,High School,RE-V5RC-25-0437,2025-11-07,1,0,1,0,1,false
3341,55554J,Silicon Saints,Harvest International School,Kampala,,Uganda,High School,RE-V5RC-25-0437,2025-11-07,1,0,1,0,1,false
3342,15406A,NARIGURI CECyT No.5 San Juanito,"CECYTE SAN JUANITO, BOCOYNA",Bocoyna,Chihuahua,Mexico,High School,RE-V5RC-25-3446,2025-11-19,1,0,1,0,1,false
3343,2817C,Gear Shifters,The DEN Career and Technology Center,Montgomery,Texas,United States,High School,RE-V5RC-25-2263,2025-11-22,1,0,1,0,1,false
3344,67002D,Constellation,Northwest Career And Technical Academy,Las Vegas,Nevada,United States,High School,RE-V5RC-25-3045,2025-11-22,1,0,1,0,1,false
3345,50911B,BanksiaBots_B,Banksia Park International HS,Banksia Park,South Australia,Australia,High School,RE-V5RC-25-9952,2025-09-05,1,0,1,0,1,false
3346,6891V,Venom,Faith Lutheran High School,Las Vegas,Nevada,United States,High School,RE-V5RC-25-0829,2025-09-27,1,0,1,0,1,false
3347,91028D,π Are Square,Silverdale Baptist Academy,Chattanooga,Tennessee,United States,High School,RE-V5RC-25-0281,2025-10-10,1,0,1,0,1,false
3348,99751A,Apollo,COLORADO EARLY COLLEGE FORT COLLINS,Fort Collins,Colorado,United States,High School,RE-V5RC-25-0257,2025-10-11,1,0,1,0,1,false
3349,6023S,Slambot,Stowe School,Buckingham,,United Kingdom,High School,RE-V5RC-25-9987,2025-10-16,1,0,1,0,1,false
3350,33761B,Bryant Team 2,ALMA BRYANT HIGH SCHOOL,Irvington,Alabama,United States,High School,RE-V5RC-25-1205,2025-09-30,1,0,1,0,1,false
3351,7479B,Kookaburra Kings,Hillcrest Christian College,Clyde North,Victoria,Australia,High School,RE-V5RC-25-0032,2025-10-18,1,0,1,0,1,false
3352,50731A,Wunsche Phoenix Fire Tech,CARL WUNSCHE SR HIGH SCHOOL,Spring,Texas,United States,High School,RE-V5RC-25-9921,2025-10-18,1,0,1,0,1,false
3353,28625W,Warrior Vex,WEST IREDELL HIGH JROTC,Statesville,North Carolina,United States,High School,RE-V5RC-25-0050,2025-10-18,1,0,1,0,1,false
3354,7453B,Robot Generals,Shafter High School,Shafter,California,United States,High School,RE-V5RC-25-9938,2025-10-18,1,0,1,0,1,false
3355,5430D,Escape Velocity,Parkway West High School,Chesterfield,Missouri,United States,High School,RE-V5RC-25-0963,2025-10-18,1,0,1,0,1,false
3356,80817A,Archons,FOUNTAIN-FORT CARSON HIGH SCHOOL,Fountain,Colorado,United States,High School,RE-V5RC-25-1056,2025-10-18,1,0,1,0,1,false
3357,5840A,King High Robotics,MARTIN LUTHER KING JR. HIGH,Riverside,California,United States,High School,RE-V5RC-25-1049,2025-10-18,1,0,1,0,1,false
3358,45201A,Aces,MESA RIDGE HIGH SCHOOL,Colorado Springs,Colorado,United States,High School,RE-V5RC-25-1053,2025-10-18,1,0,1,0,1,false
3359,3674G,Go Girls!,ENERGY INSTITUTE HIGH SCHOOL,Houston,Texas,United States,High School,RE-V5RC-25-9921,2025-10-18,1,0,1,0,1,false
3360,91709Z,My Little Ponies,RUBEN S. AYALA HIGH,Chino Hills,California,United States,High School,RE-V5RC-25-0367,2025-10-19,1,0,1,0,1,false
3361,9551C,C.L.A.N.K.E.R.,WEISER HIGH SCHOOL,Weiser,Idaho,United States,High School,RE-V5RC-25-1841,2025-10-24,1,0,1,0,1,false
3362,54664B,Robohobos Jr.,NORTH HIGH,St. Louis,Missouri,United States,High School,RE-V5RC-25-1297,2025-10-25,1,0,1,0,1,false
3363,8754X,Slytherin,Hogwarts ,Houston,Texas,United States,High School,RE-V5RC-25-1615,2025-10-25,1,0,1,0,1,false
3364,45525A,New Hope-Solebury HS,NEW HOPE-SOLEBURY HIGH SCHOOL,New Hope,Pennsylvania,United States,High School,RE-V5RC-25-1836,2025-10-25,1,0,1,0,1,false
3365,79546B,Wall-e,ROTAN K-12,Rotan,Texas,United States,High School,RE-V5RC-25-2542,2025-10-25,1,0,1,0,1,false
3366,82718D,Dynamic Horizon,THUNDER BASIN HIGH SCHOOL,Gillette,Wyoming,United States,High School,RE-V5RC-25-0610,2025-10-25,1,0,1,0,1,false
3367,18152G,GHS Robotics,GREENWICH HIGH SCHOOL,Greenwich,Connecticut,United States,High School,RE-V5RC-25-0177,2025-10-25,1,0,1,0,1,false
3368,99402Z,Zenith,THE ACADEMIES AT JONESBORO HIGH SCHOOL,Jonesboro,Arkansas,United States,High School,RE-V5RC-25-0682,2025-10-25,1,0,1,0,1,false
3369,61982A,Giggletron,GORDON SCHOOL,Gordon,Texas,United States,High School,RE-V5RC-25-1976,2025-11-01,1,0,1,0,1,false
3370,7996F,Fracture,HIGLEY HIGH SCHOOL,Gilbert,Arizona,United States,High School,RE-V5RC-25-1723,2025-11-01,1,0,1,0,1,false
3371,6743A,Lyfestylë,LAKEWOOD RANCH HIGH SCHOOL,Bradenton,Florida,United States,High School,RE-V5RC-25-1281,2025-11-01,1,0,1,0,1,false
3372,4979D,DevilStormRobotics,Hinsdale Central High School,Hinsdale,Illinois,United States,High School,RE-V5RC-25-0275,2025-11-01,1,0,1,0,1,false
3373,17505C,Oh My Gato,IM TERRELL ACADEMY FOR STEM AND VPA,Fort Worth,Texas,United States,High School,RE-V5RC-25-1976,2025-11-01,1,0,1,0,1,false
3374,20017B,PintOS Not Found,MORIARTY HIGH,Moriarty,New Mexico,United States,High School,RE-V5RC-25-2172,2025-11-01,1,0,1,0,1,false
3375,74162B,Blue Ridge High School Robotics,BLUE RIDGE HIGH SCHOOL,Blue Ridge,Texas,United States,High School,RE-V5RC-25-1827,2025-10-06,1,0,1,0,1,false
3376,87490H,The Clankers,FARMERSVILLE HIGH SCHOOL,Farmersville,Texas,United States,High School,RE-V5RC-25-1827,2025-10-06,1,0,1,0,1,false
3377,9651W,Hopes and Dreams,Upper Canada College,Toronto,Ontario,Canada,High School,RE-V5RC-25-0071,2025-11-04,1,0,1,0,1,false
3378,21524B,ECH green,JACKSON CENTRAL-MERRY EARLY COLLEGE HIGH,Jackson,Tennessee,United States,High School,RE-V5RC-25-0384,2025-10-14,1,0,1,0,1,false
3379,21169J,Lion Legends,Stamford American School Hong Kong,Hong Kong,,Hong Kong,High School,RE-V5RC-25-2645,2025-11-07,1,0,1,0,1,false
3380,936C,HKIS Chromium,Hong Kong International School,Hong Kong,,Hong Kong,High School,RE-V5RC-25-2645,2025-11-07,1,0,1,0,1,false
3381,70649A,Velocity Vipers,PROFESSIONAL ACADEMY MAGNET AT LOFTEN HIGH SCHOOL,Gainesville,Florida,United States,High School,RE-V5RC-25-1563,2025-11-08,1,0,1,0,1,false
3382,46802A,Mater Wildcats 1,MATER BISCAYNE ACADEMY MIDDLE/HIGH,North Miami,Florida,United States,High School,RE-V5RC-25-1986,2025-11-08,1,0,1,0,1,false
3383,16802W,Ecliptica,MADISON CENTRAL HIGH SCHOOL,Madison,Mississippi,United States,High School,RE-V5RC-25-1106,2025-11-08,1,0,1,0,1,false
3384,70258B,The Orb-Weavers,HAMDEN HALL COUNTRY DAY SCHOOL,Hamden,Connecticut,United States,High School,RE-V5RC-25-0126,2025-11-08,1,0,1,0,1,false
3385,590G,The Glagglers,Texas City High School,Texas City,Texas,United States,High School,RE-V5RC-25-1234,2025-11-08,1,0,1,0,1,false
3386,61783B,Team Robot,Surrey Christian School,Surrey,British Columbia,Canada,High School,RE-V5RC-25-0133,2025-11-08,1,0,1,0,1,false
3387,70634B,Voltage Vipers,EAST BEAUREGARD HIGH SCHOOL,Deridder,Louisiana,United States,High School,RE-V5RC-25-1502,2025-09-25,1,0,1,0,1,false
3388,1930E,Forman Lions,The Forman School,Litchfield,Connecticut,United States,High School,RE-V5RC-25-0126,2025-11-08,1,0,1,0,1,false
3389,3009V,Invincible,RANDALL K. COOPER HIGH SCHOOL,Union,Kentucky,United States,High School,RE-V5RC-25-2148,2025-11-08,1,0,1,0,1,false
3390,73191A,SpeedShift,MEDICAL ACADEMY FOR SCIENCE AND TECHNOLOGY (M.A.S.T.) @ HOME,Homestead,Florida,United States,High School,RE-V5RC-25-1986,2025-11-08,1,0,1,0,1,false
3391,9776A,Underscore,RIGBY HIGH SCHOOL,Rigby,Idaho,United States,High School,RE-V5RC-25-0581,2025-11-08,1,0,1,0,1,false
3392,66767M,Carson Robotics,Carson Graham Secondary,North Vancouver,British Columbia,Canada,High School,RE-V5RC-25-0133,2025-11-08,1,0,1,0,1,false
3393,9776E,Fantastic 4 And Lincoln,RIGBY HIGH SCHOOL,Rigby,Idaho,United States,High School,RE-V5RC-25-0581,2025-11-08,1,0,1,0,1,false
3394,61973E,The Snakes,WIDEFIELD HIGH SCHOOL,Colorado Springs,Colorado,United States,High School,RE-V5RC-25-1056,2025-10-18,1,0,1,0,1,false
3395,4405S,SkRobot,VJ & ANGELA SKUTT CATHOLIC HIGH SCHOOL,Omaha,Nebraska,United States,High School,RE-V5RC-25-0398,2025-11-08,1,0,1,0,1,false
3396,9636C,Been Thinking,Thinking Robotics,Gilbert,Arizona,United States,High School,RE-V5RC-25-2088,2025-11-08,1,0,1,0,1,false
3397,89135E,W.A.R.NING,WEST CAREER & TECHNICAL ACADEMY,Las Vegas,Nevada,United States,High School,RE-V5RC-25-2178,2025-11-08,1,0,1,0,1,false
3398,231B,KNIGHTS ROBOTICS,Dr.Kirk Lewis Career and Technical HS,Houston,Texas,United States,High School,RE-V5RC-25-2094,2025-09-30,1,0,1,0,1,false
3399,1412U,Merica-CyRidge,CYPRESS SPRINGS HIGH SCHOOL,Cypress,Texas,United States,High School,RE-V5RC-25-1618,2025-11-12,1,0,1,0,1,false
3400,77786Y,Bridgeland Y,BRIDGELAND HIGH SCHOOL,Cypress,Texas,United States,High School,RE-V5RC-25-1618,2025-11-12,1,0,1,0,1,false
3401,77786A,The Wirebacks,BRIDGELAND HIGH SCHOOL,Cypress,Texas,United States,High School,RE-V5RC-25-1618,2025-11-12,1,0,1,0,1,false
3402,54770C,The Clankers,ELEVA-STRUM HIGH,Strum,Wisconsin,United States,High School,RE-V5RC-25-1389,2025-11-12,1,0,1,0,1,false
3403,41051A,CECYTEM Nahuatzen,CECYTEM Plantel Nahuatzen,Morelia,Michoacán,Mexico,High School,RE-V5RC-25-2832,2025-11-13,1,0,1,0,1,false
3404,41435A,CECYTEM Plantel Tangancícuaro,CECYTEM Plantel Tangancicuaro,Tangancícuaro,Michoacán,Mexico,High School,RE-V5RC-25-2832,2025-11-13,1,0,1,0,1,false
3405,90743A,CECYTEM Ostula,CECYTEM Plantel Ostula,Morelia,Michoacán,Mexico,High School,RE-V5RC-25-2832,2025-11-13,1,0,1,0,1,false
3406,26857A,CECYTEM Santiago Undameo,CECYTEM Plantel Santiago Undameo,Morelia,Michoacán,Mexico,High School,RE-V5RC-25-2832,2025-11-13,1,0,1,0,1,false
3407,429C,RoboBucs C,BERKELEY PREPARATORY SCHOOL,Tampa,Florida,United States,High School,RE-V5RC-25-2382,2025-11-15,1,0,1,0,1,false
3408,5813C,Kanesville Klancker,ABRAHAM LINCOLN HIGH SCHOOL,Council Bluffs,Iowa,United States,High School,RE-V5RC-25-0046,2025-11-15,1,0,1,0,1,false
3409,17760R,Code Red,Capitol City Robotics,Washington,District of Columbia,United States,High School,RE-V5RC-25-0494,2025-11-15,1,0,1,0,1,false
3410,10R,Exothermic Revision,Exothermic Robotics,Bellevue,Washington,United States,High School,RE-V5RC-25-0966,2025-11-15,1,0,1,0,1,false
3411,586G,Error 404: Team Name Not Found,PLYMOUTH HIGH SCHOOL,Plymouth,Indiana,United States,High School,RE-V5RC-25-1982,2025-11-15,1,0,1,0,1,false
3412,14819M,14819 M,NOBLESVILLE HIGH SCHOOL,Noblesville,Indiana,United States,High School,RE-V5RC-25-0744,2025-11-15,1,0,1,0,1,false
3413,32336A,The Parthenon Guard,WAKEFIELD SCHOOL,The Plains,Virginia,United States,High School,RE-V5RC-25-0494,2025-11-15,1,0,1,0,1,false
3414,16700B,Mech Monkeys,MOUNT AIRY CHRISTIAN ACADEMY,Mount Airy,Maryland,United States,High School,RE-V5RC-25-1465,2025-11-15,1,0,1,0,1,false
3415,50438A,The Peanut Gallery,The Peanut Gallery,Grantsville,Utah,United States,High School,RE-V5RC-25-1483,2025-11-15,1,0,1,0,1,false
3416,6062A,Secratariat,OOLOGAH-TALALA PUBLIC SCHOOLS,Oologah,Oklahoma,United States,High School,RE-V5RC-25-1919,2025-11-15,1,0,1,0,1,false
3417,17349B,Cox Mill Chargers,COX MILL HIGH SCHOOL,Concord,North Carolina,United States,High School,RE-V5RC-25-2375,2025-11-15,1,0,1,0,1,false
3418,14760Z,67 Elite,PICKERINGTON HIGH SCHOOL NORTH,Pickerington,Ohio,United States,High School,RE-V5RC-25-9961,2025-11-15,1,0,1,0,1,false
3419,22579B,The Red Hawk Warriors,MILTON HIGH,Milton,Wisconsin,United States,High School,RE-V5RC-25-1267,2025-11-15,1,0,1,0,1,false
3420,6299X,中国技术,Enterprise High School,Enterprise,Alabama,United States,High School,RE-V5RC-25-1406,2025-11-15,1,0,1,0,1,false
3421,1233K,Kool-Aids,CROWN POINT HIGH SCHOOL,Crown Point,Indiana,United States,High School,RE-V5RC-25-1982,2025-11-15,1,0,1,0,1,false
3422,90588B,Lucky Charms,Houston Co High School,Erin,Tennessee,United States,High School,RE-V5RC-25-1076,2025-11-15,1,0,1,0,1,false
3423,5813A,Brobotics,ABRAHAM LINCOLN HIGH SCHOOL,Council Bluffs,Iowa,United States,High School,RE-V5RC-25-0046,2025-11-15,1,0,1,0,1,false
3424,32336W,Screeching Circuits,WAKEFIELD SCHOOL,The Plains,Virginia,United States,High School,RE-V5RC-25-0494,2025-11-15,1,0,1,0,1,false
3425,32410D,Automatrons,Redwater High School,Redwater,Texas,United States,High School,RE-V5RC-25-2518,2025-11-15,1,0,1,0,1,false
3426,90588D,Irish Batman,Houston Co High School,Erin,Tennessee,United States,High School,RE-V5RC-25-1076,2025-11-15,1,0,1,0,1,false
3427,79267M,Miracles,River Bluff High School,Lexington,South Carolina,United States,High School,RE-V5RC-25-0045,2025-11-15,1,0,1,0,1,false
3428,5999Z,Eagle Spark,NORTHEAST HIGH,Clarksville,Tennessee,United States,High School,RE-V5RC-25-1076,2025-11-15,1,0,1,0,1,false
3429,82267A,The Lugnuts,BAKERSFIELD Christian High School,Bakersfield,California,United States,High School,RE-V5RC-25-9939,2025-10-18,1,0,1,0,1,false
3430,30372A,RoboStangs - HS 1,RANCHO SOLANO PREPARATORY SCHOOL,Scottsdale,Arizona,United States,High School,RE-V5RC-25-0270,2025-11-15,1,0,1,0,1,false
3431,64647H,The Battle Bolts,Home Education Resource Center,Bakersfield,California,United States,High School,RE-V5RC-25-9939,2025-10-18,1,0,1,0,1,false
3432,84899F,Manticore,Radley College,Abingdon,,United Kingdom,High School,RE-V5RC-25-2142,2025-11-16,1,0,1,0,1,false
3433,393B,Legacy Robotics,Legacy Magnet Academy,Tustin,California,United States,High School,RE-V5RC-25-1336,2025-11-16,1,0,1,0,1,false
3434,90504Z,North Robotics,North High School,Torrance,California,United States,High School,RE-V5RC-25-1249,2025-11-16,1,0,1,0,1,false
3435,25316A,COBACH 6 ÁGUILAS,"COLEGIO DE BACHILLERES DEL ESTADO DE CHIHUAHUA, PLANTEL 6",Ciudad Juárez,Chihuahua,Mexico,High School,RE-V5RC-25-3446,2025-11-19,1,0,1,0,1,false
3436,49982B,CONALEP III Juarez 2,"CONALEP III, Juarez",Ciudad Juárez,Chihuahua,Mexico,High School,RE-V5RC-25-3446,2025-11-19,1,0,1,0,1,false
3437,96941A,COBACH 10-1,COBACH Plantel 10,Chihuahua,Chihuahua,Mexico,High School,RE-V5RC-25-3446,2025-11-19,1,0,1,0,1,false
3438,67435A,BH Highlanders,Branksome Hall,Toronto,Ontario,Canada,High School,RE-V5RC-25-0071,2025-11-04,1,0,1,0,1,false
3439,90242A,York RoboStorm,The York School,Toronto,Ontario,Canada,High School,RE-V5RC-25-0071,2025-11-04,1,0,1,0,1,false
3440,34696A,Nitro Wildcats,NITRO HIGH SCHOOL,Nitro,West Virginia,United States,High School,RE-V5RC-25-1509,2025-11-20,1,0,1,0,1,false
3441,24740A,MCTEC Vipers,MERCER COUNTY TECHNICAL EDUCATION CENTER,Princeton,West Virginia,United States,High School,RE-V5RC-25-1509,2025-11-20,1,0,1,0,1,false
3442,2750Z,PokeBots,MILLER GROVE SCHOOL,Cumby,Texas,United States,High School,RE-V5RC-25-2029,2025-11-21,1,0,1,0,1,false
3443,58053D,It Might Work,City of London School for Girls,London,,United Kingdom,High School,RE-V5RC-25-0670,2025-11-22,1,0,1,0,1,false
3444,37377A,A,SIGNAL MOUNTAIN MIDDLE/HIGH SCHOOL,Signal Mountain,Tennessee,United States,High School,RE-V5RC-25-0260,2025-11-22,1,0,1,0,1,false
3445,93568A,Sheldon,Colmers School & Sixth Form,Birmingham,,United Kingdom,High School,RE-V5RC-25-9988,2025-11-22,1,0,1,0,1,false
3446,35049A,Cleveland Robotics Team A ,CLEVELAND HIGH SCHOOL,Cleveland,Alabama,United States,High School,RE-V5RC-25-2509,2025-11-22,1,0,1,0,1,false
3447,76058Z,Sea Cows,JOSHUA HIGH SCHOOL,Joshua,Texas,United States,High School,RE-V5RC-25-0197,2025-11-22,1,0,1,0,1,false
3448,99197S,At least we tried,Bowness High School,Calgary,Alberta,Canada,High School,RE-V5RC-25-1906,2025-11-22,1,0,1,0,1,false
3449,119Y,Y Not?,ST BERNARD SCHOOL,Uncasville,Connecticut,United States,High School,RE-V5RC-25-2126,2025-11-22,1,0,1,0,1,false
3450,82000B,YOUR SYMPHONY,Havergal College School,Toronto,Ontario,Canada,High School,RE-V5RC-25-2570,2025-11-22,1,0,1,0,1,false
3451,18865A,Slidell High Robotics,SLIDELL HIGH SCHOOL,Slidell,Louisiana,United States,High School,RE-V5RC-25-0477,2025-11-22,1,0,1,0,1,false
3452,41998B,Loose screws,VALE HIGH SCHOOL,Vale,Oregon,United States,High School,RE-V5RC-25-2517,2025-11-22,1,0,1,0,1,false
3453,1069E,Lethally Wired,Berthoud Robotics,Berthoud,Colorado,United States,High School,RE-V5RC-25-1628,2025-11-22,1,0,1,0,1,false
3454,47359A,Flying Eagles,Northeast Career & Technical Academy High School,North Las Vegas,Nevada,United States,High School,RE-V5RC-25-3045,2025-11-22,1,0,1,0,1,false
3455,64064E,Switchback,Gulf Islands Secondary School,Saltspring Island,British Columbia,Canada,High School,RE-V5RC-25-3291,2025-11-22,1,0,1,0,1,false
3456,28300B,Chaos Theory,Alberni District Secondary School,Port Alberni,British Columbia,Canada,High School,RE-V5RC-25-3291,2025-11-22,1,0,1,0,1,false
3457,6523B,The Bandana Bandits,Tri-City College Prep,Prescott,Arizona,United States,High School,RE-V5RC-25-2984,2025-11-22,1,0,1,0,1,false
3458,1812Z,NM-Complicatorz,North Marion High School,Aurora,Oregon,United States,High School,RE-V5RC-25-9942,2025-11-22,1,0,1,0,1,false
3459,92269S,JSAL,"Shanghai United International School, Qingpu Campus",Shanghai,Shanghai,China,High School,RE-V5RC-25-3593,2025-11-21,1,0,1,0,1,false
3460,34810A,Sentar Robotic,Basınköy Mev Koleji,İstanbul,,Türkiye,High School,RE-V5RC-25-3455,2025-11-22,1,0,1,0,1,false