rank,team,teamName,organization,city,region,country,gradeLevel,eventSku,eventDate,combined,programming,driver,maxProgramming,maxDriver,eligible
1,88825H,ROACH,Shanghai Koller Foreign Language School,Shanghai,Shanghai,China,Middle School,RE-V5RC-25-1748,2025-10-24,182,91,91,91,91,false
2,45000A,HeFei X-Free A,Hefei No.45 middle school,Hefei,Anhui,China,Middle School,RE-V5RC-25-3592,2025-11-21,180,88,92,88,92,false
3,55555A,HeFei USTC A,X.USTC,Anhui,Anhui,China,Middle School,RE-V5RC-25-3592,2025-11-21,178,84,94,84,94,false
4,90696C,Rice Brothers,Private,Fremont,California,United States,Middle School,RE-V5RC-25-0054,2025-11-23,177,86,91,86,91,false
5,1698A,Limited Edition,1698,Los Altos,California,United States,Middle School,RE-V5RC-25-0054,2025-11-23,166,84,82,84,82,false
6,1840A,Eclipse,Timberline Middle School,Redmond,Washington,United States,Middle School,RE-V5RC-25-0205,2025-11-21,161,68,93,68,93,false
7,81988W,81988w,虹口机器人社Hongkou Robotics Club,上海Shanghai,Shanghai,China,Middle School,RE-V5RC-25-3592,2025-11-21,153,75,78,75,78,false
8,44A,Last Dance,上海市世界外国语中学,上海,Shanghai,China,Middle School,RE-V5RC-25-1748,2025-10-24,149,63,86,63,86,false
9,2731P,Rainstorm VEX Team,"Qing'shao'niang, Shangcheng District, Hangzhou",Hangzhou City,Zhejiang,China,Middle School,RE-V5RC-25-0862,2025-08-22,148,68,80,69,80,false
10,1806S,Apricity,InoBotics,Mountain View,California,United States,Middle School,RE-V5RC-25-0054,2025-11-23,148,69,79,69,80,false
11,2499V,Vortex,Irvine Robotics,Irvine,California,United States,Middle School,RE-V5RC-25-1386,2025-10-11,147,72,75,72,75,false
12,55555C,X-Swordman,HF MS No.50,hefei,Anhui,China,Middle School,RE-V5RC-25-3592,2025-11-21,145,78,67,78,67,false
13,54008A,TIEYI MS-A,XIAN TIEYI MS,Xian,Shaanxi,China,Middle School,RE-V5RC-25-3771,2025-11-14,144,67,77,67,77,false
14,54009A,XIAN FULUN MS,XIAN FULUN MS,Xian,Shaanxi,China,Middle School,RE-V5RC-25-3497,2025-11-07,144,61,83,61,83,false
15,8838D,Robohawks - Amirite,ORCHARD HILLS,Irvine,California,United States,Middle School,RE-V5RC-25-1249,2025-11-16,143,67,76,67,76,false
16,1590A,Blue Army,Innovagine Robotics,Rancho Cucamonga,California,United States,Middle School,RE-V5RC-25-0054,2025-11-23,143,63,80,63,80,false
17,24580A,Inferno,AI & Robotics Youth Foundation,Irvine,California,United States,Middle School,RE-V5RC-25-0343,2025-11-08,140,67,73,67,84,false
18,15167A,SWITCH,Brighton College Vietnam,Hanoi,,Vietnam,Middle School,RE-V5RC-25-1400,2025-11-22,138,60,78,60,78,false
19,57999D,Delta,Independent,Markham,Ontario,Canada,Middle School,RE-V5RC-25-0104,2025-11-01,137,57,80,57,80,false
20,471B,Moonshot,robotics is ez,North Hollywood ,California,United States,Middle School,RE-V5RC-25-0054,2025-11-23,136,44,92,47,97,false
21,10698V,Optimus Prim3,Newton Robotics,Newton,Massachusetts,United States,Middle School,RE-V5RC-25-3009,2025-11-08,135,60,75,60,75,false
22,68699A,Driving Nuggets,Ustar STEM Lab,San Jose,California,United States,Middle School,RE-V5RC-25-0054,2025-11-23,134,65,69,65,93,false
23,33333B,X-Robo B,Hefei Luyang Garden School B,Hefei,Anhui,China,Middle School,RE-V5RC-25-3592,2025-11-21,132,75,57,75,57,false
24,17022J,Otter,Happy Robot,New Taipei City,,Taiwan,Middle School,RE-V5RC-25-0320,2025-10-25,132,65,67,65,67,false
25,8193C,Shanghai Yongchang C,Shanghai Yongchang Private School,Shanghai,Shanghai,China,Middle School,RE-V5RC-25-1748,2025-10-24,132,50,82,50,82,false
26,54845A,ArkDynamics,明日方舟科技（深圳）有限公司,深圳市,Guangdong,China,Middle School,RE-V5RC-25-1744,2025-10-03,131,63,68,63,68,false
27,13889X,ELIXIR,EDUCATION EMPOWERMENT ASIA,Diamond Bar,California,United States,Middle School,RE-V5RC-25-0205,2025-11-21,129,50,79,50,79,false
28,1677X,宁波鄞州赫德实验学校,宁波鄞州赫德实验学校,宁波,Zhejiang,China,Middle School,RE-V5RC-25-0862,2025-08-22,128,53,75,55,75,false
29,50550A,Holy Sword VEX Team,Hangzhou Jianlan Middle School,Hangzhou City,Zhejiang,China,Middle School,RE-V5RC-25-0862,2025-08-22,127,59,68,59,68,false
30,66666A,Hefei X-Nanmen A,HF NanMen Primary,Hefei,Anhui,China,Middle School,RE-V5RC-25-3497,2025-11-07,126,46,80,71,80,false
31,3150D,Double Or Nothing,Silver Owl Robotics Inc.,Richmond Hill,Ontario,Canada,Middle School,RE-V5RC-25-0205,2025-11-21,126,59,67,59,93,false
32,10012Y,Ten Ton Robotics,West Vancouver School District,West Vancouver,British Columbia,Canada,Middle School,RE-V5RC-25-2529,2025-11-22,126,41,85,41,92,false
33,10055A,HSch Attached to BUT-A,New Start Robot Activity Center,beijing,Beijing,China,Middle School,RE-V5RC-25-3092,2025-10-24,124,60,64,60,64,false
34,32288A,xk,广州市海珠区六中珠江中学（万胜围校区）,gz,Guangdong,China,Middle School,RE-V5RC-25-1744,2025-10-03,124,50,74,50,74,false
35,13701S,摸鱼队,兰州市城关区零壹科技培训学校有限公司,Lanzhou,Gansu,China,Middle School,RE-V5RC-25-3497,2025-11-07,123,42,81,42,81,false
36,85869A,The Eliminators,Garage Robotics,Folsom,California,United States,Middle School,RE-V5RC-25-0054,2025-11-23,122,48,74,48,74,false
37,19001A,19001A,万里城实验学校,上海,Shanghai,China,Middle School,RE-V5RC-25-1748,2025-10-24,121,61,60,61,60,false
38,3036A,Bad Robot Team 3036A,Bad Robot,beij,Beijing,China,Middle School,RE-V5RC-25-3092,2025-10-24,121,52,69,52,69,false
39,9568V,Voltage,RoboPlanet Education and Community Society,Richmond,British Columbia,Canada,Middle School,RE-V5RC-25-0054,2025-11-23,120,57,63,57,63,false
40,16689D,Dracobots/FireBirds,Dracobots,Portland,Oregon,United States,Middle School,RE-V5RC-25-0054,2025-11-23,120,54,66,54,73,false
41,20111A,Luck Star Team,Hangzhou Middle School,Hangzhou City,Zhejiang,China,Middle School,RE-V5RC-25-1748,2025-10-24,120,54,66,54,66,false
42,2137A,Iron Paw,The Wild Robots,Los Gatos,California,United States,Middle School,RE-V5RC-25-0054,2025-11-23,120,43,77,43,77,false
43,8223Z,Team 8223Z of Beijing No.80 Middle School,Beijing No.80 High school,Beijing,Beijing,China,Middle School,RE-V5RC-25-3129,2025-10-24,118,57,61,57,70,false
44,61X,Beijing Chenjinglun High School Jiaming Branch,Beijing Chenjinglun High School Jiaming Branch,Beijing,Beijing,China,Middle School,RE-V5RC-25-3092,2025-10-24,118,52,66,52,66,false
45,91233X,Irvine Ruiguan,Irvine  Ruiguan,Irvine,California,United States,Middle School,RE-V5RC-25-0054,2025-11-23,118,27,91,27,91,false
46,9568Z,Ctrl Z,RoboPlanet Education and Community Society,Richmond,British Columbia,Canada,Middle School,RE-V5RC-25-0680,2025-11-16,116,36,80,36,80,false
47,2773X,TIEYI MS,XIAN TIEYI MS,Xian,Shaanxi,China,Middle School,RE-V5RC-25-3497,2025-11-07,115,64,51,64,51,false
48,988K,ElectroDynamic,Unknown Club,Fuzhou,Fujian,China,Middle School,RE-V5RC-25-1744,2025-10-03,115,50,65,50,65,false
49,6210H,Halapeños,HERITAGE CHRISTIAN SCHOOL,Indianapolis,Indiana,United States,Middle School,RE-V5RC-25-0744,2025-11-15,115,36,79,36,79,false
50,2731Z,Joymate-Z,"Qing'shao'niang, Shangcheng District, Hangzhou",Hangzhou,Zhejiang,China,Middle School,RE-V5RC-25-0834,2025-08-14,114,44,70,56,70,false
51,99182E,No Way,Cupertino STEM,Cupertino,California,United States,Middle School,RE-V5RC-25-0054,2025-11-23,114,41,73,41,74,false
52,38000A,Hefei No.38 MS A,Hefei No.38 middle school,Hefei,Anhui,China,Middle School,RE-V5RC-25-3497,2025-11-07,113,63,50,63,50,false
53,88613Y,MSch Team of The HSch Aff. BNU,Middle school affiliated to Beijing Normal University,Beijing,Beijing,China,Middle School,RE-V5RC-25-3092,2025-10-24,113,45,68,45,68,false
54,3588Y,Cyber Spacers,Edubot Inc.,Torrance,California,United States,Middle School,RE-V5RC-25-0054,2025-11-23,112,41,71,41,71,false
55,10066A,Harvest,RoboRoots,University Park,Texas,United States,Middle School,RE-V5RC-25-9995,2025-11-15,111,36,75,36,75,false
56,61801X,pr0phet,兰州市城关区零壹科技培训学校有限公司,Lanzhou,Gansu,China,Middle School,RE-V5RC-25-3497,2025-11-07,110,48,62,48,62,false
57,4863A,APEX,Irving STEAM Magnet,Los Angeles,California,United States,Middle School,RE-V5RC-25-1049,2025-10-18,110,43,67,43,67,false
58,7756Y,陈经纶中学分校,Branch of Beijing Chenjinglun Middle School,Beijing,Beijing,China,Middle School,RE-V5RC-25-3092,2025-10-24,110,41,69,41,69,false
59,12998A,12998A,上海华东师范大学附属进华中学,中国上海,Shanghai,China,Middle School,RE-V5RC-25-1748,2025-10-24,109,53,56,53,58,false
60,10688V,Gravity Defiers,Private,San Jose,California,United States,Middle School,RE-V5RC-25-0054,2025-11-23,108,43,65,43,65,false
61,95070B,Redwood Robotics,Redwood PTA,Saratoga,California,United States,Middle School,RE-V5RC-25-0054,2025-11-23,108,28,80,28,80,false
62,8838B,Robohawks - Century,ORCHARD HILLS,Irvine,California,United States,Middle School,RE-V5RC-25-1249,2025-11-16,107,43,64,43,64,false
63,8193D,Shanghai Yongchang D,Shanghai Yongchang Private School,Shanghai,Shanghai,China,Middle School,RE-V5RC-25-1748,2025-10-24,107,39,68,39,68,false
64,938A,Blaze Last Minute,Blaze Robotics Academy,Bellevue,Washington,United States,Middle School,RE-V5RC-25-0054,2025-11-23,107,33,74,33,74,false
65,28F,清华大学附属中学望京学校,Tsinghua University Affiliated Middle School Wangjing School,beijing,Beijing,China,Middle School,RE-V5RC-25-3092,2025-10-24,106,49,57,49,62,false
66,2731M,Four-Leaf Clover Team,zhijiang&aoti school,Hangzhou,Zhejiang,China,Middle School,RE-V5RC-25-1748,2025-10-24,105,53,52,53,58,false
67,9537S,Cyber Cowboys S,WILLMA CAVITT JUNIOR HIGH,Granite Bay,California,United States,Middle School,RE-V5RC-25-0054,2025-11-23,105,42,63,42,63,false
68,8796S,Powerful Team,"Qing'shao'niang, Shangcheng District, Hangzhou",Hangzhou City,Zhejiang,China,Middle School,RE-V5RC-25-1748,2025-10-24,104,43,61,43,61,false
69,88825A,88825A,Shanghai Koller Foreign Language School,Shanghai,Shanghai,China,Middle School,RE-V5RC-25-0834,2025-08-14,104,40,64,40,64,false
70,78857V,Tsinglan V,Tsinglan shool,Dongguan,Guangdong,China,Middle School,RE-V5RC-25-1913,2025-11-07,103,46,57,46,57,false
71,90555A,Mechanical storm,Shanghai Minhang Xinsong Middle School,Shanghai,Shanghai,China,Middle School,RE-V5RC-25-1748,2025-10-24,103,38,65,38,65,false
72,2429A,Blockbot - Radiant,Radiant,Irvine,California,United States,Middle School,RE-V5RC-25-0205,2025-11-21,102,37,65,37,65,false
73,5218A,HAIDIAN FUTURE ACADEMY TEAM A,BEIJING HAIDIAN FUTURE ACADEMY,beijing,Beijing,China,Middle School,RE-V5RC-25-1177,2025-09-26,101,26,75,36,75,false
74,89889K,xkk,华南师范大学附属中学,gz,Guangdong,China,Middle School,RE-V5RC-25-1744,2025-10-03,101,36,65,36,65,false
75,2899A,Shooting Stars,Shooting Stars USA Corp.,Arcadia,California,United States,Middle School,RE-V5RC-25-0054,2025-11-23,100,27,73,31,73,false
76,3515X,GOGO BOBA,Irvine Robotics        ,Irvine,California,United States,Middle School,RE-V5RC-25-0816,2025-09-13,99,42,57,42,64,false
77,20850S,Skylight,AOE Robotics Club ,Rockville,Maryland,United States,Middle School,RE-V5RC-25-0154,2025-11-12,99,35,64,35,66,false
78,16610G,Good Gravy,Techblazers,Richmond Hill,Ontario,Canada,Middle School,RE-V5RC-25-0154,2025-11-12,99,34,65,34,80,false
79,2145Y,Pink Spanglee Unicorns,Pink Unicorns,Manassas,Virginia,United States,Middle School,RE-V5RC-25-0506,2025-11-08,99,24,75,24,75,false
80,886E,Excel | WPRA,Western Pacific Robotics Academy,Richmond,British Columbia,Canada,Middle School,RE-V5RC-25-2529,2025-11-22,99,20,79,20,79,false
81,99209X,Refract,1x Robotics,Manassas,Virginia,United States,Middle School,RE-V5RC-25-0154,2025-11-12,98,40,58,40,69,false
82,2211X,Islanders,Caribbean Robotics Academy,Caguas,,Puerto Rico,Middle School,RE-V5RC-25-0054,2025-11-23,98,30,68,30,68,false
83,3324Y,Supernova yikes,SCIENCE ACADEMY STEM MAGNET,North Hollywood,California,United States,Middle School,RE-V5RC-25-0285,2025-11-15,98,20,78,20,78,false
84,10012W,Ten Ton Robotics,West Vancouver School District,West Vancouver,British Columbia,Canada,Middle School,RE-V5RC-25-2529,2025-11-22,98,15,83,15,83,false
85,56668A,QIANTANG&RUANJIANYUAN&GUERSHI,QIANTANG&RUANJIANYUAN&GUERSHI,Fuzhou,Fujian,China,Middle School,RE-V5RC-25-1913,2025-11-07,97,43,54,43,54,false
86,95070A,Redwood Robotics,Redwood PTA,Saratoga,California,United States,Middle School,RE-V5RC-25-0388,2025-11-09,97,25,72,25,74,false
87,61Z,The Affiliated High School to UIBE,The Affiliated High School to UIBE,beijing,Beijing,China,Middle School,RE-V5RC-25-1177,2025-09-26,95,28,67,28,67,false
88,19091A,Smilodon,Smilodon,Palo Alto,California,United States,Middle School,RE-V5RC-25-1473,2025-11-15,95,15,80,20,80,false
89,7006E,Iron Talons,保定市第十七中学,Baoding,Hebei,China,Middle School,RE-V5RC-25-2050,2025-10-04,95,15,80,15,80,false
90,2783A,TIEYI MS,XIAN TIEYI MS,XIAN,Shaanxi,China,Middle School,RE-V5RC-25-3771,2025-11-14,94,38,56,38,56,false
91,77774X,Nexus,Madison Middle School,Madison,Mississippi,United States,Middle School,RE-V5RC-25-0205,2025-11-21,94,32,62,32,62,false
92,18569A,Beijing JiaoTong-A 交大附中,The High School Attached to Beijing Jiaotong University,beijing,Beijing,China,Middle School,RE-V5RC-25-2050,2025-10-04,94,11,83,11,83,false
93,77774Z,Zenith,Madison Middle School,Madison,Mississippi,United States,Middle School,RE-V5RC-25-0205,2025-11-21,93,32,61,32,61,false
94,2088H,Boopleanoot,Western Mechatronics Robotics Club,Calgary,Alberta,Canada,Middle School,RE-V5RC-25-1906,2025-11-22,93,23,70,23,70,false
95,5218B,BEIJING HAIDIAN FUTURE ACADEMY,BEIJING HAIDIAN FUTURE ACADEMY,Beijing,Beijing,China,Middle School,RE-V5RC-25-3092,2025-10-24,91,44,47,44,47,false
96,13765P,MTS_MAVER1CKS,Merchant Taylors' School,London,,United Kingdom,Middle School,RE-V5RC-25-0670,2025-11-22,91,30,61,30,61,false
97,13322C,simc,先锋实验室,Gz,Guangdong,China,Middle School,RE-V5RC-25-1744,2025-10-03,91,27,64,27,64,false
98,33333A,HeFei  X-Robo A,X-Robo,Hefei,Anhui,China,Middle School,RE-V5RC-25-3497,2025-11-07,90,43,47,43,47,false
99,98861A,LOTECisdera,F & W,Mckinney,Texas,United States,Middle School,RE-V5RC-25-0205,2025-11-21,90,15,75,30,75,false
100,16699Y,Overclock MS,Overclock Robotics,Flushing,New York,United States,Middle School,RE-V5RC-25-0363,2025-11-15,90,22,68,22,68,false
101,79298X,Nexus,Altona Middle School,Longmont,Colorado,United States,Middle School,RE-V5RC-25-1628,2025-11-22,89,20,69,20,69,false
102,91233A,IRVINE RUIGUAN,IRVINE RUIGUAN,Irvine,California,United States,Middle School,RE-V5RC-25-0054,2025-11-23,89,0,89,0,89,false
103,39333Y,Legacy Yummy Chicken,Legacy Magnet Academy,TUSTIN,California,United States,Middle School,RE-V5RC-25-0649,2025-11-15,88,40,48,43,48,false
104,1940B,Axis,Knox Grammar School,Wahroonga,New South Wales,Australia,Middle School,RE-V5RC-25-1957,2025-10-11,88,21,67,21,67,false
105,886R,Richmond Learns to Drive | WPRA,Western Pacific Robotics Academy,Richmond,British Columbia,Canada,Middle School,RE-V5RC-25-2572,2025-10-12,88,10,78,12,78,false
106,61B,Beijing No.19 High School,Beijing No.19 High School,Beijing,Beijing,China,Middle School,RE-V5RC-25-2050,2025-10-04,87,42,45,42,53,false
107,8192A,Shanghai Huangpu A,Shanghai Huangpu Teenagers S&T Activity Center,Shanghai,Shanghai,China,Middle School,RE-V5RC-25-1748,2025-10-24,87,28,59,28,59,false
108,4613R,Barker Redbacks,Barker College,Sydney,New South Wales,Australia,Middle School,RE-V5RC-25-2067,2025-11-09,87,15,72,15,72,false
109,1523Z,Zestfest,Steamoji Robotics,Bellevue,Washington,United States,Middle School,RE-V5RC-25-0680,2025-11-16,85,44,41,44,45,false
110,12985A,12985A,上海建平地杰中学,中国上海,Shanghai,China,Middle School,RE-V5RC-25-1748,2025-10-24,85,43,42,43,64,false
111,96140A,Clam Down,WOODCREST SCHOOL,Tarzana,California,United States,Middle School,RE-V5RC-25-0366,2025-10-18,85,30,55,30,69,false
112,47510A,MangoBot,Robotics Edge,Chandler,Arizona,United States,Middle School,RE-V5RC-25-2984,2025-11-22,85,11,74,21,74,false
113,62024A,Panda Robotics,Panda Robotics,Ho Chi Minh City,,Vietnam,Middle School,RE-V5RC-25-1400,2025-11-22,85,12,73,12,73,false
114,1677Z,宁波鄞州赫德实验学校,宁波鄞州赫德实验学校,宁波,Zhejiang,China,Middle School,RE-V5RC-25-0862,2025-08-22,84,37,47,37,47,false
115,2577X,Funky Monkeys,Monkey Business Incorporated,Birmingham,Alabama,United States,Middle School,RE-V5RC-25-0432,2025-11-08,84,20,64,28,64,false
116,12808Z,新疆生产建设兵团第二中学Z队,新疆生产建设兵团第二中学,Xinjiang,Xinjiang,China,Middle School,RE-V5RC-25-2050,2025-10-04,83,46,37,46,37,false
117,1633X,宁波市鄞州区钟公庙第二初级中学,宁波市鄞州区钟公庙第二初级中学,宁波,Zhejiang,China,Middle School,RE-V5RC-25-0862,2025-08-22,83,39,44,39,44,false
118,88825C,88825C,Shanghai Koller Foreign Language School,Shanghai,Shanghai,China,Middle School,RE-V5RC-25-1748,2025-10-24,83,30,53,30,53,false
119,20850Z,Full Throttle,AOE Robotics Club ,Rockville,Maryland,United States,Middle School,RE-V5RC-25-0154,2025-11-12,83,24,59,24,59,false
120,7481A,Penguinauts,LEAGUE CITY INT,League City,Texas,United States,Middle School,RE-V5RC-25-2095,2025-10-07,83,15,68,15,68,false
121,1523E,Synergy,Steamoji Robotics,Bellevue,Washington,United States,Middle School,RE-V5RC-25-0205,2025-11-21,82,15,67,20,69,false
122,57000U,Beijing 57 High School Team ,Beijing No57 High School,Beijing,Beijing,China,Middle School,RE-V5RC-25-3129,2025-10-24,82,12,70,15,70,false
123,222A,Best Robotics Team A,Best Robotics,北京,Beijing,China,Middle School,RE-V5RC-25-2050,2025-10-04,81,26,55,26,55,false
124,56787C,FuZhou NO.1& PingDong MS,FuZhou NO.1& PingDong MS,Fuzhou,Fujian,China,Middle School,RE-V5RC-25-1744,2025-10-03,81,25,56,25,56,false
125,52994A,52994A,杭州学军教育集团文渊实验初级学校,中国杭州,Zhejiang,China,Middle School,RE-V5RC-25-1748,2025-10-24,81,15,66,16,66,false
126,3150N,Nighthawks,Silver Owl Robotics Club,Richmond Hill,Ontario,Canada,Middle School,RE-V5RC-25-0205,2025-11-21,80,35,45,35,57,false
127,27908V,LSTS SINGULARITY,Lawrence S.Ting School,Ho Chi Minh City,,Vietnam,Middle School,RE-V5RC-25-1400,2025-11-22,80,28,52,28,52,false
128,9364X,Iron Eagles - Xtra-Fries,BRENTWOOD ACADEMY,Brentwood,Tennessee,United States,Middle School,RE-V5RC-25-0154,2025-11-12,80,20,60,20,60,false
129,8223B,Beijing No.80 Middle School 8223B,Beijing No.80 Middle School,Beijing,Beijing,China,Middle School,RE-V5RC-25-3129,2025-10-24,79,28,51,32,51,false
130,10606A,10th Gear,10th gear,San Jose,California,United States,Middle School,RE-V5RC-25-1021,2025-10-18,79,15,64,31,64,false
131,10478C,Error 404,Greig City Academy,London,,United Kingdom,Middle School,RE-V5RC-25-0670,2025-11-22,79,20,59,20,59,false
132,56789S,56789S,Fu Zhou PingShan&WuShan&QianTang,Fuzhou,Fujian,China,Middle School,RE-V5RC-25-1913,2025-11-07,79,18,61,18,61,false
133,72202Z,QSE Robotics,CENTRAL HIGH SCHOOL,Little Rock,Arkansas,United States,Middle School,RE-V5RC-25-1823,2025-11-22,79,15,64,15,64,false
134,8838C,Robohawks - Celestial,ORCHARD HILLS,Irvine,California,United States,Middle School,RE-V5RC-25-1388,2025-10-25,79,15,64,15,64,false
135,28006C,Metal Megabots,NextGen Robotics Association,Plano,Texas,United States,Middle School,RE-V5RC-25-1976,2025-11-01,78,20,58,20,65,false
136,4886B,Bepé,Thetford Academy,Thetford Center,Vermont,United States,Middle School,RE-V5RC-25-9998,2025-11-15,78,15,63,15,63,false
137,16699X,Overclock MS,Overclock Robotics,Flushing,New York,United States,Middle School,RE-V5RC-25-0363,2025-11-15,78,15,63,15,69,false
138,8192C,Shanghai Huangpu C,Shanghai Huangpu Teenagers S&T Activity Center,Shanghai,Shanghai,China,Middle School,RE-V5RC-25-1748,2025-10-24,77,35,42,35,42,false
139,1229M,Mangled Metal,Twelve Twenty Nine Robotics,Alexandria,Kentucky,United States,Middle School,RE-V5RC-25-2148,2025-11-08,77,20,57,20,57,false
140,3660X,"I mean, it works",Barton Academy for Advanced World Studies,Mobile,Alabama,United States,Middle School,RE-V5RC-25-1205,2025-09-30,77,15,62,15,62,false
141,8009Z,八一战队,北京市八一学校保定分校,Baoding,Hebei,China,Middle School,RE-V5RC-25-2050,2025-10-04,76,26,50,26,50,false
142,2674A,Leboba,Magikid Fremont,Fremont,California,United States,Middle School,RE-V5RC-25-1021,2025-10-18,76,15,61,15,61,false
143,38X,Absolute Zero,CRANBROOK SCHOOLS,Bloomfield Hills,Michigan,United States,Middle School,RE-V5RC-25-0381,2025-11-22,76,15,61,15,61,false
144,9568W,Alt-W,RoboPlanet Education and Community Society,Richmond,British Columbia,Canada,Middle School,RE-V5RC-25-0680,2025-11-16,76,15,61,15,61,false
145,673B,Silver Chariots,EAST VALLEY MIDDLE SCHOOL,Nampa,Idaho,United States,Middle School,RE-V5RC-25-0327,2025-11-07,75,26,49,26,49,false
146,1388W,重庆南开（融侨）中学校,重庆南开（融侨）中学校,Chongqingcity,Chongqing,China,Middle School,RE-V5RC-25-3771,2025-11-14,74,40,34,40,34,false
147,74100A,Ambush,Concordia Lutheran Schools of Omaha,Omaha,Nebraska,United States,Middle School,RE-V5RC-25-2882,2025-11-22,74,15,59,28,59,false
148,39333X,Legacy Xcelerate,Legacy Magnet Academy,TUSTIN,California,United States,Middle School,RE-V5RC-25-0649,2025-11-15,74,15,59,15,59,false
149,3023V,New Start Robotics Team 3023V,Nsw Start Robotics,Beijing,Beijing,China,Middle School,RE-V5RC-25-2050,2025-10-04,74,8,66,8,66,false
150,40280X,Extreme Axolotls,Axolotls Robotics,Redwood Shores,California,United States,Middle School,RE-V5RC-25-0054,2025-11-23,73,33,40,33,48,false
151,95070F,Redwood Robotics,Redwood PTA,Saratoga,California,United States,Middle School,RE-V5RC-25-0054,2025-11-23,73,16,57,26,57,false
152,1829A,Phantom,Independent,Troy,Michigan,United States,Middle School,RE-V5RC-25-0381,2025-11-22,73,20,53,20,53,false
153,9652N,Southpointe Academy,Southpointe Academy,Richmond,British Columbia,Canada,Middle School,RE-V5RC-25-0680,2025-11-16,73,20,53,20,53,false
154,61103Y,杭州狄邦文理学校,Hangzhou Dipont School of Arts and Science,Hangzhou,Zhejiang,China,Middle School,RE-V5RC-25-0862,2025-08-22,73,19,54,19,54,false
155,1840B,Singularity,Timberline Middle School,Redmond,Washington,United States,Middle School,RE-V5RC-25-2122,2025-11-22,73,15,58,15,58,false
156,56333Z,Fu Zhou No.19& PingDong MS,Fu Zhou No.19& PingDong MS,Fuzhou,Fujian,China,Middle School,RE-V5RC-25-1744,2025-10-03,73,9,64,9,64,false
157,85659A,From New York,Lindfield Learning Village,Lindfield,New South Wales,Australia,Middle School,RE-V5RC-25-2099,2025-10-18,72,33,39,33,39,false
158,63544B,TKA Robotics,The King's Academy,West Palm Beach,Florida,United States,Middle School,RE-V5RC-25-1986,2025-11-08,72,28,44,28,44,false
159,23456V,机甲王Mecha King,Fuzhou No. 10 Middle School Create Future Robot,Fuzhou,Fujian,China,Middle School,RE-V5RC-25-1744,2025-10-03,72,22,50,22,50,false
160,10012X,Ten Ton Robotics,West Vancouver School District,West Vancouver,British Columbia,Canada,Middle School,RE-V5RC-25-2529,2025-11-22,72,20,52,20,52,false
161,886T,WPRA,Western Pacific Robotics Academy,Richmond,British Columbia,Canada,Middle School,RE-V5RC-25-0146,2025-08-29,72,13,59,15,59,false
162,8501A,Bullet,Nan Hua High School,Singapore,,Singapore,Middle School,RE-V5RC-25-0371,2025-11-01,71,20,51,20,54,false
163,98868A,突破点,江西师范大学附属中学滨江校区,南昌,Jiangxi,China,Middle School,RE-V5RC-25-3497,2025-11-07,71,15,56,17,56,false
164,2783B,TIEYI MS,XIAN TIEYI MS,Xian,Shaanxi,China,Middle School,RE-V5RC-25-3771,2025-11-14,71,14,57,14,57,false
165,673F,Angry Apes,EAST VALLEY MIDDLE SCHOOL,Nampa,Idaho,United States,Middle School,RE-V5RC-25-0327,2025-11-07,70,29,41,29,41,false
166,673G,Waffle Warriors,East Valley Middle School,Nampa,Idaho,United States,Middle School,RE-V5RC-25-0327,2025-11-07,70,20,50,20,50,false
167,2566C,Big Shaq,Dulwich College Shanghai Pudong,Shanghai,Shanghai,China,Middle School,RE-V5RC-25-0373,2025-07-17,70,17,53,17,53,false
168,90677A,Omg,上海市市西初级中学,上海,Shanghai,China,Middle School,RE-V5RC-25-0834,2025-08-14,70,17,53,17,53,false
169,17711V,Vector,Independent,Sutton,,United Kingdom,Middle School,RE-V5RC-25-9988,2025-11-22,70,15,55,15,57,false
170,2982A,AVERAGE INTELLIGENCE,Robotfun Academy,Wellesley Hills,Massachusetts,United States,Middle School,RE-V5RC-25-9990,2025-11-23,70,0,70,0,70,false
171,10702Y,Andromeda Apes,Galaxy Robotics,Austin,Texas,United States,Middle School,RE-V5RC-25-0205,2025-11-21,69,23,46,23,46,false
172,29599V,ChongqingNanKai Liangjiang Secondary School,ChongqingNanKai Liangjiang Secondary School,重庆市,Chongqing,China,Middle School,RE-V5RC-25-3771,2025-11-14,69,20,49,20,49,false
173,886M,WPRA,Western Pacific Robotics Academy,Richmond,British Columbia,Canada,Middle School,RE-V5RC-25-2529,2025-11-22,69,20,49,20,49,false
174,13322A,sim,先锋实验室,gz,Guangdong,China,Middle School,RE-V5RC-25-1913,2025-11-07,69,18,51,18,51,false
175,96789S,Mecha Force,Mililani Mechs Robotics,Mililani,Hawaii,United States,Middle School,RE-V5RC-25-2038,2025-11-22,69,15,54,15,54,false
176,13322G,Smile,先锋实验室,Gz,Guangdong,China,Middle School,RE-V5RC-25-1913,2025-11-07,68,28,40,28,40,false
177,8860C,Uber Eats,Hudsonville Robotics - Baldwin MS,Hudsonville,Michigan,United States,Middle School,RE-V5RC-25-2283,2025-11-24,68,23,45,24,45,false
178,2982B,Bagarre Bears,Robotfun Academy,Wellesley Hills,Massachusetts,United States,Middle School,RE-V5RC-25-1516,2025-11-08,68,5,63,15,63,false
179,93601A,Reheated Polar Monkeys,Shore,North Sydney,New South Wales,Australia,Middle School,RE-V5RC-25-2067,2025-11-09,68,0,68,15,68,false
180,29777A,Eclipse Pulse,上海市曹杨二中学附属学校,上海,Shanghai,China,Middle School,RE-V5RC-25-1748,2025-10-24,67,18,49,32,49,false
181,71666B,Qi Yi B队,Beijing Qi Yi Primary School,北京市,Beijing,China,Middle School,RE-V5RC-25-3092,2025-10-24,67,32,35,32,35,false
182,7700H,Rolling Robots Humuhumunukunukuapua,Rolling Robots,Rolling Hills Estates,California,United States,Middle School,RE-V5RC-25-0285,2025-11-15,67,23,44,23,51,false
183,11337A,Marist College Eastwood,Marist College Eastwood,Eastwood,New South Wales,Australia,Middle School,RE-V5RC-25-2067,2025-11-09,67,15,52,15,52,false
184,14273B,ZZH&LYH,QongWolf Studio,foshan,Guangdong,China,Middle School,RE-V5RC-25-1913,2025-11-07,67,6,61,6,61,false
185,16688A,Blue See 123,Vexkan Robotics Club,Calgary,Alberta,Canada,Middle School,RE-V5RC-25-1906,2025-11-22,67,0,67,0,67,false
186,62024N,Panda Robotics,Panda Robotics,Ho Chi Minh City,,Vietnam,Middle School,RE-V5RC-25-1400,2025-11-22,67,0,67,0,67,false
187,20850V,Octobots ,AOE Robotics Club ,Rockville,Maryland,United States,Middle School,RE-V5RC-25-0506,2025-11-08,66,24,42,24,42,false
188,77774W,Fusion,Madison Middle School,Madison,Mississippi,United States,Middle School,RE-V5RC-25-0205,2025-11-21,65,17,48,21,48,false
189,62345A,Brookbotics,Cranbrook School,Sydney,New South Wales,Australia,Middle School,RE-V5RC-25-2067,2025-11-09,65,20,45,20,45,false
190,52508A,Short Circuits,Short Circuits Robotics Club,Oakland,California,United States,Middle School,RE-V5RC-25-0054,2025-11-23,65,20,45,20,45,false
191,2055X,Red Pandas,Mi3L School,Oakville,Ontario,Canada,Middle School,RE-V5RC-25-2246,2025-11-15,65,15,50,15,50,false
192,9258X,UK Ruiguan Team 9258X,RuiGuan UK,Malvern,,United Kingdom,Middle School,RE-V5RC-25-9988,2025-11-22,65,13,52,13,52,false
193,65100F,65100F,"Pymble Ladies College, Sydney, Australia",Sydney,New South Wales,Australia,Middle School,RE-V5RC-25-0841,2025-08-27,64,27,37,27,38,false
194,29566V,Chongqing Bashu Middle School Spanner Team,Chongqing Bashu Middle School,Chongqing,Chongqing,China,Middle School,RE-V5RC-25-3771,2025-11-14,64,23,41,23,41,false
195,65100G,Gerf,"Pymble Ladies College, Sydney, Australia",Sydney,New South Wales,Australia,Middle School,RE-V5RC-25-2067,2025-11-09,64,15,49,15,49,false
196,79298F,Fusion,Altona Middle School,Longmont,Colorado,United States,Middle School,RE-V5RC-25-0997,2025-11-15,64,15,49,15,49,false
197,12181C,LUNAR,IBSH-Curious Robotics,Hsinchu City,,Taiwan,Middle School,RE-V5RC-25-0320,2025-10-25,64,15,49,15,49,false
198,2731Y,The Lightning Team,小手宇宙机器人,Hangzhou,Zhejiang,China,Middle School,RE-V5RC-25-1748,2025-10-24,64,0,64,0,64,false
199,70888A,梅园A队,Nanjing Kelihua Middle School,Nanjing,Jiangsu,China,Middle School,RE-V5RC-25-3592,2025-11-21,63,31,32,31,32,false
200,1028Y,The Botfather,Brownell Talbot College Preparatory School,Omaha,Nebraska,United States,Middle School,RE-V5RC-25-0438,2025-10-25,63,20,43,20,43,false
201,57152B,Blackout,CABOT JUNIOR HIGH NORTH,Cabot,Arkansas,United States,Middle School,RE-V5RC-25-0135,2025-11-15,63,20,43,20,43,false
202,40994E,Obsidian Outlaws,Dr. Phinnize J. Fisher Middle School,Greenville,South Carolina,United States,Middle School,RE-V5RC-25-0154,2025-11-12,63,15,48,15,48,false
203,6842A,Apollo,PARK TUDOR SCHOOL,Indianapolis,Indiana,United States,Middle School,RE-V5RC-25-1082,2025-11-01,63,15,48,15,48,false
204,28111Z,GZZJ-Bumblebee,Guangzhou Baiyun Zhujiang Experimental School,GuangZhou,Guangdong,China,Middle School,RE-V5RC-25-1177,2025-09-26,63,7,56,7,56,false
205,3866F,▰ 1 ▰,Curious X-Lab,Hsinchu City,,Taiwan,Middle School,RE-V5RC-25-0320,2025-10-25,63,5,58,5,58,false
206,2052D,shine,vex学苑苏州人民路校区,Suzhou,Jiangsu,China,Middle School,RE-V5RC-25-3592,2025-11-21,63,2,61,2,61,false
207,24500D,CCRMS Lions,RAVENSWOOD MIDDLE,East Palo Alto,California,United States,Middle School,RE-V5RC-25-1460,2025-11-08,62,29,33,29,33,false
208,65100K,Velocity,"Pymble Ladies College, Sydney, Australia",Sydney,New South Wales,Australia,Middle School,RE-V5RC-25-2210,2025-10-26,62,20,42,20,42,false
209,2088K,Shockwave,Western Mechatronics Robotics Club,Calgary,Alberta,Canada,Middle School,RE-V5RC-25-1906,2025-11-22,62,15,47,15,47,false
210,10093A,10093A,上海闵行区德闳学校,上海,Shanghai,China,Middle School,RE-V5RC-25-3592,2025-11-21,62,6,56,11,56,false
211,462V,Wolverines,HARVARD-WESTLAKE,Los Angeles,California,United States,Middle School,RE-V5RC-25-0054,2025-11-23,62,0,62,0,62,false
212,4613G,Barker Greenbacks,Barker College,Sydney,New South Wales,Australia,Middle School,RE-V5RC-25-2067,2025-11-09,61,28,33,28,40,false
213,7481F,Surge,LEAGUE CITY INT,League City,Texas,United States,Middle School,RE-V5RC-25-1234,2025-11-08,61,15,46,25,46,false
214,34835Z,Colon Closing Parenthesis,THE GIRLS MIDDLE SCHOOL,Palo Alto,California,United States,Middle School,RE-V5RC-25-1473,2025-11-15,61,20,41,22,41,false
215,16689X,Dracobots/Toothless,Dracobots,Portland,Oregon,United States,Middle School,RE-V5RC-25-0054,2025-11-23,61,14,47,14,47,false
216,521A,HG STEAM LAB-Team 521A,HG STEAM LAB,beijing,Beijing,China,Middle School,RE-V5RC-25-3092,2025-10-24,61,6,55,6,55,false
217,8889C,98%,Numberosity Academy,Lexington,Massachusetts,United States,Middle School,RE-V5RC-25-2145,2025-10-25,60,20,40,20,44,false
218,51191B,Dino Nuggies,Level Up Robots,Lawrence,Kansas,United States,Middle School,RE-V5RC-25-0579,2025-10-25,60,20,40,20,40,false
219,4613N,Barker Nitrobacks,Barker College,Sydney,New South Wales,Australia,Middle School,RE-V5RC-25-2067,2025-11-09,60,15,45,15,45,false
220,88613R,88613R,Middle school affiliated to Beijing Normal University,Beijing,Beijing,China,Middle School,RE-V5RC-25-0641,2025-07-29,60,15,45,15,45,false
221,8192B,Shanghai Huangpu B,Shanghai Huangpu Teenagers S&T Activity Center,Shanghai,Shanghai,China,Middle School,RE-V5RC-25-1748,2025-10-24,60,0,60,0,60,false
222,3996M,杭州竞创教育-M,杭州竞创教育科技有限公司,杭州,Zhejiang,China,Middle School,RE-V5RC-25-0862,2025-08-22,59,20,39,20,39,false
223,95070X,Redwood Robotics,Redwood PTA,Saratoga,California,United States,Middle School,RE-V5RC-25-0113,2025-10-12,59,19,40,19,40,false
224,12466A,Lucky Koi,DALIAN GEZHI MIDDLE SCHOOL,Dalian,Liaoning,China,Middle School,RE-V5RC-25-2050,2025-10-04,59,18,41,18,41,false
225,16689S,Dracobots/Symmetric,Dracobots,Portland,Oregon,United States,Middle School,RE-V5RC-25-0054,2025-11-23,59,17,42,17,42,false
226,57000G,Beijing 57 High School Team 1,Beijing 57 High School,Beijing,Beijing,China,Middle School,RE-V5RC-25-3129,2025-10-24,59,15,44,15,44,false
227,7225G,Southland Gearbots,Southland Middle School,Adams,Minnesota,United States,Middle School,RE-V5RC-25-9919,2025-11-15,59,15,44,15,44,false
228,15486E,Vexalicious,VISTA SCHOOL,Ivins,Utah,United States,Middle School,RE-V5RC-25-0566,2025-10-25,59,15,44,15,44,false
229,76412H,Robo-Jackets,HENRY SCOTT MIDDLE,Denison,Texas,United States,Middle School,RE-V5RC-25-0197,2025-11-22,59,15,44,15,44,false
230,13777X,Power-Drive,Power-Drive,MILPITAS,California,United States,Middle School,RE-V5RC-25-1473,2025-11-15,58,27,31,27,31,false
231,56888H,Fuzhou Pingdong MS,Fuzhou Pingdong MS,Fuzhou,Fujian,China,Middle School,RE-V5RC-25-1744,2025-10-03,58,23,35,23,40,false
232,886N,WPRA,Western Pacific Robotics Academy,Richmond,British Columbia,Canada,Middle School,RE-V5RC-25-2572,2025-10-12,58,20,38,20,38,false
233,1831C,King's Team Charlie,The King's School,North Parramatta,New South Wales,Australia,Middle School,RE-V5RC-25-3206,2025-10-24,58,15,43,15,43,false
234,4613Y,Barker Greybacks,Barker College,Sydney,New South Wales,Australia,Middle School,RE-V5RC-25-1876,2025-09-27,58,15,43,15,43,false
235,70123A,九初A队,NANJING No.9 JUNIOR HIGH SCHOOL,Nanjing,Jiangsu,China,Middle School,RE-V5RC-25-3592,2025-11-21,58,15,43,15,43,false
236,11088A,Sunrise,上海新华初级中学,上海,Shanghai,China,Middle School,RE-V5RC-25-0862,2025-08-22,57,29,28,29,28,false
237,41120A,Legendary Pickles,ZANESVILLE MIDDLE SCHOOL,Zanesville,Ohio,United States,Middle School,RE-V5RC-25-0882,2025-11-22,57,20,37,20,37,false
238,3477D,The Tax Collecters,St Andrews Christian College,Wantirna South,Victoria,Australia,Middle School,RE-V5RC-25-0034,2025-11-15,57,15,42,15,42,false
239,15383K,Double Park,TWGHs Yau Tze Tin Memorial College,New Territories,,Hong Kong,Middle School,RE-V5RC-25-0139,2025-11-22,57,15,42,15,45,false
240,10039C,奇迹行者,Dehong International Chinese School,上海,Shanghai,China,Middle School,RE-V5RC-25-0834,2025-08-14,57,15,42,15,42,false
241,52766A,The Da Vincis 2.0,SABIN MIDDLE SCHOOL,Colorado Springs,Colorado,United States,Middle School,RE-V5RC-25-0997,2025-11-15,57,15,42,15,42,false
242,14911A,Ares MK-11,Independent team,Fremont,California,United States,Middle School,RE-V5RC-25-0054,2025-11-23,57,6,51,6,51,false
243,8193B,Shanghai Yongchang B,Shanghai Yongchang Private School,Shanghai,Shanghai,China,Middle School,RE-V5RC-25-1748,2025-10-24,57,5,52,5,52,false
244,3590A,Hawaiian Kids,WAIALUA HIGH & INTERMEDIATE SCHOOL,Waialua,Hawaii,United States,Middle School,RE-V5RC-25-0675,2025-10-25,57,4,53,4,53,false
245,54010A,Puck On Wheels,Cyberadelphia,Newtown Square,Pennsylvania,United States,Middle School,RE-V5RC-25-0154,2025-11-12,57,0,57,0,57,false
246,886X,WPRA,Western Pacific Robotics Academy,Richmond,British Columbia,Canada,Middle School,RE-V5RC-25-2529,2025-11-22,57,0,57,0,57,false
247,12366A,梦幻黑马,DALIAN DONGGANG NO.1 MIDDLE SCHOOL,Dalian,Liaoning,China,Middle School,RE-V5RC-25-0834,2025-08-14,56,10,46,20,46,false
248,7756A,陈分VRC机器人一队,Branch of Beijing Chen Jinglun Middle School,Beijing,Beijing,China,Middle School,RE-V5RC-25-3092,2025-10-24,56,20,36,20,36,false
249,3324Z,Supernova Circuit BreakerZ,SCIENCE ACADEMY STEM MAGNET,North Hollywood,California,United States,Middle School,RE-V5RC-25-0285,2025-11-15,56,20,36,20,36,false
250,82391B,The Engineering Barbies,TROY MIDDLE,Troy,Missouri,United States,Middle School,RE-V5RC-25-2182,2025-11-22,56,15,41,17,41,false
251,79298Z,Impact,Altona Middle School,Longmont,Colorado,United States,Middle School,RE-V5RC-25-2582,2025-11-08,56,15,41,15,41,false
252,26003A,Lil' George,SHERRARD MIDDLE SCHOOL,Wheeling,West Virginia,United States,Middle School,RE-V5RC-25-1854,2025-11-08,56,15,41,15,41,false
253,58399A,Velocity Vortex,Velocity Vortex,Wayland,Massachusetts,United States,Middle School,RE-V5RC-25-0126,2025-11-08,56,13,43,13,51,false
254,1806V,OLYMPUS,InoBotics,Mountain View,California,United States,Middle School,RE-V5RC-25-1473,2025-11-15,56,8,48,8,48,false
255,9651A,Hopes and Dreams,Upper Canada College,Toronto,Ontario,Canada,Middle School,RE-V5RC-25-0071,2025-11-04,56,6,50,6,50,false
256,95070D,Redwood Robotics,Redwood PTA,Saratoga,California,United States,Middle School,RE-V5RC-25-0123,2025-11-01,55,20,35,20,35,false
257,491C,91' Chevrolet Camaro RS,PIONEER JR-SR HIGH SCHOOL,Royal Center,Indiana,United States,Middle School,RE-V5RC-25-1978,2025-11-15,55,20,35,20,35,false
258,95070C,Redwood Robotics,Redwood PTA,Saratoga,California,United States,Middle School,RE-V5RC-25-0054,2025-11-23,55,0,55,20,55,false
259,7977A,成都高新区实验小学一队,Chengdu Gaoxin Experimental School,Chengdu,Sichuan,China,Middle School,RE-V5RC-25-0373,2025-07-17,55,20,35,20,35,false
260,3333D,Los Pollos Hermanos,Notre Dame Prep,Pontiac,Michigan,United States,Middle School,RE-V5RC-25-0644,2025-10-02,55,20,35,20,35,false
261,74162D,The Goonies,BLUE RIDGE MIDDLE SCHOOL,Blue Ridge,Texas,United States,Middle School,RE-V5RC-25-2014,2025-11-21,55,20,35,20,35,false
262,106D,Dum-Dums,Excel-Robotic Lab LLC,University Park,Texas,United States,Middle School,RE-V5RC-25-2014,2025-11-21,55,20,35,20,35,false
263,467A,467A,WEST MIDDLE SCHOOL,Nampa,Idaho,United States,Middle School,RE-V5RC-25-2517,2025-11-22,55,16,39,16,39,false
264,51191D,Angry Birdz,Level Up Robots,Lawrence,Kansas,United States,Middle School,RE-V5RC-25-0579,2025-10-25,55,15,40,15,40,false
265,52766G,Hog Riders,SABIN MIDDLE SCHOOL,Colorado Springs,Colorado,United States,Middle School,RE-V5RC-25-0997,2025-11-15,55,15,40,15,40,false
266,252A,And I Wonder,I Wonder Nexus,Richmond Hill,Ontario,Canada,Middle School,RE-V5RC-25-0205,2025-11-21,55,6,49,15,49,false
267,2568Z,Porta-Botz! Zoinks!,Portage Middle School,Portage,Indiana,United States,Middle School,RE-V5RC-25-1856,2025-11-08,55,15,40,15,40,false
268,10018A,The AffiliatedHigh School of Peking University — A,The Affiliated High School of Peking University,beijing,Beijing,China,Middle School,RE-V5RC-25-2050,2025-10-04,55,7,48,7,48,false
269,16689R,Dracobots/V=(RC)²,Dracobots,Portland,Oregon,United States,Middle School,RE-V5RC-25-0054,2025-11-23,55,6,49,6,49,false
270,62628A,Energy Sprout,Energy Sprout,Gilbert,Arizona,United States,Middle School,RE-V5RC-25-0270,2025-11-15,55,5,50,5,50,false
271,71030X,PNP-X,PNP studio,Guangzhou,Guangdong,China,Middle School,RE-V5RC-25-0373,2025-07-17,55,0,55,5,55,false
272,17888B,SDFZ-MS-B,江西师大附中,Nanchang,Jiangxi,China,Middle School,RE-V5RC-25-1177,2025-09-26,55,0,55,4,55,false
273,9791C,WalshBots - Cheese and Quackers,WALSH MIDDLE SCHOOL,Framingham,Massachusetts,United States,Middle School,RE-V5RC-25-9990,2025-11-23,54,20,34,20,34,false
274,27908T,LSTS LSTX,Lawrence S.Ting School,Ho Chi Minh City,,Vietnam,Middle School,RE-V5RC-25-1400,2025-11-22,54,20,34,20,34,false
275,74177E,Electric Surge,PINECREST ACADEMY OF NEVADA SLOAN CANYON,Henderson,Nevada,United States,Middle School,RE-V5RC-25-1270,2025-11-15,54,15,39,15,39,false
276,7686V,Vitality,Tiger Robotics (Harrisburg School District),Harrisburg,South Dakota,United States,Middle School,RE-V5RC-25-0610,2025-10-25,54,15,39,15,39,false
277,6706A,6706A,洋泾菊园实验学校,Shanghai,Shanghai,China,Middle School,RE-V5RC-25-1748,2025-10-24,54,15,39,15,39,false
278,13766H,Xiamen Yingcai School&Songbai Middle School team,Xiamen Yingcai School & Xiamen Songbai Middle School team,Xiamen,Fujian,China,Middle School,RE-V5RC-25-1913,2025-11-07,54,7,47,7,47,false
279,2822D,Spartan Design Disneys,STAUFFER (MARY R.) MIDDLE,Downey,California,United States,Middle School,RE-V5RC-25-0771,2025-10-11,54,0,54,4,54,false
280,1140X,Discobots,XM Robotics,Toronto,Ontario,Canada,Middle School,RE-V5RC-25-0250,2025-11-22,53,20,33,20,33,false
281,34835Y,QBot,THE GIRLS MIDDLE SCHOOL,Palo Alto,California,United States,Middle School,RE-V5RC-25-1473,2025-11-15,53,18,35,18,35,false
282,7700E,Rolling Robots Electric Eels,Rolling Robots ,Rolling Hills Estates,California,United States,Middle School,RE-V5RC-25-0649,2025-11-15,53,15,38,15,38,false
283,73805G,The Goofy Goobers,GERMANTOWN MIDDLE SCHOOL,Madison,Mississippi,United States,Middle School,RE-V5RC-25-1105,2025-11-08,53,0,53,0,53,false
284,3082A,SSBS Team A,Shanghai Starriver Bilingual School,shanghai,Shanghai,China,Middle School,RE-V5RC-25-1748,2025-10-24,53,0,53,0,53,false
285,3996W,天元公学-W,杭州竞创教育科技有限公司,杭州,Zhejiang,China,Middle School,RE-V5RC-25-0862,2025-08-22,52,16,36,16,36,false
286,33249A,Alpha and Omega,BOB JONES ACADEMY MIDDLE SCHOOL,Greenville,South Carolina,United States,Middle School,RE-V5RC-25-0501,2025-10-25,52,15,37,15,37,false
287,4613B,Barker Bluebacks,Barker College,Sydney,New South Wales,Australia,Middle School,RE-V5RC-25-1876,2025-09-27,52,15,37,15,37,false
288,1806Y,Catalyst,InoBotics,Mountain View,California,United States,Middle School,RE-V5RC-25-1472,2025-10-25,52,8,44,8,49,false
289,2838A,Kopter Pros,Red house,Palo Alto,California,United States,Middle School,RE-V5RC-25-1021,2025-10-18,51,20,31,20,48,false
290,457D,Asteroid Destroyer,JENISON JUNIOR HIGH SCHOOL,Jenison,Michigan,United States,Middle School,RE-V5RC-25-2224,2025-11-15,51,20,31,20,31,false
291,26003S,Clankers,SHERRARD MIDDLE SCHOOL,Wheeling,West Virginia,United States,Middle School,RE-V5RC-25-1854,2025-11-08,51,18,33,18,33,false
292,7481E,Eclipse,LEAGUE CITY INT,League City,Texas,United States,Middle School,RE-V5RC-25-0205,2025-11-21,51,15,36,15,36,false
293,2067Y,LinAn YuCai-Y,青山湖科技城育才学校,杭州市,Zhejiang,China,Middle School,RE-V5RC-25-0862,2025-08-22,51,0,51,0,51,false
294,69414X,All 'N',ANNIE CAMP JR. HIGH SCHOOL,Jonesboro,Arkansas,United States,Middle School,RE-V5RC-25-1447,2025-11-08,50,25,25,25,25,false
295,65100C,Pymble Potatoes,"Pymble Ladies College, Sydney, Australia",Sydney,New South Wales,Australia,Middle School,RE-V5RC-25-1876,2025-09-27,50,20,30,20,34,false
296,3333Z,The Z Men,Notre Dame Prep,Pontiac,Michigan,United States,Middle School,RE-V5RC-25-1231,2025-11-01,50,20,30,20,30,false
297,1831M,King's Team Mike,The King's School,North Parramatta,New South Wales,Australia,Middle School,RE-V5RC-25-2067,2025-11-09,50,15,35,15,35,false
298,57666T,北京市第五十七中学T队,Beijing No57 High School,北京,Beijing,China,Middle School,RE-V5RC-25-3129,2025-10-24,50,15,35,15,35,false
299,68689V,Ixekizumab,BP STEM Academy,Baldwin Park,California,United States,Middle School,RE-V5RC-25-1418,2025-10-04,50,15,35,15,35,false
300,2390A,Nautical Nuts,Nebo Robotics,Columbus,Indiana,United States,Middle School,RE-V5RC-25-0738,2025-11-08,50,15,35,15,35,false
301,38A,Shredder,CRANBROOK SCHOOLS,Bloomfield Hills,Michigan,United States,Middle School,RE-V5RC-25-0644,2025-10-02,50,15,35,15,35,false
302,6403X,The Minions,BROOKSIDE MIDDLE SCHOOL,Sheffield Village,Ohio,United States,Middle School,RE-V5RC-25-0882,2025-11-22,50,15,35,15,35,false
303,67411T,Tactical Error,Hodges Private Team,Cumming,Georgia,United States,Middle School,RE-V5RC-25-1373,2025-11-22,50,11,39,11,39,false
304,2608J,BISZ-AJ,深圳贝赛思国际学校,深圳,Guangdong,China,Middle School,RE-V5RC-25-1913,2025-11-07,50,2,48,2,48,false
305,46846C,Poppy and Pals,Gordonstoun School,Elgin,,United Kingdom,Middle School,RE-V5RC-25-0779,2025-11-25,49,15,34,15,34,false
306,65292D,Loose Chain,Central Middle School,Bartlesville,Oklahoma,United States,Middle School,RE-V5RC-25-0478,2025-10-25,49,10,39,10,39,false
307,10052X,HSch Attached to BUT-X,High School Attached to Beijing University of Technology,beijing,Beijing,China,Middle School,RE-V5RC-25-2050,2025-10-04,49,0,49,0,49,false
308,3116E,Team Control Freaks - 3 Amigos,The John Warner School,Hoddesdon,,United Kingdom,Middle School,RE-V5RC-25-2783,2025-10-27,48,20,28,20,28,false
309,63331A,Ryde Secondary,Ryde Secondary College,Ryde,New South Wales,Australia,Middle School,RE-V5RC-25-1957,2025-10-11,48,0,48,15,48,false
310,40994C,Metal Gear,Dr. Phinnize J. Fisher Middle School,Greenville,South Carolina,United States,Middle School,RE-V5RC-25-0088,2025-11-08,48,3,45,3,45,false
311,1281B,TBD - Radiant,Radiant Robot,Arcadia,California,United States,Middle School,RE-V5RC-25-0343,2025-11-08,48,0,48,0,48,false
312,1831S,King's Team Sierra,The King's School,North Parramatta,New South Wales,Australia,Middle School,RE-V5RC-25-2067,2025-11-09,47,15,32,15,33,false
313,3028Y,Owlbots,TAG IN PLEASANT GROVE,Dallas,Texas,United States,Middle School,RE-V5RC-25-0197,2025-11-22,47,15,32,15,32,false
314,9123Z,Shanghai RuiGuan Team 9123Z,ShangHai RuiGuan Robotics Activity Center,Shanghai,Shanghai,China,Middle School,RE-V5RC-25-0862,2025-08-22,47,7,40,7,40,false
315,66991A,极速火箭,Future Leader Robot Club,Beijing,Beijing,China,Middle School,RE-V5RC-25-0641,2025-07-29,47,4,43,4,43,false
316,2088U,Uranium-237/238,Western Mechatronics Robotics Club,Calgary,Alberta,Canada,Middle School,RE-V5RC-25-1906,2025-11-22,47,2,45,2,45,false
317,7830A,ACP Noble Knights,Arizona College Prep Middle School,Chandler,Arizona,United States,Middle School,RE-V5RC-25-0270,2025-11-15,46,20,26,20,26,false
318,21352A,Vexterminator,Tointon Academy of Pre-Engineering,Greeley,Colorado,United States,Middle School,RE-V5RC-25-1628,2025-11-22,46,20,26,20,26,false
319,74162C,Circuit Surfers,BLUE RIDGE MIDDLE SCHOOL,Blue Ridge,Texas,United States,Middle School,RE-V5RC-25-2014,2025-11-21,46,20,26,20,26,false
320,24523A,JAMS - Team A,JOHN ADAMS MIDDLE SCHOOL,Charleston,West Virginia,United States,Middle School,RE-V5RC-25-1503,2025-10-10,46,16,30,16,30,false
321,51191C,Keps Nut Consumers,Level Up Robots,Lawrence,Kansas,United States,Middle School,RE-V5RC-25-2161,2025-11-23,46,15,31,15,31,false
322,39116Z,Team East Z,东城区青少年科技馆,Beijing,Beijing,China,Middle School,RE-V5RC-25-3129,2025-10-24,46,2,44,2,44,false
323,56520Y,FuZhou PingDong& GuLouShiYan&Foreign Language MS,FuZhou PingDong& GuLouShiYan&Foreign Language MS,Fuzhou,Fujian,China,Middle School,RE-V5RC-25-0373,2025-07-17,46,0,46,0,46,false
324,82222W,广州市天河区少年宫,广州市天河区少年宫,广州,Guangdong,China,Middle School,RE-V5RC-25-1913,2025-11-07,46,0,46,0,46,false
325,18000G,Iron Patriots,Sullivan East Middle School,Bluff City,Tennessee,United States,Middle School,RE-V5RC-25-0213,2025-10-25,45,20,25,20,25,false
326,8686D,Dynamic Dinos,SEVIER MIDDLE,Greenville,South Carolina,United States,Middle School,RE-V5RC-25-0050,2025-10-18,45,20,25,20,25,false
327,13000E,704,GRANDVILLE MIDDLE SCHOOL,Grandville,Michigan,United States,Middle School,RE-V5RC-25-3070,2025-10-27,45,20,25,20,25,false
328,540B,Appleby,Appleby College,Oakville,Ontario,Canada,Middle School,RE-V5RC-25-0071,2025-11-04,45,20,25,20,25,false
329,14287B,Freedom Robots,DU PONT MIDDLE SCHOOL,Belle,West Virginia,United States,Middle School,RE-V5RC-25-1505,2025-11-21,45,20,25,20,25,false
330,24500C,CCRMS Lions,RAVENSWOOD MIDDLE,East Palo Alto,California,United States,Middle School,RE-V5RC-25-1460,2025-11-08,45,16,29,16,29,false
331,462S,Wolverines,HARVARD-WESTLAKE SCHOOL,Los Angeles,California,United States,Middle School,RE-V5RC-25-0343,2025-11-08,45,15,30,15,30,false
332,13002B,Chaos Controllers,GRANDVILLE MIDDLE SCHOOL,Grandville,Michigan,United States,Middle School,RE-V5RC-25-1739,2025-11-04,45,15,30,15,30,false
333,8778Z,YOLO McSwagon,PLATTE CITY MIDDLE,Platte City,Missouri,United States,Middle School,RE-V5RC-25-2182,2025-11-22,45,15,30,15,30,false
334,8686R,Reapers,SEVIER MIDDLE,Greenville,South Carolina,United States,Middle School,RE-V5RC-25-0501,2025-10-25,45,15,30,15,30,false
335,7314A,Rolling Robots - The Seven Pies,Rolling Robots,Pasadena,California,United States,Middle School,RE-V5RC-25-0285,2025-11-15,45,15,30,15,30,false
336,19539C,北京师范大学第二附属中学,北京师范大学第二附属中学,北京,Beijing,China,Middle School,RE-V5RC-25-0641,2025-07-29,45,0,45,0,45,false
337,8796A,Joymate-VEX,小手宇宙机器人,Hangzhou City,Zhejiang,China,Middle School,RE-V5RC-25-1748,2025-10-24,45,0,45,0,45,false
338,81819C,The Mechanical Oratrice,Innovac Makerspace,Singapore,,Singapore,Middle School,RE-V5RC-25-0371,2025-11-01,45,0,45,0,45,false
339,1028K,Locked In,Brownell Talbot College Preparatory School,Omaha,Nebraska,United States,Middle School,RE-V5RC-25-2882,2025-11-22,45,0,45,0,45,false
340,71666A,Qi Yi A队,Beijing Qi Yi Primary School,Beijing,Beijing,China,Middle School,RE-V5RC-25-3092,2025-10-24,44,44,0,44,0,false
341,95070E,Redwood Robotics,Redwood PTA,Saratoga,California,United States,Middle School,RE-V5RC-25-1021,2025-10-18,44,18,26,18,26,false
342,8778W,Dodos,Platte City Middle School,Platte City,Missouri,United States,Middle School,RE-V5RC-25-2182,2025-11-22,44,15,29,15,29,false
343,98548P,The Problem,Bear River High School,Garland,Utah,United States,Middle School,RE-V5RC-25-0581,2025-11-08,44,15,29,15,29,false
344,79338B,Convader Bots,Westchester Middle School,Chesterton,Indiana,United States,Middle School,RE-V5RC-25-1978,2025-11-15,44,15,29,15,29,false
345,98548S,Saber,Bear River High School,Garland,Utah,United States,Middle School,RE-V5RC-25-1483,2025-11-15,44,15,29,15,29,false
346,61103Z,杭州狄邦文理学校,Hangzhou Dipont School of Arts and Science,Hangzhou,Zhejiang,China,Middle School,RE-V5RC-25-0862,2025-08-22,44,8,36,8,36,false
347,13755X,Xiamen Songbai Middle School,Xiamen Lianhua Middle School & Xiamen Gongxue Affiliated School & Xiamen Songbai No.2 Primary School,Xiamen,Fujian,China,Middle School,RE-V5RC-25-1913,2025-11-07,44,6,38,6,38,false
348,57711A,Aluminum,Alchemy Global STEM Institute,White Pine,Tennessee,United States,Middle School,RE-V5RC-25-0154,2025-11-12,44,5,39,5,39,false
349,1704K,杭州玩物星球STEAM俱乐部-K,玩物星球STEAM俱乐部,杭州,Zhejiang,China,Middle School,RE-V5RC-25-0862,2025-08-22,44,1,43,1,43,false
350,61542P,Techno Trash Pandas,Robo Dojo,Franklin,Tennessee,United States,Middle School,RE-V5RC-25-0154,2025-11-12,44,1,43,1,43,false
351,99269X,Monster,清藤志学苑,合肥市,Anhui,China,Middle School,RE-V5RC-25-1177,2025-09-26,44,0,44,0,44,false
352,70123C,九初C队,Nanjing No.9 Junior High School,Nanjing,Jiangsu,China,Middle School,RE-V5RC-25-3592,2025-11-21,43,17,26,17,26,false
353,65100M,Goosey Woosey,"Pymble Ladies College, Sydney, Australia",Sydney,New South Wales,Australia,Middle School,RE-V5RC-25-1972,2025-10-25,43,15,28,15,28,false
354,84260C,RipTide,Cabot High School,Cabot,Arkansas,United States,Middle School,RE-V5RC-25-0135,2025-11-15,43,15,28,15,28,false
355,2088S,Shenanigans,Western Mechatronics Robotics Club,Calgary,Alberta,Canada,Middle School,RE-V5RC-25-1906,2025-11-22,43,15,28,15,28,false
356,18700A,CTRL + ALT + Defeat,TRINITY ACADEMY,Wichita,Kansas,United States,Middle School,RE-V5RC-25-2573,2025-11-22,43,15,28,15,28,false
357,75477C,Lethal Supercell,St John's Grammar School,Belair,South Australia,Australia,Middle School,RE-V5RC-25-1728,2025-11-10,43,15,28,15,29,false
358,41103S,Special Ops,Pedare Christian College,Golden Grove,South Australia,Australia,Middle School,RE-V5RC-25-1728,2025-11-10,43,15,28,15,28,false
359,857V,NE TIGER,XIN ZUO BIAO,Changchun,Jilin,China,Middle School,RE-V5RC-25-2050,2025-10-04,43,6,37,6,37,false
360,7899G,Rolling Robots - Raptors,Rolling Robots,Irvine,California,United States,Middle School,RE-V5RC-25-0816,2025-09-13,43,0,43,5,43,false
361,30518C,Cooked,NORTH GWINNETT MIDDLE SCHOOL,Sugar Hill,Georgia,United States,Middle School,RE-V5RC-25-1373,2025-11-22,43,0,43,0,43,false
362,10022X,Tsinghua International School -Team 10022X,Tsinghua International School,beijing,Beijing,China,Middle School,RE-V5RC-25-2050,2025-10-04,43,0,43,0,43,false
363,55555B,X-Swordman,HF MS No.50,hefei,Anhui,China,Middle School,RE-V5RC-25-3592,2025-11-21,42,42,0,42,0,false
364,30518D,Pixel Mechanics,NORTH GWINNETT MIDDLE SCHOOL,Sugar Hill,Georgia,United States,Middle School,RE-V5RC-25-1373,2025-11-22,42,20,22,20,23,false
365,20850C,Lucky Cats,AOE Robotics Club ,Rockville,Maryland,United States,Middle School,RE-V5RC-25-0154,2025-11-12,42,17,25,17,30,false
366,6390B,BF1,HIGHLAND MIDDLE SCHOOL,Marengo,Ohio,United States,Middle School,RE-V5RC-25-1243,2025-11-06,42,15,27,15,27,false
367,9537A,Cyber Cowboys,WILLMA CAVITT JUNIOR HIGH,Granite Bay,California,United States,Middle School,RE-V5RC-25-0123,2025-11-01,42,15,27,15,27,false
368,20785Z,Zenith,Queen Elizabeth's School,London,,United Kingdom,Middle School,RE-V5RC-25-2783,2025-10-27,42,15,27,15,27,false
369,2036Z,Papa Tango,WILBUR MIDDLE SCHOOL,Wichita,Kansas,United States,Middle School,RE-V5RC-25-2573,2025-11-22,42,15,27,15,32,false
370,38678A,Artificially Intelligent,St Pius X Middle School,Edgewood,Kentucky,United States,Middle School,RE-V5RC-25-2148,2025-11-08,42,15,27,15,27,false
371,8871A,High Velocity,WALTER JOHNSON JUNIOR HIGH SCHOOL ACADEMY OF INTERNATIONAL S,Las  Vegas,Nevada,United States,Middle School,RE-V5RC-25-1270,2025-11-15,42,15,27,15,27,false
372,9039A,Quackshot,BrandywineBOTS,Wilmington,Delaware,United States,Middle School,RE-V5RC-25-0157,2025-10-09,42,15,27,15,35,false
373,1365Z,Spartabots,East Ridge Middle School,Clermont,Florida,United States,Middle School,RE-V5RC-25-2382,2025-11-15,42,15,27,15,27,false
374,90471B,Sundevils B,Tierra Del Sol Middle School,Lakeside,California,United States,Middle School,RE-V5RC-25-1026,2025-11-15,42,15,27,15,27,false
375,11112W,The Commitments,夸克科学,Haikou,Hainan,China,Middle School,RE-V5RC-25-1913,2025-11-07,42,11,31,11,31,false
376,99232B,Dao,QongWolf Studio,Foshan,Guangdong,China,Middle School,RE-V5RC-25-1913,2025-11-07,42,5,37,5,37,false
377,3668A,Sentient Robotics Club - Max Energy,Macau Artificial Intelligence Education Center,Macau,,Macau,Middle School,RE-V5RC-25-0576,2025-10-31,42,3,39,3,39,false
378,80088A,DFD-A,Dongfengdong Road Primary School,Guangzhou,Guangdong,China,Middle School,RE-V5RC-25-1913,2025-11-07,42,3,39,3,39,false
379,94198A,94198A,上海市进才中学北校,Shanghai,Shanghai,China,Middle School,RE-V5RC-25-1748,2025-10-24,42,1,41,1,41,false
380,61103N,杭州狄邦文理学校,Hangzhou Dipont School of Arts and Science,Hangzhou,Zhejiang,China,Middle School,RE-V5RC-25-0862,2025-08-22,42,0,42,0,42,false
381,11112S,Thunderbolts,夸克科学,Haikou,Hainan,China,Middle School,RE-V5RC-25-1913,2025-11-07,42,0,42,0,42,false
382,8076H,handsome fivesome,Hwa Chong Institution,Singapore,,Singapore,Middle School,RE-V5RC-25-1037,2025-11-19,42,0,42,0,42,false
383,1831P,King's Team Papa,The King's School,North Parramatta,New South Wales,Australia,Middle School,RE-V5RC-25-3206,2025-10-24,41,20,21,20,25,false
384,79419N,Golden Turtles,Carey Baptist College,Perth,Western Australia,Australia,Middle School,RE-V5RC-25-1218,2025-10-17,41,17,24,17,24,false
385,1831F,King's Team Foxtrot,The King's School,North Parramatta,New South Wales,Australia,Middle School,RE-V5RC-25-1876,2025-09-27,41,15,26,15,26,false
386,52305B,Corvex Corax,BELLE PLAINE MIDDLE,Belle Plaine,Kansas,United States,Middle School,RE-V5RC-25-0580,2025-11-15,41,15,26,15,26,false
387,7830K,ACP Noble Knights,Arizona College Prep Middle School,Chandler,Arizona,United States,Middle School,RE-V5RC-25-0270,2025-11-15,41,15,26,15,26,false
388,77360M,Onalaska77360M,ONALASKA JR/SR HIGH,Onalaska,Texas,United States,Middle School,RE-V5RC-25-0205,2025-11-21,41,15,26,15,26,false
389,41000A,Derfus The Whale Shark and W.E.C.T.,GRANDVILLE MIDDLE SCHOOL,Grandville,Michigan,United States,Middle School,RE-V5RC-25-2224,2025-11-15,41,15,26,15,26,false
390,9185B,Banana Boys,BELLEFONTAINE MIDDLE SCHOOL,Bellefontaine,Ohio,United States,Middle School,RE-V5RC-25-9959,2025-11-15,41,15,26,15,26,false
391,7481C,Rodeo,LEAGUE CITY INT,League City,Texas,United States,Middle School,RE-V5RC-25-1028,2025-10-25,41,15,26,15,26,false
392,66722Y,Operation Yeti,Hartselle Junior High School,Hartselle,Alabama,United States,Middle School,RE-V5RC-25-0154,2025-11-12,41,15,26,15,26,false
393,3303H,Dublin Robotics Hubble,Robolabs Fremont,Dublin,California,United States,Middle School,RE-V5RC-25-1021,2025-10-18,41,15,26,15,26,false
394,9749D,XAB235,Wood River Middle School,Hailey,Idaho,United States,Middle School,RE-V5RC-25-0327,2025-11-07,41,15,26,15,29,false
395,77774Y,Malicious Intent,Madison Middle School,Madison,Mississippi,United States,Middle School,RE-V5RC-25-1105,2025-11-08,41,15,26,15,26,false
396,1067B,OPS - Mangos con Tajin,Nathan Hale Middle School,Omaha,Nebraska,United States,Middle School,RE-V5RC-25-0046,2025-11-15,41,15,26,15,26,false
397,9773C,Phaze,The Lab Robotics,Harrisburg,North Carolina,United States,Middle School,RE-V5RC-25-0050,2025-10-18,41,11,30,11,30,false
398,3359B,Team 2 of Hangzhou Entel Foreign Language School,Hangzhou Entel Foreign Language School,Hangzhou,Zhejiang,China,Middle School,RE-V5RC-25-0373,2025-07-17,41,6,35,6,39,false
399,1468A,1468A,1468A,Fremont,California,United States,Middle School,RE-V5RC-25-0054,2025-11-23,41,4,37,4,37,false
400,56788W,FuZhou PingDong&WenBo,FuZhou PingDong&WenBo MS,Fuzhou,Fujian,China,Middle School,RE-V5RC-25-0373,2025-07-17,41,0,41,0,41,false
401,26003R,Rubber Duckies,SHERRARD MIDDLE SCHOOL,Wheeling,West Virginia,United States,Middle School,RE-V5RC-25-1854,2025-11-08,40,20,20,20,20,false
402,46131M,The red tomatoes,Barker College,Sydney,New South Wales,Australia,Middle School,RE-V5RC-25-1959,2025-09-04,40,15,25,15,25,false
403,23301Z,Hi-Tech LionZ,CHRIST CHAPEL ACADEMY,Woodbridge,Virginia,United States,Middle School,RE-V5RC-25-9935,2025-10-25,40,15,25,15,25,false
404,7830C,ACP Noble Knights,Arizona College Prep Middle School,Chandler,Arizona,United States,Middle School,RE-V5RC-25-0270,2025-11-15,40,15,25,15,25,false
405,65100N,Niminiminions,"Pymble Ladies College, Sydney, Australia",Sydney,New South Wales,Australia,Middle School,RE-V5RC-25-0679,2025-09-06,40,15,25,15,25,false
406,4613W,Dumplings,Barker College,Sydney,New South Wales,Australia,Middle School,RE-V5RC-25-1959,2025-09-04,40,15,25,15,25,false
407,20785R,Rogue,Queen Elizabeth's School,London,,United Kingdom,Middle School,RE-V5RC-25-9988,2025-11-22,40,15,25,15,25,false
408,65100H,Night Fury,"Pymble Ladies College, Sydney, Australia",Sydney,New South Wales,Australia,Middle School,RE-V5RC-25-2210,2025-10-26,40,15,25,15,25,false
409,1940D,1940D,Knox Grammar School,Wahroonga,New South Wales,Australia,Middle School,RE-V5RC-25-3206,2025-10-24,40,15,25,15,25,false
410,216B,The N3rds,Grandville Middle School,Grandville,Michigan,United States,Middle School,RE-V5RC-25-1441,2025-11-08,40,15,25,15,25,false
411,2036G,LEFTOVERS,WILBUR MIDDLE SCHOOL,Wichita,Kansas,United States,Middle School,RE-V5RC-25-2573,2025-11-22,40,15,25,15,25,false
412,8686B,Bricks,SEVIER MIDDLE,Greenville,South Carolina,United States,Middle School,RE-V5RC-25-0796,2025-11-01,40,15,25,15,25,false
413,8686A,The Aces,SEVIER MIDDLE,Greenville,South Carolina,United States,Middle School,RE-V5RC-25-0796,2025-11-01,40,15,25,15,25,false
414,25918E,Made In Metal,Christa Mcauliffe Academy,Wichita,Kansas,United States,Middle School,RE-V5RC-25-2573,2025-11-22,40,15,25,15,25,false
415,8153C,I Say Banana,Hudsonville Robotics - Riley MS,Hudsonville,Michigan,United States,Middle School,RE-V5RC-25-2283,2025-11-24,40,15,25,15,25,false
416,61187F,AR: Dex Force 1,ALLENDALE MIDDLE SCHOOL,Allendale,Michigan,United States,Middle School,RE-V5RC-25-1441,2025-11-08,40,15,25,15,25,false
417,27301X,Interstellar,Waianae Intermediate School,Waianae,Hawaii,United States,Middle School,RE-V5RC-25-2405,2025-11-15,40,15,25,15,25,false
418,2822A,Spartan Design Leonidas,Stauffer (Mary. R.) Middle School,Downey,California,United States,Middle School,RE-V5RC-25-0366,2025-10-18,40,15,25,15,25,false
419,66722D,Dead Batteries,Hartselle Junior High School,Hartselle,Alabama,United States,Middle School,RE-V5RC-25-2149,2025-11-19,40,15,25,15,25,false
420,13000G,702,GRANDVILLE MIDDLE SCHOOL,Grandville,Michigan,United States,Middle School,RE-V5RC-25-3070,2025-10-27,40,15,25,15,25,false
421,4911E,Ting Tang Walla Walla Bing Bang,Robo-Tech Zone of Michiana,Dowagiac,Michigan,United States,Middle School,RE-V5RC-25-0380,2025-11-15,40,15,25,15,28,false
422,3407R,Redemption,Tustin Area Robotics,Tustin,California,United States,Middle School,RE-V5RC-25-0816,2025-09-13,40,15,25,15,25,false
423,46846W,Wonky,Gordonstoun School,Elgin,,United Kingdom,Middle School,RE-V5RC-25-0073,2025-10-11,40,15,25,15,25,false
424,4613A,Astro-Mechs,Barker College,Sydney,New South Wales,Australia,Middle School,RE-V5RC-25-1959,2025-09-04,40,15,25,15,25,false
425,13765V,MTS_1NNOVA,Merchant Taylors' School,London,,United Kingdom,Middle School,RE-V5RC-25-2990,2025-11-08,40,15,25,15,25,false
426,78877B,Scrappers B,Platte Purchase Middle School,Kansas City,Missouri,United States,Middle School,RE-V5RC-25-0144,2025-11-06,40,15,25,15,25,false
427,587Z,Zingbotz,LINCOLN JUNIOR HIGH SCHOOL,Plymouth,Indiana,United States,Middle School,RE-V5RC-25-1978,2025-11-15,40,15,25,15,25,false
428,77360G,Middlecat1,ONALASKA JR/SR HIGH,Onalaska,Texas,United States,Middle School,RE-V5RC-25-0205,2025-11-21,40,15,25,15,25,false
429,938M,Blaze MegaByte,Blaze Robotics Academy,Bellevue,Washington,United States,Middle School,RE-V5RC-25-0205,2025-11-21,40,15,25,15,25,false
430,1304X,American Eagle Robotics,American Eagle Robotics ,Derby,Kansas,United States,Middle School,RE-V5RC-25-2573,2025-11-22,40,15,25,15,25,false
431,16811K,16811K,北京佰立森教育科技有限公司,北京,Beijing,China,Middle School,RE-V5RC-25-2050,2025-10-04,40,4,36,4,36,false
432,4813A,BattleCats,Taipei American School - Middle School,Taipei,,Taiwan,Middle School,RE-V5RC-25-0320,2025-10-25,40,0,40,0,40,false
433,32025A,低调的黑客,温州森马协和学校,温州,Zhejiang,China,Middle School,RE-V5RC-25-3592,2025-11-21,40,0,40,0,40,false
434,71117X,Changping No.1 High School. Beijing,北京市昌平区第一中学,昌平区,Beijing,China,Middle School,RE-V5RC-25-0641,2025-07-29,40,0,40,0,40,false
435,29457X,St Chris Icicles,St Christopher School,Letchworth,,United Kingdom,Middle School,RE-V5RC-25-0625,2025-09-27,39,15,24,15,24,false
436,1060Z,OPS - Win+Z,ALICE BUFFETT MAGNET MIDDLE SCHOOL,Omaha,Nebraska,United States,Middle School,RE-V5RC-25-0438,2025-10-25,39,15,24,15,24,false
437,3477B,Potato Parmigianas,St Andrews Christian College,Wantirna South,Victoria,Australia,Middle School,RE-V5RC-25-0034,2025-11-15,39,15,24,15,30,false
438,8778X,X-Men,Platte City Middle School,Platte City,Missouri,United States,Middle School,RE-V5RC-25-2182,2025-11-22,39,15,24,15,24,false
439,26003B,Cinnamon Toast Crunchers,SHERRARD MIDDLE SCHOOL,Wheeling,West Virginia,United States,Middle School,RE-V5RC-25-0804,2025-11-01,39,15,24,15,24,false
440,4613P,Barker Pinkbacks,Barker College,Sydney,New South Wales,Australia,Middle School,RE-V5RC-25-1959,2025-09-04,39,15,24,15,24,false
441,68678M,HAPPY HIPPO,Fancy Robotics International,Taipei,,Taiwan,Middle School,RE-V5RC-25-0320,2025-10-25,39,4,35,4,35,false
442,4863F,Fabrikatorz,Irving STEAM Magnet,Los Angeles,California,United States,Middle School,RE-V5RC-25-0343,2025-11-08,39,3,36,3,36,false
443,66991B,烈焰风暴,Future Leader Robot Club,Beijing,Beijing,China,Middle School,RE-V5RC-25-0641,2025-07-29,39,2,37,2,37,false
444,295P,PART P [Phish],Placer Robotics (PART),Roseville,California,United States,Middle School,RE-V5RC-25-0123,2025-11-01,39,0,39,0,39,false
445,33123A,Mars Style 123A,火星派科技(北京)有限公司,北京市,Beijing,China,Middle School,RE-V5RC-25-3092,2025-10-24,39,0,39,0,39,false
446,11270A,◕CSAA◕ Angus Beef,CSAAFuture,Markham,Ontario,Canada,Middle School,RE-V5RC-25-2570,2025-11-22,39,0,39,0,39,false
447,8193A,Shanghai Yongchang  A,Shanghai Yongchang Private School,Shanghai,Shanghai,China,Middle School,RE-V5RC-25-1748,2025-10-24,38,23,15,23,15,false
448,18204G,SCS Gold,Stockdale Christian School,Bakersfield,California,United States,Middle School,RE-V5RC-25-9931,2025-10-25,38,20,18,20,26,false
449,50316Z,VRCJR,COMMODORE JOHN RODGERS ELEMENTARY/MIDDLE,Baltimore,Maryland,United States,Middle School,RE-V5RC-25-0892,2025-10-25,38,15,23,15,23,false
450,13000D,Kachow!,GRANDVILLE MIDDLE SCHOOL,Grandville,Michigan,United States,Middle School,RE-V5RC-25-2283,2025-11-24,38,15,23,15,23,false
451,51191E,Wired Warriors,Level Up Robots,Lawrence,Kansas,United States,Middle School,RE-V5RC-25-2161,2025-11-23,38,15,23,15,23,false
452,739G,Senior Dum Dums,Kimball Secondary,Kimball,Minnesota,United States,Middle School,RE-V5RC-25-0745,2025-10-21,38,15,23,15,30,false
453,10301B,The American Assembly Line,DOTY MIDDLE,Downey,California,United States,Middle School,RE-V5RC-25-1418,2025-10-04,38,15,23,15,34,false
454,35016T,(AERO) The Legends,ARAB JUNIOR HIGH SCHOOL,Arab,Alabama,United States,Middle School,RE-V5RC-25-0154,2025-11-12,38,7,31,15,32,false
455,61542X,Robo Dojo,Robo Dojo,Franklin,Tennessee,United States,Middle School,RE-V5RC-25-0572,2025-10-03,38,15,23,15,23,false
456,65292B,Ctrl+Alt+Elite,Central Middle School,Bartlesville,Oklahoma,United States,Middle School,RE-V5RC-25-0478,2025-10-25,38,15,23,15,23,false
457,938N,Blaze Nightmare,Blaze Robotics Academy,Bellevue,Washington,United States,Middle School,RE-V5RC-25-0144,2025-11-06,38,15,23,15,23,false
458,93333G,新哲文院机器人社团,新哲文院ROBOT CLUB,深圳,Guangdong,China,Middle School,RE-V5RC-25-1913,2025-11-07,38,13,25,13,25,false
459,3303W,Dublin Robotics Wyvern,Dublin Robotics Club,Dublin,California,United States,Middle School,RE-V5RC-25-1460,2025-11-08,38,3,35,3,35,false
460,18186Y,QZ-S,Guangzhou No.7 Middle School,Guangzhou,Guangdong,China,Middle School,RE-V5RC-25-0373,2025-07-17,38,2,36,2,36,false
461,3150Y,Why?,Silver Owl Robotics Inc.,Richmond Hill,Ontario,Canada,Middle School,RE-V5RC-25-0205,2025-11-21,38,1,37,1,37,false
462,16610C,Iced Tea,Techblazers,Richmond Hill,Ontario,Canada,Middle School,RE-V5RC-25-0104,2025-11-01,38,0,38,0,38,false
463,74801A,No Limits,Westwood,Gainesville,Florida,United States,Middle School,RE-V5RC-25-1563,2025-11-08,38,0,38,0,38,false
464,71610X,X-Factor,GORDON PARKS ACADEMY,Wichita,Kansas,United States,Middle School,RE-V5RC-25-0579,2025-10-25,37,15,22,15,22,false
465,216A,Forklift Certified,Grandville Middle School,Grandville,Michigan,United States,Middle School,RE-V5RC-25-1739,2025-11-04,37,15,22,15,22,false
466,216D,Cube^3,Grandville Middle School,Grandville,Michigan,United States,Middle School,RE-V5RC-25-1739,2025-11-04,37,15,22,15,26,false
467,61526C,ST Therese Robotics,ST THERESE SCHOOL,Kansas City,Missouri,United States,Middle School,RE-V5RC-25-2182,2025-11-22,37,15,22,15,22,false
468,938D,Blaze Dynamite,Blaze Robotics Academy,Bellevue,Washington,United States,Middle School,RE-V5RC-25-0800,2025-11-01,37,15,22,15,22,false
469,13000A,The 3 Swifties and an Accidental,GRANDVILLE MIDDLE SCHOOL,Grandville,Michigan,United States,Middle School,RE-V5RC-25-2224,2025-11-15,37,15,22,15,22,false
470,9568Y,→Mischief←,RoboPlanet Education and Community Society,Richmond,British Columbia,Canada,Middle School,RE-V5RC-25-0680,2025-11-16,37,15,22,15,22,false
471,1831J,King's Team Juliett,The King's School,North Parramatta,New South Wales,Australia,Middle School,RE-V5RC-25-2210,2025-10-26,37,15,22,15,27,false
472,50075A,Phantom,OAK HILL HIGH SCHOOL,Converse,Indiana,United States,Middle School,RE-V5RC-25-1769,2025-10-25,37,15,22,15,22,false
473,83686C,Nutty Buddies,SOUTH MIDDLE SCHOOL,Nampa,Idaho,United States,Middle School,RE-V5RC-25-0327,2025-11-07,37,15,22,15,22,false
474,26003X,Cap'n Crunchers,SHERRARD MIDDLE SCHOOL,Wheeling,West Virginia,United States,Middle School,RE-V5RC-25-1854,2025-11-08,37,15,22,15,22,false
475,79298C,Circuit Breakers,Altona Middle School,Longmont,Colorado,United States,Middle School,RE-V5RC-25-0997,2025-11-15,37,15,22,15,22,false
476,39333W,Legacy Wavebreakers,Legacy Magnet Academy,TUSTIN,California,United States,Middle School,RE-V5RC-25-0649,2025-11-15,37,15,22,15,22,false
477,28666F,Shenzhen Middle School F Team,Shenzhen Middle School,深圳,Guangdong,China,Middle School,RE-V5RC-25-1744,2025-10-03,37,0,37,0,37,false
478,74074E,Eclipse,Pioneer Robotics,Stillwater,Oklahoma,United States,Middle School,RE-V5RC-25-0144,2025-11-06,37,0,37,0,37,false
479,4815C,CPC TEAM C,WEO CHANG PUI CHUNG MEMORIAL SCHOOL,Hong Kong,,Hong Kong,Middle School,RE-V5RC-25-0139,2025-11-22,37,0,37,0,37,false
480,30207C,Cool Cats,THE ALTAMONT SCHOOL,Birmingham,Alabama,United States,Middle School,RE-V5RC-25-1645,2025-10-25,36,20,16,20,18,false
481,938J,Blaze Gearforce,Blaze Robotics Academy,Bellevue,Washington,United States,Middle School,RE-V5RC-25-0800,2025-11-01,36,15,21,15,21,false
482,46131C,Barker Bees,Barker College,Sydney,New South Wales,Australia,Middle School,RE-V5RC-25-1959,2025-09-04,36,15,21,15,21,false
483,46131W,Mint Choc Chip,Barker College,Sydney,New South Wales,Australia,Middle School,RE-V5RC-25-1959,2025-09-04,36,15,21,15,21,false
484,4613M,Mech Masters,Barker College,Sydney,New South Wales,Australia,Middle School,RE-V5RC-25-1959,2025-09-04,36,15,21,15,21,false
485,8686C,Cream Puffs,SEVIER MIDDLE,Greenville,South Carolina,United States,Middle School,RE-V5RC-25-0796,2025-11-01,36,15,21,15,21,false
486,88454C,Damage Report,FAITH Homeschool Co-op,Elizabethtown,Kentucky,United States,Middle School,RE-V5RC-25-2148,2025-11-08,36,15,21,15,21,false
487,1831H,King's Team Hotel,The King's School,North Parramatta,New South Wales,Australia,Middle School,RE-V5RC-25-1876,2025-09-27,36,15,21,15,21,false
488,7830N,ACP Noble Knights,Arizona College Prep Middle School,Chandler,Arizona,United States,Middle School,RE-V5RC-25-0270,2025-11-15,36,15,21,15,21,false
489,98548R,Irrelevant,Bear River High School,Garland,Utah,United States,Middle School,RE-V5RC-25-1483,2025-11-15,36,15,21,15,21,false
490,8778Y,The Autobots,PLATTE CITY MIDDLE,Platte City,Missouri,United States,Middle School,RE-V5RC-25-2182,2025-11-22,36,15,21,15,21,false
491,79298T,Titanium,Altona Middle School,Longmont,Colorado,United States,Middle School,RE-V5RC-25-2582,2025-11-08,36,15,21,15,21,false
492,9749A,MOTORCYCLES GO VROOM,Wood River Middle School,Hailey,Idaho,United States,Middle School,RE-V5RC-25-0327,2025-11-07,36,15,21,15,25,false
493,462A,Wolverines,HARVARD-WESTLAKE,Los Angeles,California,United States,Middle School,RE-V5RC-25-0285,2025-11-15,36,15,21,15,22,false
494,46131R,Gray ham,Barker College,Sydney,New South Wales,Australia,Middle School,RE-V5RC-25-1959,2025-09-04,36,15,21,15,21,false
495,50298Z,Gear Busterz,Mapleton Middle School,Ashland,Ohio,United States,Middle School,RE-V5RC-25-1669,2025-10-25,36,15,21,15,21,false
496,71300A,The Krabby Patties,Lied Middle School,Las Vegas,Nevada,United States,Middle School,RE-V5RC-25-1270,2025-11-15,36,15,21,15,21,false
497,7481B,Super B,LEAGUE CITY INT,League City,Texas,United States,Middle School,RE-V5RC-25-2095,2025-10-07,36,15,21,15,21,false
498,3028G,Ladybots,TAG IN PLEASANT GROVE,Dallas,Texas,United States,Middle School,RE-V5RC-25-0197,2025-11-22,36,15,21,15,21,false
499,27908S,LSTS JESKO,Lawrence S.Ting School,Ho Chi Minh City,,Vietnam,Middle School,RE-V5RC-25-1400,2025-11-22,36,15,21,15,21,false
500,10902B,极酷清附二队,极酷创客基地,郑州,Henan,China,Middle School,RE-V5RC-25-3497,2025-11-07,36,3,33,3,33,false
501,10036H,BEIJING INTERNATIONAL BILINGUAL ACADEMY Team H,Haiga International Bilingual School,beijing,Beijing,China,Middle School,RE-V5RC-25-3092,2025-10-24,36,0,36,0,36,false
502,60304V,长春市南湖实验中学,长春市南湖实验中学,长春市,Jilin,China,Middle School,RE-V5RC-25-2050,2025-10-04,36,0,36,0,36,false
503,7635A,7635A,鞍山初级中学,Shanghai,Shanghai,China,Middle School,RE-V5RC-25-1748,2025-10-24,35,21,14,21,14,false
504,39702D,New Hope Robotics,New Hope Robotics,Columbus,Mississippi,United States,Middle School,RE-V5RC-25-1105,2025-11-08,35,20,15,20,15,false
505,663P,Papa's Pepperoni Pizza Extra Pepper,CHATTANOOGA CHRISTIAN SCHOOL,Chattanooga,Tennessee,United States,Middle School,RE-V5RC-25-0281,2025-10-10,35,20,15,20,15,false
506,4810B,Blackout,NORTH UNION MIDDLE SCHOOL,Richwood,Ohio,United States,Middle School,RE-V5RC-25-9959,2025-11-15,35,15,20,15,20,false
507,5770A,Gadget Girls,Baltimore Leadership School For Young Women,Baltimore,Maryland,United States,Middle School,RE-V5RC-25-0892,2025-10-25,35,15,20,15,20,false
508,11850X,NLCS_Enigma,North London Collegiate School,London,,United Kingdom,Middle School,RE-V5RC-25-9988,2025-11-22,35,15,20,15,20,false
509,65100D,cxs,"Pymble Ladies College, Sydney, Australia",Sydney,New South Wales,Australia,Middle School,RE-V5RC-25-1957,2025-10-11,35,15,20,15,20,false
510,4233X,The Unknowns,Scott County Middle School,Georgetown,Kentucky,United States,Middle School,RE-V5RC-25-2148,2025-11-08,35,15,20,15,20,false
511,1831B,King's Team Bravo,The King's School,North Parramatta,New South Wales,Australia,Middle School,RE-V5RC-25-1957,2025-10-11,35,15,20,15,20,false
512,83A,Eagle Engineering MS Alpha,CHAMINADE COLLEGE PREPARATORY MIDDLE SCHOOL,Chatsworth,California,United States,Middle School,RE-V5RC-25-0983,2025-10-18,35,15,20,15,20,false
513,67282A,The Mediocre Mechanics,WATSON JUNIOR HIGH SCHOOL,Colorado Springs,Colorado,United States,Middle School,RE-V5RC-25-1058,2025-10-18,35,15,20,15,20,false
514,11850Y,NLCS_Vexalters,North London Collegiate School,London,,United Kingdom,Middle School,RE-V5RC-25-2990,2025-11-08,35,15,20,15,20,false
515,1262C,OPS - Imperial Engineers,Bluestem Middle School,Omaha,Nebraska,United States,Middle School,RE-V5RC-25-0144,2025-11-06,35,15,20,15,21,false
516,2822C,Spartan Design Capabaras,STAUFFER (MARY R.) MIDDLE,Downey,California,United States,Middle School,RE-V5RC-25-0366,2025-10-18,35,15,20,15,20,false
517,28727A,Pink Panthers,CHRIST THE REDEEMER CATHOLIC SCHOOL,Houston,Texas,United States,Middle School,RE-V5RC-25-2263,2025-11-22,35,15,20,15,20,false
518,4810C,Camaraderie Queens,NORTH UNION MIDDLE SCHOOL,Richwood,Ohio,United States,Middle School,RE-V5RC-25-9959,2025-11-15,35,15,20,15,20,false
519,44654C,Robo Rizzards,WEST HOLMES MIDDLE SCHOOL,Millersburg,Ohio,United States,Middle School,RE-V5RC-25-9960,2025-11-14,35,15,20,15,20,false
520,457A,Larger Than Average Seals,JENISON JUNIOR HIGH SCHOOL,Jenison,Michigan,United States,Middle School,RE-V5RC-25-2224,2025-11-15,35,15,20,15,20,false
521,99888A,Cooel_Spiders,Cooel_Spiders,Kelmscott,Western Australia,Australia,Middle School,RE-V5RC-25-1218,2025-10-17,35,15,20,15,20,false
522,14671B,Techimmanuel,Immanuel College,Adelaide,South Australia,Australia,Middle School,RE-V5RC-25-1137,2025-10-18,35,15,20,15,20,false
523,46131B,The Scooby Bots,Barker College,Sydney,New South Wales,Australia,Middle School,RE-V5RC-25-1959,2025-09-04,35,15,20,15,20,false
524,13000P,601,GRANDVILLE MIDDLE SCHOOL,Grandville,Michigan,United States,Middle School,RE-V5RC-25-3070,2025-10-27,35,15,20,15,20,false
525,80550X,ARRK,WINDSOR CHARTER ACADEMY MIDDLE AND EARLY COLLEGE H,Windsor,Colorado,United States,Middle School,RE-V5RC-25-1210,2025-11-01,35,15,20,15,20,false
526,26003Y,Loose Screws,SHERRARD MIDDLE SCHOOL,Wheeling,West Virginia,United States,Middle School,RE-V5RC-25-1854,2025-11-08,35,15,20,15,20,false
527,1365V,Spartabots,East Ridge Middle School,Clermont,Florida,United States,Middle School,RE-V5RC-25-2382,2025-11-15,35,15,20,15,20,false
528,38000B,Hefei X-Personality B,Hefei No.38 middle school,Hefei,Anhui,China,Middle School,RE-V5RC-25-0373,2025-07-17,35,5,30,5,30,false
529,10175G,BASIS International School Shenzhen,BASIS International School Shenzhen,Shenzhen,Guangdong,China,Middle School,RE-V5RC-25-1913,2025-11-07,35,4,31,4,31,false
530,462Z,Wolverines,HARVARD-WESTLAKE,Los Angeles,California,United States,Middle School,RE-V5RC-25-0343,2025-11-08,35,2,33,2,33,false
531,19011A,ACE,万里城实验学校,上海,Shanghai,China,Middle School,RE-V5RC-25-3592,2025-11-21,35,0,35,0,35,false
532,10301A,Rainstorm,DOTY MIDDLE,Downey,California,United States,Middle School,RE-V5RC-25-1418,2025-10-04,35,0,35,0,35,false
533,17002B,Shenzhen FLPS-2,Shenzhen Foreign Language Primary School,Shenzhen,Guangdong,China,Middle School,RE-V5RC-25-1913,2025-11-07,35,0,35,0,35,false
534,2821C,Bobcats,Bobcats Robotics,Dallas,Texas,United States,Middle School,RE-V5RC-25-1897,2025-11-08,35,0,35,0,35,false
535,8860A,The Botfathers,Hudsonville Robotics - Baldwin MS,Hudsonville,Michigan,United States,Middle School,RE-V5RC-25-2283,2025-11-24,35,0,35,0,35,false
536,8108F,Jurassic Sparks,NORTH JUNIOR HIGH,Saint Cloud,Minnesota,United States,Middle School,RE-V5RC-25-0745,2025-10-21,34,16,18,16,18,false
537,3660Z,Odd One Out,Barton Academy for Advanced World Studies,Mobile,Alabama,United States,Middle School,RE-V5RC-25-1205,2025-09-30,34,15,19,15,25,false
538,8889Z,Zephyr,Numberosity Academy,Lexington,Massachusetts,United States,Middle School,RE-V5RC-25-1516,2025-11-08,34,15,19,15,19,false
539,57711S,Loose Screws,Alchemy Global STEM Institute,White Pine,Tennessee,United States,Middle School,RE-V5RC-25-0213,2025-10-25,34,15,19,15,33,false
540,33249C,Alpha Centauri,BOB JONES ACADEMY MIDDLE SCHOOL,Greenville,South Carolina,United States,Middle School,RE-V5RC-25-0501,2025-10-25,34,15,19,15,19,false
541,31575S,Combat Wombats,Traverse City Area Public Scho,Traverse City,Michigan,United States,Middle School,RE-V5RC-25-1606,2025-11-22,34,15,19,15,19,false
542,40436A,Bot Builders 3.0,Bot Builders,Little Rock,Arkansas,United States,Middle School,RE-V5RC-25-0135,2025-11-15,34,4,30,4,30,false
543,10004X,Gale Hare,Pu Tai senior high school with junior department,Nantou County,,Taiwan,Middle School,RE-V5RC-25-0320,2025-10-25,34,3,31,3,31,false
544,96140Z,Innervators,WOODCREST SCHOOL,Tarzana,California,United States,Middle School,RE-V5RC-25-0366,2025-10-18,34,1,33,1,33,false
545,11353E,The Geometric Drill,The Geometric Drill,South Jordan,Utah,United States,Middle School,RE-V5RC-25-0581,2025-11-08,34,0,34,0,34,false
546,87867B,Mechabyte,AI Robotics Academy LLC,Plano,Texas,United States,Middle School,RE-V5RC-25-2518,2025-11-15,34,0,34,0,34,false
547,295M,PART M,Placer Robotics (PART),Roseville,California,United States,Middle School,RE-V5RC-25-0054,2025-11-23,34,0,34,0,34,false
548,71610A,Aftermath,Gordon Parks Academy ,Wichita,Kansas,United States,Middle School,RE-V5RC-25-2573,2025-11-22,33,15,18,15,18,false
549,38029B,ISA Robotics,INTERNATIONAL SCHOOL OF ARIZONA,Scottsdale,Arizona,United States,Middle School,RE-V5RC-25-0270,2025-11-15,33,15,18,15,18,false
550,4233R,Ritz Ratz,Scott County Middle School,Georgetown,Kentucky,United States,Middle School,RE-V5RC-25-2549,2025-11-22,33,15,18,15,18,false
551,40994D,Fire Phoenix,Dr. Phinnize J. Fisher Middle School,Greenville,South Carolina,United States,Middle School,RE-V5RC-25-0088,2025-11-08,33,15,18,15,20,false
552,38657X,PotayTech,Shrewsbury International School,Bangkok,,Thailand,Middle School,RE-V5RC-25-0588,2025-11-15,33,15,18,15,18,false
553,216C,Rust in Peace,Grandville Middle School,Grandville,Michigan,United States,Middle School,RE-V5RC-25-1441,2025-11-08,33,15,18,15,18,false
554,2242B,Hydra Robotics,Municipio de Salinas,Salinas,,Puerto Rico,Middle School,RE-V5RC-25-0269,2025-08-23,33,15,18,15,18,false
555,95070R,Redwood Robotics,Redwood PTA,Saratoga,California,United States,Middle School,RE-V5RC-25-0113,2025-10-12,33,15,18,15,18,false
556,25900B,Steel Steamrollers,ALLISON TRADITIONAL MAGNET MIDDLE,Wichita,Kansas,United States,Middle School,RE-V5RC-25-2573,2025-11-22,33,15,18,15,18,false
557,39702G,New Hope Robotics,New Hope Robotics,Columbus,Mississippi,United States,Middle School,RE-V5RC-25-1105,2025-11-08,33,5,28,5,28,false
558,45078C,The C Dynasty,ELLICOTT MIDDLE SCHOOL,Calhan,Colorado,United States,Middle School,RE-V5RC-25-0997,2025-11-15,33,0,33,1,33,false
559,12410S,Land Phill,MOUNT BARKER HIGH SCHOOL,Mount Barker,South Australia,Australia,Middle School,RE-V5RC-25-1728,2025-11-10,33,0,33,0,33,false
560,74947Y,Fenix -Yeti,Ecole Secondaire Massey-Vanier,Cowansville,Quebec,Canada,Middle School,RE-V5RC-25-0104,2025-11-01,33,0,33,0,33,false
561,17002C,Shenzhen FLPS-3,Shenzhen Foreign Language Primary School,Shenzhen,Guangdong,China,Middle School,RE-V5RC-25-1913,2025-11-07,33,0,33,0,33,false
562,7899C,Rolling Robots ,Rolling Robots,Irvine,California,United States,Middle School,RE-V5RC-25-1249,2025-11-16,33,0,33,0,33,false
563,3590B,Hawaiian Kids,WAIALUA HIGH & INTERMEDIATE SCHOOL,Waialua,Hawaii,United States,Middle School,RE-V5RC-25-0950,2025-10-31,32,0,32,24,32,false
564,87422B,Error 404,JONES MIDDLE SCHOOL,Buford,Georgia,United States,Middle School,RE-V5RC-25-1373,2025-11-22,32,16,16,16,16,false
565,3145C,Cyberstorm,Triway Junior High School,Wooster,Ohio,United States,Middle School,RE-V5RC-25-9960,2025-11-14,32,15,17,15,17,false
566,4727C,Decepticons,BROOKSIDE INT,Friendswood,Texas,United States,Middle School,RE-V5RC-25-0205,2025-11-21,32,15,17,15,17,false
567,46131U,Ctrl U,Barker College,Sydney,New South Wales,Australia,Middle School,RE-V5RC-25-1959,2025-09-04,32,15,17,15,17,false
568,8686E,Electric Athletes,SEVIER MIDDLE,Greenville,South Carolina,United States,Middle School,RE-V5RC-25-0796,2025-11-01,32,15,17,15,17,false
569,66722A,Code Crushers,Hartselle Junior High School,Hartselle,Alabama,United States,Middle School,RE-V5RC-25-2149,2025-11-19,32,15,17,15,17,false
570,3303F,Robolabs Flare,Robolabs Fremont,Dublin,California,United States,Middle School,RE-V5RC-25-1019,2025-10-04,32,15,17,15,17,false
571,7481D,Queen Bees,LEAGUE CITY INT,League City,Texas,United States,Middle School,RE-V5RC-25-2095,2025-10-07,32,15,17,15,17,false
572,82391C,Electric Mayhem,Troy Middle School,Troy,Missouri,United States,Middle School,RE-V5RC-25-0963,2025-10-18,32,15,17,15,18,false
573,12223S,Despicable Bots,Pembroke School,Kensington Gardens,South Australia,Australia,Middle School,RE-V5RC-25-1728,2025-11-10,32,15,17,15,17,false
574,31575H,The Geese,Traverse City Area Public Scho,Traverse City,Michigan,United States,Middle School,RE-V5RC-25-1606,2025-11-22,32,15,17,15,17,false
575,92014K,Robo Cats,Shores Robotics ,Redwood City,California,United States,Middle School,RE-V5RC-25-0054,2025-11-23,32,4,28,4,28,false
576,43010S,Force Analysis,Lebo Bafang,Changsha,Hunan,China,Middle School,RE-V5RC-25-3497,2025-11-07,32,2,30,2,30,false
577,8838A,Robohawks - Aurelia,ORCHARD HILLS,Irvine,California,United States,Middle School,RE-V5RC-25-1388,2025-10-25,32,1,31,1,31,false
578,45432R,Aardvark Assassins,Beavercreek Robotics Club,Beavercreek,Ohio,United States,Middle School,RE-V5RC-25-9959,2025-11-15,32,1,31,1,31,false
579,3676D,金融街培训中心,金融街培训中心,Beijing,Beijing,China,Middle School,RE-V5RC-25-0862,2025-08-22,32,0,32,0,32,false
580,8059E,Blank.,Anglo-Chinese School (Independent),Singapore,,Singapore,Middle School,RE-V5RC-25-0371,2025-11-01,32,0,32,0,32,false
581,11777E,Avalon,NAMPA CHRISTIAN SCHOOLS,Nampa,Idaho,United States,Middle School,RE-V5RC-25-0327,2025-11-07,32,0,32,0,32,false
582,93000A,Sweetwater Patriots A,SWEETWATER MIDDLE SCHOOL,Lawrenceville,Georgia,United States,Middle School,RE-V5RC-25-1373,2025-11-22,32,0,32,0,32,false
583,61526K,St. Therese Robotics,ST THERESE SCHOOL,Kansas City,Missouri,United States,Middle School,RE-V5RC-25-2182,2025-11-22,31,15,16,15,16,false
584,46131H,The Torque Awakens,Barker College,Sydney,New South Wales,Australia,Middle School,RE-V5RC-25-1959,2025-09-04,31,15,16,15,16,false
585,33131A,Santa Sabina College,Santa Sabina College,Strathfield,New South Wales,Australia,Middle School,RE-V5RC-25-1876,2025-09-27,31,15,16,15,16,false
586,73805V,Mega Volts,GERMANTOWN MIDDLE SCHOOL,Madison,Mississippi,United States,Middle School,RE-V5RC-25-1105,2025-11-08,31,15,16,15,26,false
587,13002A,The Muffin Men,GRANDVILLE MIDDLE SCHOOL,Grandville,Michigan,United States,Middle School,RE-V5RC-25-1441,2025-11-08,31,15,16,15,16,false
588,71300M,Error 404,Lied Middle School,Las Vegas,Nevada,United States,Middle School,RE-V5RC-25-1270,2025-11-15,31,15,16,15,16,false
589,16859C,VOID VANGUARDS :),LAKEWAY CHRISTIAN ACADEMY,White Pine,Tennessee,United States,Middle School,RE-V5RC-25-0432,2025-11-08,31,15,16,15,25,false
590,3946N,Nexus,Kent Denver School,Englewood,Colorado,United States,Middle School,RE-V5RC-25-0997,2025-11-15,31,15,16,15,24,false
591,1262B,OPS - Vortex,Bluestem Middle School,Omaha,Nebraska,United States,Middle School,RE-V5RC-25-0046,2025-11-15,31,15,16,15,22,false
592,8686F,Peculiar Frogs,SEVIER MIDDLE,Greenville,South Carolina,United States,Middle School,RE-V5RC-25-0501,2025-10-25,31,15,16,15,16,false
593,283S,Sugar and Spice,WHITE PINE HIGH SCHOOL,Ely,Nevada,United States,Middle School,RE-V5RC-25-0581,2025-11-08,31,15,16,15,16,false
594,8609B,Titanious ,Lorain Titans Robotics - Middle School,Lorain,Ohio,United States,Middle School,RE-V5RC-25-9960,2025-11-14,31,15,16,15,16,false
595,1262A,OPS - 6 7 Braincells,Bluestem Middle School,Omaha,Nebraska,United States,Middle School,RE-V5RC-25-0046,2025-11-15,31,15,16,15,16,false
596,23083G,GOAT,臺北市私立薇閣高級中學,台北市,,Taiwan,Middle School,RE-V5RC-25-0320,2025-10-25,31,8,23,8,23,false
597,56666E,56666E,Jiangnan Shuidu,Fuzhou,Fujian,China,Middle School,RE-V5RC-25-1177,2025-09-26,31,7,24,7,24,false
598,18186X,QZ-X,Guangzhou No.7 Middle School,Guangzhou,Guangdong,China,Middle School,RE-V5RC-25-1913,2025-11-07,31,4,27,4,27,false
599,52140B,Wolf,Shanghai Wenlai Middle School,上海,Shanghai,China,Middle School,RE-V5RC-25-0373,2025-07-17,31,2,29,2,29,false
600,8973A,Jiangsu Road No.5 Primary school Team A,Jiangsu Road No.5 Primary school,shanghai,Shanghai,China,Middle School,RE-V5RC-25-0862,2025-08-22,31,2,29,2,29,false
601,72801D,Innovative Dollar,RUSSELLVILLE JR. HIGH SCHOOL,Russellville,Arkansas,United States,Middle School,RE-V5RC-25-2000,2025-11-08,31,1,30,1,30,false
602,89089Y,Muffin,Pacific American School--Middle School,"Zhubei City, Hsinchu County",,Taiwan,Middle School,RE-V5RC-25-0320,2025-10-25,31,0,31,0,31,false
603,28466T,Those Guys,SPRINGS STUDIO FOR ACADEMIC EXCELLENCE,Colorado Springs,Colorado,United States,Middle School,RE-V5RC-25-0997,2025-11-15,31,0,31,0,31,false
604,96140B,Gilmore Gears,WOODCREST SCHOOL,Tarzana,California,United States,Middle School,RE-V5RC-25-0343,2025-11-08,31,0,31,0,31,false
605,3298A,SUIS WanYuan Campus,ShangHai United International School WanYuan Campus,shanghai,Shanghai,China,Middle School,RE-V5RC-25-0862,2025-08-22,31,0,31,0,31,false
606,10836X,Swift Eagles,Robostorm,Vancouver,British Columbia,Canada,Middle School,RE-V5RC-25-2572,2025-10-12,31,0,31,0,31,false
607,31389B,Clank,SANTAN JUNIOR HIGH SCHOOL,Chandler,Arizona,United States,Middle School,RE-V5RC-25-0270,2025-11-15,31,0,31,0,31,false
608,16689Z,Dracobots/Zenith Star,Dracobots,Portland,Oregon,United States,Middle School,RE-V5RC-25-9942,2025-11-22,31,0,31,0,31,false
609,37250C,Doral Academy,DORAL ACADEMY NORTHERN NEVADA,Reno,Nevada,United States,Middle School,RE-V5RC-25-2432,2025-11-22,31,0,31,0,31,false
610,99263V,STS一万伏特,STS一万伏特,深圳市,Guangdong,China,Middle School,RE-V5RC-25-3592,2025-11-21,31,0,31,0,31,false
611,4613E,The Phantom Mechanics,Barker College,Sydney,New South Wales,Australia,Middle School,RE-V5RC-25-1959,2025-09-04,30,15,15,15,15,false
612,4613K,Axle Force,Barker College,Sydney,New South Wales,Australia,Middle School,RE-V5RC-25-1959,2025-09-04,30,15,15,15,15,false
613,46131Y,Cookie Monster,Barker College,Sydney,New South Wales,Australia,Middle School,RE-V5RC-25-1959,2025-09-04,30,15,15,15,15,false
614,31319Z,Mechanicz,COLEMAN MIDDLE SCHOOL,Wichita,Kansas,United States,Middle School,RE-V5RC-25-0580,2025-11-15,30,15,15,15,15,false
615,11850W,NLCS_Shockwave,North London Collegiate School,London,,United Kingdom,Middle School,RE-V5RC-25-9988,2025-11-22,30,15,15,15,15,false
616,31319C,Clockwork,COLEMAN MIDDLE SCHOOL,Wichita,Kansas,United States,Middle School,RE-V5RC-25-0580,2025-11-15,30,15,15,15,15,false
617,25918X,Tin Clanker,Christa Mcauliffe Academy,Wichita,Kansas,United States,Middle School,RE-V5RC-25-0144,2025-11-06,30,15,15,15,15,false
618,66722B,ERROR 404,Hartselle Junior High School,Hartselle,Alabama,United States,Middle School,RE-V5RC-25-2149,2025-11-19,30,15,15,15,15,false
619,66722C,Circuit Breakers,Hartselle Junior High School,Hartselle,Alabama,United States,Middle School,RE-V5RC-25-2149,2025-11-19,30,15,15,15,15,false
620,77360N,Onalaska77360N,ONALASKA JR/SR HIGH,Onalaska,Texas,United States,Middle School,RE-V5RC-25-0205,2025-11-21,30,15,15,15,15,false
621,44344S,Vortex,Mukilteo Robotics,Mukilteo,Washington,United States,Middle School,RE-V5RC-25-2122,2025-11-22,30,15,15,15,15,false
622,4727A,Platypus Punks,BROOKSIDE INT,Friendswood,Texas,United States,Middle School,RE-V5RC-25-0205,2025-11-21,30,15,15,15,15,false
623,31319B,The Empire Strikes Back,COLEMAN MIDDLE SCHOOL,Wichita,Kansas,United States,Middle School,RE-V5RC-25-0580,2025-11-15,30,15,15,15,16,false
624,938T,Blaze Robotics Qubits,Blaze Robotics Academy,Bellevue,Washington,United States,Middle School,RE-V5RC-25-0980,2025-11-12,30,15,15,15,15,false
625,65100A,Astronauts,"Pymble Ladies College, Sydney, Australia",Sydney,New South Wales,Australia,Middle School,RE-V5RC-25-0679,2025-09-06,30,15,15,15,15,false
626,66722E,Lost Gears,Hartselle Junior High School,Hartselle,Alabama,United States,Middle School,RE-V5RC-25-2149,2025-11-19,30,15,15,15,15,false
627,1067A,OPS - Atoms Can't Touch,Nathan Hale Middle School,Omaha,Nebraska,United States,Middle School,RE-V5RC-25-0438,2025-10-25,30,15,15,15,19,false
628,46131S,Hackstreet boys,Barker College,Sydney,New South Wales,Australia,Middle School,RE-V5RC-25-1959,2025-09-04,30,15,15,15,15,false
629,4613X,Ice Cream,Barker College,Sydney,New South Wales,Australia,Middle School,RE-V5RC-25-1959,2025-09-04,30,15,15,15,15,false
630,65100E,lu guang,"Pymble Ladies College, Sydney, Australia",Sydney,New South Wales,Australia,Middle School,RE-V5RC-25-0772,2025-08-31,30,15,15,15,15,false
631,4727B,Braincells,BROOKSIDE INT,Friendswood,Texas,United States,Middle School,RE-V5RC-25-0205,2025-11-21,30,15,15,15,15,false
632,35075X,[BHr] Latin Long Block,BELMONT HILL SCHOOL,Belmont,Massachusetts,United States,Middle School,RE-V5RC-25-9990,2025-11-23,30,15,15,15,15,false
633,79298H,HyperSonic,Altona Middle School,Longmont,Colorado,United States,Middle School,RE-V5RC-25-0997,2025-11-15,30,15,15,15,15,false
634,17325D,Clankers,Glenwood Middle School,Findlay,Ohio,United States,Middle School,RE-V5RC-25-9960,2025-11-14,30,15,15,15,15,false
635,31775T,Robo Santa Ducks,ERIE MIDDLE SCHOOL,Erie,Colorado,United States,Middle School,RE-V5RC-25-0997,2025-11-15,30,15,15,15,15,false
636,17325A,PANCAKES,Glenwood Middle School,Findlay,Ohio,United States,Middle School,RE-V5RC-25-9960,2025-11-14,30,15,15,15,15,false
637,7700X,Rolling Robots,Rolling Robots,Rolling Hills Estates,California,United States,Middle School,RE-V5RC-25-1388,2025-10-25,30,0,30,15,30,false
638,1831R,King's Team Romeo,The King's School,North Parramatta,New South Wales,Australia,Middle School,RE-V5RC-25-0741,2025-09-20,30,15,15,15,15,false
639,46131G,I love chocolate,Barker College,Sydney,New South Wales,Australia,Middle School,RE-V5RC-25-1959,2025-09-04,30,15,15,15,15,false
640,46131X,VEX Unicorns,Barker College,Sydney,New South Wales,Australia,Middle School,RE-V5RC-25-1959,2025-09-04,30,15,15,15,15,false
641,4613S,Mission Impasta,Barker College,Sydney,New South Wales,Australia,Middle School,RE-V5RC-25-1959,2025-09-04,30,15,15,15,15,false
642,79298B,Breakthrough,Altona Middle School,Longmont,Colorado,United States,Middle School,RE-V5RC-25-0997,2025-11-15,30,15,15,15,15,false
643,1247A,The Steampunk Pandas,WESTBROOK INT,Friendswood,Texas,United States,Middle School,RE-V5RC-25-2095,2025-10-07,30,15,15,15,15,false
644,71610B,THE Pink  Boys,GORDON PARKS ACADEMY,Wichita,Kansas,United States,Middle School,RE-V5RC-25-2573,2025-11-22,30,15,15,15,15,false
645,1067C,OPS- Negative IQ,Nathan Hale Middle School,Omaha,Nebraska,United States,Middle School,RE-V5RC-25-2882,2025-11-22,30,15,15,15,15,false
646,82777X,High Priority,Magikid Cupertino Robotics Lab,San Jose,California,United States,Middle School,RE-V5RC-25-1473,2025-11-15,30,0,30,4,30,false
647,8153A,The Mighty Masons,Hudsonville Robotics - Riley MS,Hudsonville,Michigan,United States,Middle School,RE-V5RC-25-2224,2025-11-15,30,4,26,4,26,false
648,2883A,Torque Overload,Torque Overload,Fremont,California,United States,Middle School,RE-V5RC-25-0123,2025-11-01,30,3,27,3,27,false
649,61187C,AR: Attention Span Zero,ALLENDALE MIDDLE SCHOOL,Allendale,Michigan,United States,Middle School,RE-V5RC-25-2283,2025-11-24,30,1,29,1,29,false
650,4413Z,WZ-Z,Guangzhou No.5 Middle School,Guangzhou,Guangdong,China,Middle School,RE-V5RC-25-1744,2025-10-03,30,1,29,1,29,false
651,4400X,RoboVoyagers,KAIMUKI MIDDLE SCHOOL,Honolulu,Hawaii,United States,Middle School,RE-V5RC-25-0675,2025-10-25,30,0,30,0,30,false
652,886A,WPRA,Western Pacific Robotics Academy,Richmond,British Columbia,Canada,Middle School,RE-V5RC-25-2572,2025-10-12,30,0,30,0,30,false
653,93333X,新哲文院机器人社团,新哲文院ROBOT CLUB,深圳,Guangdong,China,Middle School,RE-V5RC-25-3592,2025-11-21,30,0,30,0,30,false
654,1676A,北京市西城区青少年科学技术馆,北京市西城区青少年科学技术馆,北京,Beijing,China,Middle School,RE-V5RC-25-0641,2025-07-29,30,0,30,0,30,false
655,92808A,REAL STEEL,RIO BRAVO GREELEY,Bakersfield,California,United States,Middle School,RE-V5RC-25-0072,2025-09-13,30,0,30,0,30,false
656,8566A,HZ.Robot Club,HZ.Robot Club,宁波,Zhejiang,China,Middle School,RE-V5RC-25-1748,2025-10-24,30,0,30,0,30,false
657,51566A,Rabid Raging Robots,GM Robotic Association,Allen,Texas,United States,Middle School,RE-V5RC-25-2542,2025-10-25,30,0,30,0,30,false
658,2036F,Robo-Jack,WILBUR MIDDLE SCHOOL,Wichita,Kansas,United States,Middle School,RE-V5RC-25-0144,2025-11-06,30,0,30,0,30,false
659,14273X,QongWolf,QongWolf Studio,Foshan,Guangdong,China,Middle School,RE-V5RC-25-1913,2025-11-07,30,0,30,0,30,false
660,17814D,D.R.O.I.D.,WESTON MIDDLE SCHOOL,Weston,Connecticut,United States,Middle School,RE-V5RC-25-0126,2025-11-08,30,0,30,0,30,false
661,1281U,Pull Forward - Radiant,Radiant Robotics,Arcadia,California,United States,Middle School,RE-V5RC-25-0343,2025-11-08,30,0,30,0,30,false
662,2989A,StarkTech V5,CodeLAB,Bangkok ,,Thailand,Middle School,RE-V5RC-25-0588,2025-11-15,30,0,30,0,30,false
663,81000B,Mechanical Minions,BAY CREEK MIDDLE SCHOOL,Grayson,Georgia,United States,Middle School,RE-V5RC-25-1373,2025-11-22,30,0,30,0,30,false
664,7784S,C-Bots Blue OX,CAVELERO MID HIGH SCHOOL,Lake Stevens,Washington,United States,Middle School,RE-V5RC-25-2122,2025-11-22,30,0,30,0,30,false
665,7756G,Branch of CJL MSch F,Branch of Beijing Chen Jinglun Middle School,Beijing,Beijing,China,Middle School,RE-V5RC-25-3092,2025-10-24,29,7,22,7,22,false
666,82999A,82999A,上海市青浦平和双语学校,中国上海,Shanghai,China,Middle School,RE-V5RC-25-0834,2025-08-14,29,1,28,5,28,false
667,10825A,SD-A,sidunxuetang,Foshan,Guangdong,China,Middle School,RE-V5RC-25-1177,2025-09-26,29,4,25,4,25,false
668,34012F,Crusaders,THOMAS JEFFERSON CHARTER,Caldwell,Idaho,United States,Middle School,RE-V5RC-25-2681,2025-10-20,29,2,27,2,27,false
669,99195B,Cosmic Electrons,Sujay Sanghavi,Austin,Texas,United States,Middle School,RE-V5RC-25-0876,2025-11-15,29,0,29,1,29,false
670,50009Y,LW-Y,Guangzhou Liwan Children's Palace,Guangzhou,Guangdong,China,Middle School,RE-V5RC-25-0373,2025-07-17,29,1,28,1,28,false
671,6047U,Pie are Squared,WESTVIEW MIDDLE SCHOOL,Longmont,Colorado,United States,Middle School,RE-V5RC-25-2582,2025-11-08,29,1,28,1,28,false
672,8860B,The Loose Screwz,Hudsonville Robotics - Baldwin MS,Hudsonville,Michigan,United States,Middle School,RE-V5RC-25-2283,2025-11-24,29,0,29,0,29,false
673,18000K,Iron Patriots -,Sullivan East Middle School,Bluff City,Tennessee,United States,Middle School,RE-V5RC-25-0213,2025-10-25,29,0,29,0,29,false
674,88864A,Ape Party,BayBotics,Milpitas,California,United States,Middle School,RE-V5RC-25-0054,2025-11-23,29,0,29,0,29,false
675,75458Z,Supercalifragilisticexpialidocious Clankin Bananas,BLAND MIDDLE,Celeste,Texas,United States,Middle School,RE-V5RC-25-2014,2025-11-21,29,0,29,0,29,false
676,91666T,重庆市南开两江中学校,重庆市南开两江中学校,Chongqing,Chongqing,China,Middle School,RE-V5RC-25-1177,2025-09-26,29,0,29,0,29,false
677,30254A,30254A,上海新加坡外籍人员子女学校,上海,Shanghai,China,Middle School,RE-V5RC-25-1748,2025-10-24,29,0,29,0,29,false
678,29449C,Torque Titans,HAUT GAP MIDDLE,Johns Island,South Carolina,United States,Middle School,RE-V5RC-25-0045,2025-11-15,29,0,29,0,29,false
679,91625F,Brea Botcats Fried Chicken,Brea Junior High School,Brea,California,United States,Middle School,RE-V5RC-25-0771,2025-10-11,29,0,29,0,29,false
680,76412F,Chaos,HENRY SCOTT MIDDLE,Denison,Texas,United States,Middle School,RE-V5RC-25-0197,2025-11-22,29,0,29,0,29,false
681,23456A,23456A随机熠悠源,Fuzhou No. 20 Middle School Create Future Robot,Fuzhou,Fujian,China,Middle School,RE-V5RC-25-1744,2025-10-03,28,18,10,18,10,false
682,8609A,Chronus ,Lorain Titans Robotics - Middle School,Lorain,Ohio,United States,Middle School,RE-V5RC-25-9960,2025-11-14,28,15,13,15,13,false
683,10820W,AG Revators,WILLOW SPRINGS MIDDLE,Lucas,Texas,United States,Middle School,RE-V5RC-25-2014,2025-11-21,28,1,27,1,27,false
684,12350C,Celsius,LAKE RIDGE MIDDLE,Woodbridge,Virginia,United States,Middle School,RE-V5RC-25-9935,2025-10-25,28,0,28,0,28,false
685,40994B,Atomic Nuke,Dr. Phinnize J. Fisher Middle School,Greenville,South Carolina,United States,Middle School,RE-V5RC-25-0796,2025-11-01,28,0,28,0,28,false
686,38657K,Penguinators,Shrewsbury International School,Bangkok,,Thailand,Middle School,RE-V5RC-25-0371,2025-11-01,28,0,28,0,28,false
687,69414D,DynoMIGHT,ANNIE CAMP JR. HIGH SCHOOL,Jonesboro,Arkansas,United States,Middle School,RE-V5RC-25-1447,2025-11-08,27,21,6,21,6,false
688,3676B,金融街培训中心,金融街培训中心,北京,Beijing,China,Middle School,RE-V5RC-25-3592,2025-11-21,27,7,20,10,20,false
689,91625M,Brea Botcats Mich,Brea Junior High School,Brea,California,United States,Middle School,RE-V5RC-25-0771,2025-10-11,27,3,24,3,24,false
690,6007Y,Quantum Flux,Rolling Robots West LA,Los Angeles,California,United States,Middle School,RE-V5RC-25-0285,2025-11-15,27,2,25,2,25,false
691,30518B,Mustard,NORTH GWINNETT MIDDLE SCHOOL,Sugar Hill,Georgia,United States,Middle School,RE-V5RC-25-1373,2025-11-22,27,1,26,1,26,false
692,91416W,Coalition,Wahoo Robotics (Saunders Catholic Schools & Wahoo Public Schools),Wahoo,Nebraska,United States,Middle School,RE-V5RC-25-0002,2025-11-01,27,1,26,1,26,false
693,6356X,Extropy,Trail Ridge Middle School,Longmont,Colorado,United States,Middle School,RE-V5RC-25-2582,2025-11-08,27,0,27,0,27,false
694,6047B,Elite,WESTVIEW MIDDLE SCHOOL,Longmont,Colorado,United States,Middle School,RE-V5RC-25-2582,2025-11-08,27,0,27,0,27,false
695,10058C,Genesis Eagles,CORAL ACADEMY OF SCIENCE LAS VEGAS - Cadence,Henderson,Nevada,United States,Middle School,RE-V5RC-25-1270,2025-11-15,27,0,27,0,27,false
696,4863B,B3arz,Irving STEAM Magnet,Los Angeles,California,United States,Middle School,RE-V5RC-25-1049,2025-10-18,27,0,27,0,27,false
697,13000X,403,GRANDVILLE MIDDLE SCHOOL,Grandville,Michigan,United States,Middle School,RE-V5RC-25-3070,2025-10-27,27,0,27,0,27,false
698,13568H,Eclipse,private,Redmond,Washington,United States,Middle School,RE-V5RC-25-0800,2025-11-01,27,0,27,0,27,false
699,17002D,Shenzhen FLPS-4,Shenzhen Foreign Language Primary School,Shenzhen,Guangdong,China,Middle School,RE-V5RC-25-1913,2025-11-07,27,0,27,0,27,false
700,9749F,AIXELSYD,Wood River Middle School,Hailey,Idaho,United States,Middle School,RE-V5RC-25-0327,2025-11-07,27,0,27,0,27,false
701,68868K,68868K,Jili Maker,Shenzhen,Guangdong,China,Middle School,RE-V5RC-25-1913,2025-11-07,27,0,27,0,27,false
702,6023J,StoweBots - Y9,Stowe School,Buckingham,,United Kingdom,Middle School,RE-V5RC-25-2990,2025-11-08,27,0,27,0,27,false
703,79298P,Phenomenums,Altona Middle School,Longmont,Colorado,United States,Middle School,RE-V5RC-25-0997,2025-11-15,26,15,11,15,11,false
704,79001A,FUTURE Mechanic,FUTURE KEYS,上海市,Shanghai,China,Middle School,RE-V5RC-25-3592,2025-11-21,26,13,13,13,13,false
705,76426M,Malfunctions,BRYSON SCHOOL,Bryson,Texas,United States,Middle School,RE-V5RC-25-1976,2025-11-01,26,4,22,4,22,false
706,73805P,Cutie Patooties,GERMANTOWN MIDDLE SCHOOL,Madison,Mississippi,United States,Middle School,RE-V5RC-25-1105,2025-11-08,26,4,22,4,22,false
707,77360K,Middlecat4,ONALASKA JR/SR HIGH,Onalaska,Texas,United States,Middle School,RE-V5RC-25-0205,2025-11-21,26,2,24,2,24,false
708,19140A,Rebels-Gone-Rogue,W. W. LEWIS MIDDLE SCHOOL,Sulphur,Louisiana,United States,Middle School,RE-V5RC-25-1500,2025-10-02,26,2,24,2,24,false
709,66613H,66613H,Sha Tin College,Shatin,,Hong Kong,Middle School,RE-V5RC-25-0373,2025-07-17,26,1,25,2,25,false
710,673D,The Mario Quadruplets,EAST VALLEY MIDDLE SCHOOL,Nampa,Idaho,United States,Middle School,RE-V5RC-25-2517,2025-11-22,26,2,24,2,25,false
711,8781A,OK Robotics,Olive Knolls Christian School,Bakersfield,California,United States,Middle School,RE-V5RC-25-0072,2025-09-13,26,1,25,1,25,false
712,8878A,Athena,JOCKEY HOLLOW SCHOOL,Monroe,Connecticut,United States,Middle School,RE-V5RC-25-2155,2025-11-23,26,1,25,1,25,false
713,1247G,Westbrook Girls,WESTBROOK INT,Friendswood,Texas,United States,Middle School,RE-V5RC-25-2095,2025-10-07,26,0,26,0,26,false
714,20901S,清郑初中部三队,清华附中郑州学校,Zhengzhou,Henan,China,Middle School,RE-V5RC-25-3497,2025-11-07,26,0,26,0,26,false
715,23438A,Cyber Titans,FIVE FORKS MIDDLE SCHOOL,Lawrenceville,Georgia,United States,Middle School,RE-V5RC-25-1373,2025-11-22,26,0,26,0,26,false
716,51191A,Three Musketeers,Level Up Robots,Lawrence,Kansas,United States,Middle School,RE-V5RC-25-2161,2025-11-23,26,0,26,0,26,false
717,30518A,Apples and Bananas,NORTH GWINNETT MIDDLE SCHOOL,Sugar Hill,Georgia,United States,Middle School,RE-V5RC-25-1711,2025-11-01,26,0,26,0,26,false
718,2067C,LinAn YuCai-C,临安青山湖科技城育才学校,杭州市,Zhejiang,China,Middle School,RE-V5RC-25-0862,2025-08-22,26,0,26,0,26,false
719,3012A,All STARS,Dalian Royal Foreign Language School,Dalian,Liaoning,China,Middle School,RE-V5RC-25-1177,2025-09-26,26,0,26,0,26,false
720,9749E,SUPERCALIFRAGILISTICEXPIALIDOCIOUS,Wood River Middle School,Hailey,Idaho,United States,Middle School,RE-V5RC-25-0327,2025-11-07,26,0,26,0,26,false
721,11055A,Avocado,Lone Star Middle School,Nampa,Idaho,United States,Middle School,RE-V5RC-25-1841,2025-10-24,26,0,26,0,26,false
722,1060E,OPS - The Electrodes ,ALICE BUFFETT MAGNET MIDDLE SCHOOL,Omaha,Nebraska,United States,Middle School,RE-V5RC-25-0438,2025-10-25,26,0,26,0,26,false
723,18204B,SCS Blue,Stockdale Christian School,Bakersfield,California,United States,Middle School,RE-V5RC-25-9931,2025-10-25,26,0,26,0,26,false
724,17002A,Shenzhen FLPS-1,Shenzhen Foreign Language Primary School,Shenzhen,Guangdong,China,Middle School,RE-V5RC-25-1913,2025-11-07,26,0,26,0,26,false
725,11112A,Infinite Dreamers,夸克科学,Haikou,Hainan,China,Middle School,RE-V5RC-25-1913,2025-11-07,26,0,26,0,26,false
726,11777D,Julius,NAMPA CHRISTIAN SCHOOLS,Nampa,Idaho,United States,Middle School,RE-V5RC-25-2681,2025-10-20,26,0,26,0,26,false
727,2145W,Pink Squishee Unicorns,Pink Unicorns,Manassas,Virginia,United States,Middle School,RE-V5RC-25-0494,2025-11-15,26,0,26,0,26,false
728,1434C,ERROR1434,SPACE CENTER INT,Houston,Texas,United States,Middle School,RE-V5RC-25-2095,2025-10-07,26,0,26,0,26,false
729,76275D,HARROW 4,Harrow International School Hong Kong,Tuen Mun,,Hong Kong,Middle School,RE-V5RC-25-0139,2025-11-22,26,0,26,0,26,false
730,77774F,Tech Titans,Madison Middle School,Madison,Mississippi,United States,Middle School,RE-V5RC-25-1450,2025-10-20,25,5,20,5,20,false
731,8686N,Ninja Turtles,Sevier Middle School,Greenville,South Carolina,United States,Middle School,RE-V5RC-25-0501,2025-10-25,25,5,20,5,20,false
732,28666E,Shenzhen Middle School E Team,Shenzhen Middle School,Shenzhen,Guangdong,China,Middle School,RE-V5RC-25-1744,2025-10-03,25,4,21,4,21,false
733,25836A,GZ YX Experimental Middle School,GZ YX ErSha Island YanYu South Road Address 1,广州,Guangdong,China,Middle School,RE-V5RC-25-0641,2025-07-29,25,2,23,2,23,false
734,93303H,Anti Square Inserts,Monmouth Robotics,Monmouth,Maine,United States,Middle School,RE-V5RC-25-1202,2025-11-01,25,1,24,1,24,false
735,1383A,VLI Robotics,VICTORY LAKES INT,League City,Texas,United States,Middle School,RE-V5RC-25-0205,2025-11-21,25,0,25,0,25,false
736,9185F,Pickle Bots,BELLEFONTAINE MIDDLE SCHOOL,Bellefontaine,Ohio,United States,Middle School,RE-V5RC-25-1243,2025-11-06,25,0,25,0,25,false
737,8108C,Premium Penguins,NORTH JUNIOR HIGH,Saint Cloud,Minnesota,United States,Middle School,RE-V5RC-25-0745,2025-10-21,25,0,25,0,25,false
738,9210E,Unlimited Cereal Bus,SAUK RAPIDS-RICE MIDDLE SCHOOL,Sauk Rapids,Minnesota,United States,Middle School,RE-V5RC-25-0745,2025-10-21,25,0,25,0,25,false
739,76936E,Real Steel,MOUNDSVILLE MIDDLE SCHOOL,Moundsville,West Virginia,United States,Middle School,RE-V5RC-25-1854,2025-11-08,25,0,25,0,25,false
740,9185N,Gemini,BELLEFONTAINE MIDDLE SCHOOL,Bellefontaine,Ohio,United States,Middle School,RE-V5RC-25-9959,2025-11-15,25,0,25,0,25,false
741,673A,Midnight Mavericks,EAST VALLEY MIDDLE SCHOOL,Nampa,Idaho,United States,Middle School,RE-V5RC-25-2517,2025-11-22,25,0,25,0,25,false
742,3116X,Team Control Freaks - King Jeff,The John Warner School,Hoddesdon,,United Kingdom,Middle School,RE-V5RC-25-0670,2025-11-22,25,0,25,0,25,false
743,13909C,Warlocks,WEST OAK MIDDLE,Westminster,South Carolina,United States,Middle School,RE-V5RC-25-0088,2025-11-08,25,0,25,0,25,false
744,27000C,Globus,Modus Novus Robotics Club,Anderson,California,United States,Middle School,RE-V5RC-25-1557,2025-10-04,25,0,25,0,25,false
745,14287P,Lil Panthers,DU PONT MIDDLE SCHOOL,Belle,West Virginia,United States,Middle School,RE-V5RC-25-1503,2025-10-10,25,0,25,0,25,false
746,77774R,Wrench Monkeys,Madison Middle School,Madison,Mississippi,United States,Middle School,RE-V5RC-25-1450,2025-10-20,25,0,25,0,25,false
747,29687R,Dark Coders,Northwood Middle School,Taylors,South Carolina,United States,Middle School,RE-V5RC-25-0501,2025-10-25,25,0,25,0,25,false
748,2775S,Jackson Area Robotics EELS,Jackson Area Robotics,Jackson,Tennessee,United States,Middle School,RE-V5RC-25-0454,2025-11-08,25,0,25,0,25,false
749,2568A,Porta-Botz! Atomic,Portage Middle School,Portage,Indiana,United States,Middle School,RE-V5RC-25-1856,2025-11-08,25,0,25,0,25,false
750,9078Y,Super Why!,GRIFFITHS MIDDLE,Downey,California,United States,Middle School,RE-V5RC-25-0771,2025-10-11,25,0,25,0,25,false
751,89509K,89509K,Darrell C Swope Middle School,Reno,Nevada,United States,Middle School,RE-V5RC-25-2432,2025-11-22,25,0,25,0,25,false
752,52050E,Undocumented,Aquinas College,Ringwood,Victoria,Australia,Middle School,RE-V5RC-25-0027,2025-08-12,25,0,25,0,25,false
753,3320A,Shanghai United International School Pudong Campus,Shanghai United International School Pudong Campus,shanghai,Shanghai,China,Middle School,RE-V5RC-25-0862,2025-08-22,25,0,25,0,25,false
754,663X,Xplosions,CHATTANOOGA CHRISTIAN SCHOOL,Chattanooga,Tennessee,United States,Middle School,RE-V5RC-25-0282,2025-10-03,25,0,25,0,25,false
755,3609X,Pickpocket Pandas,Panda Express,Ashburn,Virginia,United States,Middle School,RE-V5RC-25-0755,2025-10-04,25,0,25,0,25,false
756,92808C,ROBO Raiders,RIO BRAVO GREELEY,Bakersfield,California,United States,Middle School,RE-V5RC-25-0072,2025-09-13,25,0,25,0,25,false
757,22331A,Hemingway Team 1,Blaine County School District (Ernest Hemingway STEAM School),Ketchum,Idaho,United States,Middle School,RE-V5RC-25-0365,2025-10-22,25,0,25,0,25,false
758,37334M,Pythagorean Theorem - Lincoln County Robotics,LINCOLN COUNTY SCHOOL,Fayetteville,Tennessee,United States,Middle School,RE-V5RC-25-0432,2025-11-08,25,0,25,0,25,false
759,45432X,The Enigmas,Beavercreek Robotics Club,Beavercreek,Ohio,United States,Middle School,RE-V5RC-25-9960,2025-11-14,25,0,25,0,25,false
760,2568T,Porta-Botz! TFlex Rex,Portage Middle School,Portage,Indiana,United States,Middle School,RE-V5RC-25-1810,2025-11-15,25,0,25,0,25,false
761,1434A,Cardinals,SPACE CENTER INT,Houston,Texas,United States,Middle School,RE-V5RC-25-0205,2025-11-21,25,0,25,0,25,false
762,9012D,Knightfall,Northern Middle School,Hagerstown,Maryland,United States,Middle School,RE-V5RC-25-9977,2025-11-21,25,0,25,0,25,false
763,20250A,Apex Robotics,Garland ISD - Jackson Technology Center,Garland,Texas,United States,Middle School,RE-V5RC-25-0197,2025-11-22,25,0,25,0,25,false
764,55301B,Backlash,UNITED SOUTH CENTRAL HIGH SCHOOL,Wells,Minnesota,United States,Middle School,RE-V5RC-25-9919,2025-11-15,24,15,9,15,9,false
765,20901A,清郑初中部一队,清华附中郑州学校,Zhengzhou,Henan,China,Middle School,RE-V5RC-25-0373,2025-07-17,24,8,16,8,16,false
766,1729X,Robotics OmniTech,Robotics OmniTech,Palo Alto,California,United States,Middle School,RE-V5RC-25-0054,2025-11-23,24,3,21,3,21,false
767,8878B,Blackberry,JOCKEY HOLLOW SCHOOL,Monroe,Connecticut,United States,Middle School,RE-V5RC-25-2155,2025-11-23,24,1,23,1,23,false
768,7830S,ACP Noble Knights,Arizona College Prep Middle School,Chandler,Arizona,United States,Middle School,RE-V5RC-25-0270,2025-11-15,24,0,24,0,24,false
769,55114X,Tea-rrifix - IRA,Bobabots Inc.,Palo Alto,California,United States,Middle School,RE-V5RC-25-0054,2025-11-23,24,0,24,0,24,false
770,95843A,NitroBros,The Super Saturday Program,Cincinnati,Ohio,United States,Middle School,RE-V5RC-25-1413,2025-10-18,24,0,24,0,24,false
771,4275H,CCK Hero,CMA Choi Cheung Kok Secondary School,New Territories,,Hong Kong,Middle School,RE-V5RC-25-1744,2025-10-03,24,0,24,0,24,false
772,18204W,SCS White,Stockdale Christian School,Bakersfield,California,United States,Middle School,RE-V5RC-25-0072,2025-09-13,24,0,24,0,24,false
773,10004N,Titanium Dragon,Pu Tai senior high school with junior department,Nantou County,,Taiwan,Middle School,RE-V5RC-25-0037,2025-10-19,24,0,24,0,24,false
774,22020C,Pixel in Space,Kidwe Lab,Auckland,Auckland,New Zealand,Middle School,RE-V5RC-25-0541,2025-11-01,24,0,24,0,24,false
775,10592A,Meows ,Meows Stem Education Center,Xiamen,Fujian,China,Middle School,RE-V5RC-25-1913,2025-11-07,24,0,24,0,24,false
776,2663V,SWIS-Victory,Shen Wai International School,深圳,Guangdong,China,Middle School,RE-V5RC-25-1913,2025-11-07,24,0,24,0,24,false
777,70149B,Steel Panthers,IMMACULATE CONCEPTION CATHEDRAL SCHOOL,Lake Charles,Louisiana,United States,Middle School,RE-V5RC-25-1500,2025-10-02,24,0,24,0,24,false
778,73805X,-,GERMANTOWN MIDDLE SCHOOL,Madison,Mississippi,United States,Middle School,RE-V5RC-25-1105,2025-11-08,24,0,24,0,24,false
779,91028C,Grinding Gears,Silverdale Baptist Academy,Chattanooga,Tennessee,United States,Middle School,RE-V5RC-25-0281,2025-10-10,24,0,24,0,24,false
780,20785X,Nova,Queen Elizabeth's School,London,,United Kingdom,Middle School,RE-V5RC-25-9988,2025-11-22,23,0,23,15,23,false
781,8059F,Blank.,Anglo-Chinese School (Independent),Singapore,,Singapore,Middle School,RE-V5RC-25-1037,2025-11-19,23,0,23,7,23,false
782,99766B,The Aliens,North Kirkwood Middle School,Kirkwood,Missouri,United States,Middle School,RE-V5RC-25-1354,2025-10-11,23,0,23,6,23,false
783,18186S,QZ-S,Guangzhou No.7 Middle School,Guangzhou,Guangdong,China,Middle School,RE-V5RC-25-1177,2025-09-26,23,5,18,5,19,false
784,4813F,King Henry X,Taipei American School - Middle School,Taipei,,Taiwan,Middle School,RE-V5RC-25-0320,2025-10-25,23,4,19,4,19,false
785,3219A,SHSID Team A,Shanghai High School International Division,Shanghai,Shanghai,China,Middle School,RE-V5RC-25-0834,2025-08-14,23,0,23,4,23,false
786,71030A,PNP-A,PNP studio,Guangzhou,Guangdong,China,Middle School,RE-V5RC-25-1913,2025-11-07,23,3,20,4,20,false
787,7187R,The Blue Alliance,FAYETTEVILLE HIGH SCHOOL EAST,Fayetteville,Arkansas,United States,Middle School,RE-V5RC-25-2000,2025-11-08,23,4,19,4,19,false
788,13000C,Overriderz,GRANDVILLE MIDDLE SCHOOL,Grandville,Michigan,United States,Middle School,RE-V5RC-25-1441,2025-11-08,23,3,20,3,22,false
789,2037C,Dragon Robotics,Downtown Elementary School,Bakersfield,California,United States,Middle School,RE-V5RC-25-0072,2025-09-13,23,1,22,1,22,false
790,8878C,Sh0rt Circu1t,JOCKEY HOLLOW SCHOOL,Monroe,Connecticut,United States,Middle School,RE-V5RC-25-0126,2025-11-08,23,0,23,0,23,false
791,12362W,Wagon O' Ranch,WHEELING MIDDLE SCHOOL,Wheeling,West Virginia,United States,Middle School,RE-V5RC-25-1854,2025-11-08,23,0,23,0,23,false
792,355S,Tsunami,Fox Valley Robotics,Batavia,Illinois,United States,Middle School,RE-V5RC-25-1647,2025-11-16,23,0,23,0,23,false
793,6386A,KL-Kylin,Kids Life Children's Programming & Robot Club,GuangZhou,Guangdong,China,Middle School,RE-V5RC-25-1177,2025-09-26,23,0,23,0,23,false
794,75442C,ATOMIC OVERDRIVE,Farmersville Junior High School,Farmersville,Texas,United States,Middle School,RE-V5RC-25-1827,2025-10-06,23,0,23,0,23,false
795,3650A,Northeast Jaguars,NORTHEAST MIDDLE SCHOOL,Jackson,Tennessee,United States,Middle School,RE-V5RC-25-0384,2025-10-14,23,0,23,0,23,false
796,14287A,The Panthers of Coding,DU PONT MIDDLE SCHOOL,Belle,West Virginia,United States,Middle School,RE-V5RC-25-1505,2025-11-21,23,0,23,0,23,false
797,2252H,CIMATEC,CIMATEC,Caguas,,Puerto Rico,Middle School,RE-V5RC-25-0269,2025-08-23,23,0,23,0,23,false
798,16288A,Gears of Glory,Gears of Glory,Santa Clara,California,United States,Middle School,RE-V5RC-25-0852,2025-09-27,23,0,23,0,23,false
799,9805S,UMS 9805S Team Clankers,Utt Middle School,Tustin,California,United States,Middle School,RE-V5RC-25-1388,2025-10-25,23,0,23,0,23,false
800,23401B,Farrer B,FMAHS,Calala,New South Wales,Australia,Middle School,RE-V5RC-25-2210,2025-10-26,23,0,23,0,23,false
801,3116G,Team Control Freaks 2Special,The John Warner School,Hoddesdon,,United Kingdom,Middle School,RE-V5RC-25-2783,2025-10-27,23,0,23,0,23,false
802,96944X,Brain Not Found.GC,喬智創意機器人研究室,斗六市,,Taiwan,Middle School,RE-V5RC-25-0576,2025-10-31,23,0,23,0,23,false
803,37528A,PolyGodz,COLORADO EARLY COLLEGES WINDSOR,Windsor,Colorado,United States,Middle School,RE-V5RC-25-1210,2025-11-01,23,0,23,0,23,false
804,3221Z,Super Awesome Squids,Diamond Bar Robotics Lab,Diamond Bar,California,United States,Middle School,RE-V5RC-25-1807,2025-11-08,23,0,23,0,23,false
805,19287K,Telegraphic Telekinesis,Not available ,Highland,Maryland,United States,Middle School,RE-V5RC-25-1465,2025-11-15,23,0,23,0,23,false
806,9185S,Scrambled Eggz,BELLEFONTAINE MIDDLE SCHOOL,Bellefontaine,Ohio,United States,Middle School,RE-V5RC-25-9959,2025-11-15,23,0,23,0,23,false
807,7225R,Southland Tsunami,Southland High School,Adams,Minnesota,United States,Middle School,RE-V5RC-25-9919,2025-11-15,23,0,23,0,23,false
808,8878H,Hyperdrive,Jockey Hollow School,Monroe,Connecticut,United States,Middle School,RE-V5RC-25-2155,2025-11-23,23,0,23,0,23,false
809,3359D,Team 4 of Hangzhou Entel Foreign Language School,Hangzhou Entel Foreign Language School,Hangzhou,Zhejiang,China,Middle School,RE-V5RC-25-1748,2025-10-24,22,22,0,22,0,false
810,10743A,Cognition,City of London School,London,,United Kingdom,Middle School,RE-V5RC-25-2990,2025-11-08,22,15,7,15,7,false
811,7139J,Beijing Bayi School,Beijing Bayi School,Beijing,Beijing,China,Middle School,RE-V5RC-25-3129,2025-10-24,22,3,19,3,19,false
812,25900E,Estrellas,ALLISON TRADITIONAL MAGNET MIDDLE,Wichita,Kansas,United States,Middle School,RE-V5RC-25-0580,2025-11-15,22,3,19,3,19,false
813,9460A,Silver Steel,PRINCE OF PEACE LUTHERAN SCHOOL,Saint Cloud,Minnesota,United States,Middle School,RE-V5RC-25-0745,2025-10-21,22,2,20,2,20,false
814,2036C,Shrek,WILBUR MIDDLE SCHOOL,Wichita,Kansas,United States,Middle School,RE-V5RC-25-0144,2025-11-06,22,2,20,2,20,false
815,65892C,Mecha Maniax,GLENWOOD SENIOR HIGH SCHOOL,Glenwood,Iowa,United States,Middle School,RE-V5RC-25-0046,2025-11-15,22,2,20,2,20,false
816,4813C,Turbonyte,Taipei American School - Middle School,Taipei,,Taiwan,Middle School,RE-V5RC-25-0320,2025-10-25,22,1,21,1,21,false
817,4073G,VEX JETS,JOE WALKER MIDDLE,Lancaster,California,United States,Middle School,RE-V5RC-25-0072,2025-09-13,22,1,21,1,21,false
818,1028H,Clankers,Brownell Talbot College Preparatory School,Omaha,Nebraska,United States,Middle School,RE-V5RC-25-2882,2025-11-22,22,1,21,1,21,false
819,61187A,AR: Voltage Vipers,ALLENDALE MIDDLE SCHOOL,Allendale,Michigan,United States,Middle School,RE-V5RC-25-2283,2025-11-24,22,0,22,0,22,false
820,1920R,Pokémon are Real,Palm Avenue Middle School,Wasco,California,United States,Middle School,RE-V5RC-25-0072,2025-09-13,22,0,22,0,22,false
821,31319A,Cougar Robotics,COLEMAN MIDDLE SCHOOL,Wichita,Kansas,United States,Middle School,RE-V5RC-25-2573,2025-11-22,22,0,22,0,22,false
822,38053H,Cooler Cats,OAKLAND CHRISTIAN SCHOOL,Auburn Hills,Michigan,United States,Middle School,RE-V5RC-25-0381,2025-11-22,22,0,22,0,22,false
823,2067K,LinAn YuCai-K,青山湖科技育才学校,杭州市,Zhejiang,China,Middle School,RE-V5RC-25-0862,2025-08-22,22,0,22,0,22,false
824,60818B,蓝鹰B战队,Blue Eagle STEM Club,Hangzhou,Zhejiang,China,Middle School,RE-V5RC-25-0862,2025-08-22,22,0,22,0,22,false
825,9364S,Iron Eagles - Skittles,BRENTWOOD ACADEMY,Brentwood,Tennessee,United States,Middle School,RE-V5RC-25-0572,2025-10-03,22,0,22,0,22,false
826,12909R,R,FOUNTAIN MIDDLE SCHOOL,Fountain,Colorado,United States,Middle School,RE-V5RC-25-1058,2025-10-18,22,0,22,0,22,false
827,66996X,Capstone,Dr. Player Robotics Lab. Taipei,Taipei City,,Taiwan,Middle School,RE-V5RC-25-0320,2025-10-25,22,0,22,0,22,false
828,29485E,Lady Wolves,East Edisto Middle,Summerville,South Carolina,United States,Middle School,RE-V5RC-25-0501,2025-10-25,22,0,22,0,22,false
829,15486P,The Crash Crew,VISTA SCHOOL,Ivins,Utah,United States,Middle School,RE-V5RC-25-0566,2025-10-25,22,0,22,0,22,false
830,7831Y,Kinetic Collision,FRANK H HARRISON MIDDLE SCHOOL,Yarmouth,Maine,United States,Middle School,RE-V5RC-25-1202,2025-11-01,22,0,22,0,22,false
831,52800X,Thunder Pigeons,Soaring Heights PK-8,Erie,Colorado,United States,Middle School,RE-V5RC-25-2582,2025-11-08,22,0,22,0,22,false
832,17325B,Burger-Bots,Glenwood Middle School,Findlay,Ohio,United States,Middle School,RE-V5RC-25-9960,2025-11-14,22,0,22,0,22,false
833,88485A,QUANTUM BEASTS,QUANTUM SQUAD,Concord,North Carolina,United States,Middle School,RE-V5RC-25-2375,2025-11-15,22,0,22,0,22,false
834,23382C,Fifth Dimension,Fifth Dimension Robotics,North Potomac,Maryland,United States,Middle School,RE-V5RC-25-1465,2025-11-15,22,0,22,0,22,false
835,68689X,Fantastic Four?,BP STEM Academy,Baldwin Park,California,United States,Middle School,RE-V5RC-25-0771,2025-10-11,22,0,22,0,22,false
836,7700A,Rolling Robots Anchovies,Rolling Robots,Rolling Hills Estates,California,United States,Middle School,RE-V5RC-25-0285,2025-11-15,22,0,22,0,22,false
837,37768K,Doodler,BROWN JR. (WILLIE L) MIDDLE,San Francisco,California,United States,Middle School,RE-V5RC-25-1473,2025-11-15,22,0,22,0,22,false
838,84949Y,84949Y,SUSSMAN (EDWARD A.) MIDDLE,Downey,California,United States,Middle School,RE-V5RC-25-0771,2025-10-11,22,0,22,0,22,false
839,38247B,Nuclear Toast,Bogle Junior High School,Chandler,Arizona,United States,Middle School,RE-V5RC-25-0270,2025-11-15,22,0,22,0,22,false
840,3221A,The Stickmen,Diamond Bar Robotics Lab,Diamond Bar,California,United States,Middle School,RE-V5RC-25-1249,2025-11-16,22,0,22,0,22,false
841,4233Z,Zero Error ,Scott County Middle Schools,Georgetown,Kentucky,United States,Middle School,RE-V5RC-25-2549,2025-11-22,22,0,22,0,22,false
842,3507A,AIKING-03,AIKING,XIAN,Shaanxi,China,Middle School,RE-V5RC-25-3497,2025-11-07,21,21,0,21,0,false
843,6403J,The Big Brain Bois 3.0,Brookside Middle School,Sheffield,Ohio,United States,Middle School,RE-V5RC-25-9960,2025-11-14,21,16,5,16,19,false
844,39333Z,Legacy Zero Gravity,Legacy Magnet Academy,TUSTIN,California,United States,Middle School,RE-V5RC-25-0366,2025-10-18,21,0,21,15,21,false
845,10902A,极酷清附一队,极酷创客基地,郑州,Henan,China,Middle School,RE-V5RC-25-3497,2025-11-07,21,2,19,2,19,false
846,37768A,British Bridges,BROWN JR. (WILLIE L) MIDDLE,San Francisco,California,United States,Middle School,RE-V5RC-25-1473,2025-11-15,21,1,20,1,20,false
847,73805Y,My Little Ponies,GERMANTOWN MIDDLE SCHOOL,Madison,Mississippi,United States,Middle School,RE-V5RC-25-1105,2025-11-08,21,0,21,0,21,false
848,65404E,SAS - Enigma,Singapore American School - Middle School Division,Singapore,,Singapore,Middle School,RE-V5RC-25-0371,2025-11-01,21,0,21,0,21,false
849,9012F,Northern Knight Lights,Northern Middle School,Hagerstown,Maryland,United States,Middle School,RE-V5RC-25-1465,2025-11-15,21,0,21,0,21,false
850,13000T,503,GRANDVILLE MIDDLE SCHOOL,Grandville,Michigan,United States,Middle School,RE-V5RC-25-3070,2025-10-27,21,0,21,0,21,false
851,9012B,Knightmares,Northern Middle School,Hagerstown,Maryland,United States,Middle School,RE-V5RC-25-1465,2025-11-15,21,0,21,0,21,false
852,88454E,Tech Titans,FAITH Homeschool Co-op,Elizabethtown,Kentucky,United States,Middle School,RE-V5RC-25-2549,2025-11-22,21,0,21,0,21,false
853,3324X,Supernova X,SCIENCE ACADEMY STEM MAGNET,North Hollywood,California,United States,Middle School,RE-V5RC-25-0343,2025-11-08,21,0,21,0,21,false
854,1920M,Knuckleheads,Palm Avenue Middle School,Wasco,California,United States,Middle School,RE-V5RC-25-0072,2025-09-13,21,0,21,0,21,false
855,41100A,Bad Habits,GLENN MIDDLE,San Angelo,Texas,United States,Middle School,RE-V5RC-25-2542,2025-10-25,21,0,21,0,21,false
856,10175U,BASIS Bilingual School Guangming Shenzhen,BASIS Bilingual School Guangming Shenzhen,Shenzhen,Guangdong,China,Middle School,RE-V5RC-25-1913,2025-11-07,21,0,21,0,21,false
857,1383X,VLI Robotics,VICTORY LAKES INT,League City,Texas,United States,Middle School,RE-V5RC-25-2095,2025-10-07,21,0,21,0,21,false
858,4951B,Crueg,CIMARRON MIDDLE SCHOOL,Edmond,Oklahoma,United States,Middle School,RE-V5RC-25-0794,2025-10-18,21,0,21,0,21,false
859,10085Z,Hiba Academy Team Z,Hiba Academy Shanghai,Shanghai,Shanghai,China,Middle School,RE-V5RC-25-1748,2025-10-24,21,0,21,0,21,false
860,938C,Blaze Robotics Qubits,Blaze Robotics Academy,Bellevue,Washington,United States,Middle School,RE-V5RC-25-0800,2025-11-01,21,0,21,0,21,false
861,9749C,INTERGALACTIC,WOOD RIVER MIDDLE SCHOOL,Hailey,Idaho,United States,Middle School,RE-V5RC-25-0327,2025-11-07,21,0,21,0,21,false
862,6047P,Something Cat-Related,WESTVIEW MIDDLE SCHOOL,Longmont,Colorado,United States,Middle School,RE-V5RC-25-2582,2025-11-08,21,0,21,0,21,false
863,3946R,Radium,KENT DENVER SCHOOL,Englewood,Colorado,United States,Middle School,RE-V5RC-25-2278,2025-11-12,21,0,21,0,21,false
864,66042S,Potassium Powerhouse,PLEASANT HILL MIDDLE,Lexington,South Carolina,United States,Middle School,RE-V5RC-25-0045,2025-11-15,21,0,21,0,21,false
865,7700B,Rolling Robots B,Rolling Robots,Rolling Hills Estates,California,United States,Middle School,RE-V5RC-25-0649,2025-11-15,21,0,21,0,21,false
866,25312B,The Pancakes,SISSONVILLE MIDDLE SCHOOL,Charleston,West Virginia,United States,Middle School,RE-V5RC-25-1505,2025-11-21,21,0,21,0,21,false
867,9012E,Knight & Day,Northern Middle School,Hagerstown,Maryland,United States,Middle School,RE-V5RC-25-9977,2025-11-21,21,0,21,0,21,false
868,1434B,Beaglebots,SPACE CENTER INT,Houston,Texas,United States,Middle School,RE-V5RC-25-0205,2025-11-21,21,0,21,0,21,false
869,12188A,Robo Rogues,Robo Rogues,Sulphur,Louisiana,United States,Middle School,RE-V5RC-25-0205,2025-11-21,21,0,21,0,21,false
870,886V,WPRA,Western Pacific Robotics Academy,Richmond,British Columbia,Canada,Middle School,RE-V5RC-25-2529,2025-11-22,21,0,21,0,21,false
871,87265H,Robo Ridge,Southridge School,Surrey,British Columbia,Canada,Middle School,RE-V5RC-25-2529,2025-11-22,21,0,21,0,21,false
872,7368W,CCHS Counter Attack,Covenant Christian High School,Indianapolis,Indiana,United States,Middle School,RE-V5RC-25-1810,2025-11-15,20,15,5,15,5,false
873,71610C,Robot go VROOM not BOOM!,GORDON PARKS ACADEMY,Wichita,Kansas,United States,Middle School,RE-V5RC-25-2573,2025-11-22,20,15,5,15,17,false
874,4810D,Da Bahama Dudes,NORTH UNION MIDDLE SCHOOL,Richwood,Ohio,United States,Middle School,RE-V5RC-25-1243,2025-11-06,20,15,5,15,5,false
875,77360J,Middlecat3,ONALASKA JR/SR HIGH,Onalaska,Texas,United States,Middle School,RE-V5RC-25-2095,2025-10-07,20,0,20,15,20,false
876,75442V,501st LEGION,Farmersville Junior High School,Farmersville,Texas,United States,Middle School,RE-V5RC-25-1827,2025-10-06,20,0,20,15,20,false
877,39333V,Legacy Vision,Legacy Magnet Academy,TUSTIN,California,United States,Middle School,RE-V5RC-25-0649,2025-11-15,20,15,5,15,18,false
878,31575A,High Voltage,Traverse City Area Public Scho,Traverse City,Michigan,United States,Middle School,RE-V5RC-25-1606,2025-11-22,20,15,5,15,5,false
879,9821D,Scrap Wave,EAST GRAND FORKS SENIOR HIGH,East Grand Forks,Minnesota,United States,Middle School,RE-V5RC-25-2140,2025-11-22,20,15,5,15,5,false
880,9123K,Shanghai RuiGuan Team 9123K,ShangHai RuiGuan Robotics Activity Center,Shanghai,Shanghai,China,Middle School,RE-V5RC-25-0862,2025-08-22,20,4,16,4,16,false
881,3590C,Hawaiian Kids,WAIALUA HIGH & INTERMEDIATE SCHOOL,Waialua,Hawaii,United States,Middle School,RE-V5RC-25-2405,2025-11-15,20,3,17,3,17,false
882,462X,Wolverines,HARVARD-WESTLAKE,Los Angeles,California,United States,Middle School,RE-V5RC-25-0343,2025-11-08,20,2,18,2,20,false
883,83686D,Goon Squad,SOUTH MIDDLE SCHOOL,Nampa,Idaho,United States,Middle School,RE-V5RC-25-0327,2025-11-07,20,2,18,2,18,false
884,3358B,Byteforce,Wheelhouse Robotics LLC,Irving,Texas,United States,Middle School,RE-V5RC-25-2014,2025-11-21,20,2,18,2,18,false
885,57152A,Apollo,CABOT JUNIOR HIGH NORTH,Cabot,Arkansas,United States,Middle School,RE-V5RC-25-0135,2025-11-15,20,1,19,1,19,false
886,6293D,CROCS  - Team D,PINECREST ACADEMY CHARTER MIDDLE SCHOOL,Miami,Florida,United States,Middle School,RE-V5RC-25-1986,2025-11-08,20,1,19,1,19,false
887,4073A,VEX JETS,JOE WALKER MIDDLE,Lancaster,California,United States,Middle School,RE-V5RC-25-0072,2025-09-13,20,1,19,1,19,false
888,61526A,ST Therese Robotics ,ST THERESE SCHOOL,Kansas City,Missouri,United States,Middle School,RE-V5RC-25-2182,2025-11-22,20,0,20,0,20,false
889,73805S,Sushi Shefs,GERMANTOWN MIDDLE SCHOOL,Madison,Mississippi,United States,Middle School,RE-V5RC-25-1450,2025-10-20,20,0,20,0,20,false
890,67282E,Mr. Bean,WATSON JUNIOR HIGH SCHOOL,Colorado Springs,Colorado,United States,Middle School,RE-V5RC-25-1065,2025-10-18,20,0,20,0,20,false
891,9149A,Robocats,Meyer Middle School Robotics,River Falls,Wisconsin,United States,Middle School,RE-V5RC-25-9984,2025-11-22,20,0,20,0,20,false
892,23301W,BattleKatZ,CHRIST CHAPEL ACADEMY,Woodbridge,Virginia,United States,Middle School,RE-V5RC-25-9935,2025-10-25,20,0,20,0,20,false
893,673E,Thunderbolts,EAST VALLEY MIDDLE SCHOOL,Nampa,Idaho,United States,Middle School,RE-V5RC-25-0327,2025-11-07,20,0,20,0,20,false
894,8878F,Fred the Frog,Jockey Hollow Stem Program,Monroe,Connecticut,United States,Middle School,RE-V5RC-25-0126,2025-11-08,20,0,20,0,20,false
895,7403A,Clanker Makers,CLEAR CREEK INT,League City,Texas,United States,Middle School,RE-V5RC-25-2095,2025-10-07,20,0,20,0,20,false
896,48329E,RoboKnights 48329E,SOUTHWOOD JR-SR HIGH SCHOOL,Wabash,Indiana,United States,Middle School,RE-V5RC-25-1978,2025-11-15,20,0,20,0,20,false
897,27301E,Radish Bugs,Waianae Intermediate School,Waianae,Hawaii,United States,Middle School,RE-V5RC-25-2405,2025-11-15,20,0,20,0,20,false
898,23438C,The Wizard of Blockz,FIVE FORKS MIDDLE SCHOOL,Lawrenceville,Georgia,United States,Middle School,RE-V5RC-25-1373,2025-11-22,20,0,20,0,20,false
899,4810A,Archive,NORTH UNION MIDDLE SCHOOL,Richwood,Ohio,United States,Middle School,RE-V5RC-25-1243,2025-11-06,20,0,20,0,20,false
900,13000V,501,GRANDVILLE MIDDLE SCHOOL,Grandville,Michigan,United States,Middle School,RE-V5RC-25-3070,2025-10-27,20,0,20,0,20,false
901,50250B,Gear Grinders,BASHA HIGH SCHOOL,Chandler,Arizona,United States,Middle School,RE-V5RC-25-0270,2025-11-15,20,0,20,0,20,false
902,13000H,701,GRANDVILLE MIDDLE SCHOOL,Grandville,Michigan,United States,Middle School,RE-V5RC-25-3070,2025-10-27,20,0,20,0,20,false
903,2052A,transformers,vex学苑苏州人民路校区,Suzhou,Jiangsu,China,Middle School,RE-V5RC-25-0373,2025-07-17,20,0,20,0,20,false
904,8356A,8356A,Stemstar,Shanghai,Shanghai,China,Middle School,RE-V5RC-25-1748,2025-10-24,20,0,20,0,20,false
905,13000Y,402,GRANDVILLE MIDDLE SCHOOL,Grandville,Michigan,United States,Middle School,RE-V5RC-25-3070,2025-10-27,20,0,20,0,20,false
906,80088C,DFD-C,Dongfengdong Road Primary School,Guangzhou,Guangdong,China,Middle School,RE-V5RC-25-1913,2025-11-07,20,0,20,0,20,false
907,9012Z,NortherKnighters,Northern Middle School,Hagerstown,Maryland,United States,Middle School,RE-V5RC-25-9977,2025-11-21,20,0,20,0,20,false
908,13455C,Marce Herz Team #3,MARCE HERZ MIDDLE SCHOOL,Reno,Nevada,United States,Middle School,RE-V5RC-25-2432,2025-11-22,20,0,20,0,20,false
909,30044E,Crews BroncoBots,CREWS MIDDLE SCHOOL,Lawrenceville,Georgia,United States,Middle School,RE-V5RC-25-1373,2025-11-22,20,0,20,0,20,false
910,2586C,King Cobras,WASHINGTON MIDDLE SCHOOL,Calumet,Michigan,United States,Middle School,RE-V5RC-25-2030,2025-11-22,20,0,20,0,20,false
911,18960A,Mech Awakening,Junior Middle School Affiliated to No.2 High School of East China Normal University,Shanghai,Shanghai,China,Middle School,RE-V5RC-25-0834,2025-08-14,20,0,20,0,20,false
912,80129R,Emerson Middle School,EMERSON MIDDLE,Bakersfield,California,United States,Middle School,RE-V5RC-25-0072,2025-09-13,20,0,20,0,20,false
913,5971A,Compton Junior High,COMPTON JUNIOR HIGH,Bakersfield,California,United States,Middle School,RE-V5RC-25-0072,2025-09-13,20,0,20,0,20,false
914,1920D,The DOOM Kirby's,Palm Avenue Middle School,Wasco,California,United States,Middle School,RE-V5RC-25-0072,2025-09-13,20,0,20,0,20,false
915,73805R,RPM Rebels,GERMANTOWN MIDDLE SCHOOL,Madison,Mississippi,United States,Middle School,RE-V5RC-25-1450,2025-10-20,20,0,20,0,20,false
916,73805N,Vexineers,GERMANTOWN MIDDLE SCHOOL,Madison,Mississippi,United States,Middle School,RE-V5RC-25-1450,2025-10-20,20,0,20,0,20,false
917,9749B,THE TEAM,WOOD RIVER MIDDLE SCHOOL,Hailey,Idaho,United States,Middle School,RE-V5RC-25-0365,2025-10-22,20,0,20,0,20,false
918,2849M,Nerd Alert,Caston Robotics,Rochester,Indiana,United States,Middle School,RE-V5RC-25-1769,2025-10-25,20,0,20,0,20,false
919,13000M,603,GRANDVILLE MIDDLE SCHOOL,Grandville,Michigan,United States,Middle School,RE-V5RC-25-3070,2025-10-27,20,0,20,0,20,false
920,2769D,ByteForce,Canberra Secondary School,Singapore,,Singapore,Middle School,RE-V5RC-25-0371,2025-11-01,20,0,20,0,20,false
921,81000A,Rubber Bandits,BAY CREEK MIDDLE SCHOOL,Grayson,Georgia,United States,Middle School,RE-V5RC-25-1711,2025-11-01,20,0,20,0,20,false
922,3141R,Random Bits,Gross Catholic Robotics,Bellevue,Nebraska,United States,Middle School,RE-V5RC-25-0002,2025-11-01,20,0,20,0,20,false
923,938G,Blaze Robotics Qubits,Blaze Robotics Academy,Bellevue,Washington,United States,Middle School,RE-V5RC-25-0800,2025-11-01,20,0,20,0,20,false
924,75458X,Metal Marauder Militia,BLAND MIDDLE,Celeste,Texas,United States,Middle School,RE-V5RC-25-1827,2025-10-06,20,0,20,0,20,false
925,75442E,SIX SEVEN LORDS,Farmersville Junior High School,Farmersville,Texas,United States,Middle School,RE-V5RC-25-1827,2025-10-06,20,0,20,0,20,false
926,9089P,Power Rangers,BrandywineBOTS,Wilmington,Delaware,United States,Middle School,RE-V5RC-25-0157,2025-10-09,20,0,20,0,20,false
927,73805T,Tech-no-logic,GERMANTOWN MIDDLE SCHOOL,Madison,Mississippi,United States,Middle School,RE-V5RC-25-1105,2025-11-08,20,0,20,0,20,false
928,12909A,Annihilators,FOUNTAIN MIDDLE SCHOOL,Fountain,Colorado,United States,Middle School,RE-V5RC-25-1058,2025-10-18,20,0,20,0,20,false
929,76222R,Vikings,ST MARGARET CATHOLIC SCHOOL,Lake Charles,Louisiana,United States,Middle School,RE-V5RC-25-1500,2025-10-02,20,0,20,0,20,false
930,9806B,Crusaderbots,BONITA VISTA MIDDLE,Chula Vista,California,United States,Middle School,RE-V5RC-25-0405,2025-09-13,20,0,20,0,20,false
931,8614C,Mecha Munchkins,Bentonville Schools,Bentonville,Arkansas,United States,Middle School,RE-V5RC-25-2000,2025-11-08,20,0,20,0,20,false
932,3324C,Supernova C,SCIENCE ACADEMY STEM MAGNET,North Hollywood,California,United States,Middle School,RE-V5RC-25-0343,2025-11-08,20,0,20,0,20,false
933,89446A,WJHS Competition Robotics Team,WINNEMUCCA JUNIOR HIGH SCHOOL,Winnemucca,Nevada,United States,Middle School,RE-V5RC-25-2924,2025-11-08,20,0,20,0,20,false
934,2323J,Jaws,WEBER INNOVATION HIGH SCHOOL,Ogden,Utah,United States,Middle School,RE-V5RC-25-1483,2025-11-15,20,0,20,0,20,false
935,9078W,The Dino Nuggets,GRIFFITHS MIDDLE,Downey,California,United States,Middle School,RE-V5RC-25-0771,2025-10-11,20,0,20,0,20,false
936,51521B,Mc Jugger Nuggets,NORTH PARK ACADEMY OF THE ARTS,Pico Riverra,California,United States,Middle School,RE-V5RC-25-0771,2025-10-11,20,0,20,0,20,false
937,42748B,Hub Cats,FLORENCE CHAPEL MIDDLE,Duncan,South Carolina,United States,Middle School,RE-V5RC-25-0045,2025-11-15,20,0,20,0,20,false
938,7831E,"Blood, Sweat and Gears",FRANK H HARRISON MIDDLE SCHOOL,Yarmouth,Maine,United States,Middle School,RE-V5RC-25-9998,2025-11-15,20,0,20,0,20,false
939,3650C,Northeast Jaguars,NORTHEAST MIDDLE SCHOOL,Jackson,Tennessee,United States,Middle School,RE-V5RC-25-0384,2025-10-14,20,0,20,0,20,false
940,81819E,Lore,Innovac Makerspace,Singapore,,Singapore,Middle School,RE-V5RC-25-1037,2025-11-19,20,0,20,0,20,false
941,22443B,Robo Squad,Buckeye High School,Deville,Louisiana,United States,Middle School,RE-V5RC-25-1988,2025-11-20,20,0,20,0,20,false
942,9210G,Universal Serial Bus,SAUK RAPIDS-RICE MIDDLE SCHOOL,Sauk Rapids,Minnesota,United States,Middle School,RE-V5RC-25-0745,2025-10-21,20,0,20,0,20,false
943,75442Y,ROOT BEER,Farmersville Junior High School,Farmersville,Texas,United States,Middle School,RE-V5RC-25-2014,2025-11-21,20,0,20,0,20,false
944,2148Z,Da minions,Greenville Middle School,Greenville,Texas,United States,Middle School,RE-V5RC-25-2014,2025-11-21,20,0,20,0,20,false
945,2148S,The Goobers,Greenville Middle School,Greenville,Texas,United States,Middle School,RE-V5RC-25-2014,2025-11-21,20,0,20,0,20,false
946,93000B,Sweetwater Patriots B,SWEETWATER MIDDLE SCHOOL,Lawrenceville,Georgia,United States,Middle School,RE-V5RC-25-1373,2025-11-22,20,0,20,0,20,false
947,28727D,Crusaders,CHRIST THE REDEEMER CATHOLIC SCHOOL,Houston,Texas,United States,Middle School,RE-V5RC-25-2263,2025-11-22,20,0,20,0,20,false
948,21421A,Jemarias,All Saints Catholic School,Bangor,Maine,United States,Middle School,RE-V5RC-25-2119,2025-11-22,20,0,20,0,20,false
949,28727B,Crusaders,CHRIST THE REDEEMER CATHOLIC SCHOOL,Houston,Texas,United States,Middle School,RE-V5RC-25-2263,2025-11-22,20,0,20,0,20,false
950,4431A,Amazing Eggrolls,WEST HARDIN MIDDLE SCHOOL,Cecilia,Kentucky,United States,Middle School,RE-V5RC-25-2549,2025-11-22,20,0,20,0,20,false
951,23438B,Blame the Code,FIVE FORKS MIDDLE SCHOOL,Lawrenceville,Georgia,United States,Middle School,RE-V5RC-25-1373,2025-11-22,20,0,20,0,20,false
952,60667A,Underdawgs,Hancock Middle School,Hancock,Michigan,United States,Middle School,RE-V5RC-25-2030,2025-11-22,20,0,20,0,20,false
953,41120D,ZMS Robotics,ZANESVILLE MIDDLE SCHOOL,Zanesville,Ohio,United States,Middle School,RE-V5RC-25-0882,2025-11-22,20,0,20,0,20,false
954,3333N,SnakeByterrs,Notre Dame Prep,Pontiac,Michigan,United States,Middle School,RE-V5RC-25-0381,2025-11-22,20,0,20,0,20,false
955,1812A,NM-Pizzanators,North Marion High School,Aurora,Oregon,United States,Middle School,RE-V5RC-25-9942,2025-11-22,20,0,20,0,20,false
956,11055C,Annihilators,Lone Star Middle School,Nampa,Idaho,United States,Middle School,RE-V5RC-25-2517,2025-11-22,20,0,20,0,20,false
957,11055B,Fire Fighters,Lone Star Middle School,Nampa,Idaho,United States,Middle School,RE-V5RC-25-2517,2025-11-22,20,0,20,0,20,false
958,17814C,vexCaliper,WESTON MIDDLE SCHOOL,Weston,Connecticut,United States,Middle School,RE-V5RC-25-2155,2025-11-23,20,0,20,0,20,false
959,65100P,Dehydrated Water,"Pymble Ladies College, Sydney, Australia",Sydney,New South Wales,Australia,Middle School,RE-V5RC-25-0841,2025-08-27,19,15,4,15,4,false
960,88885A,88885A,Stemstar,Shanghai,Shanghai,China,Middle School,RE-V5RC-25-3592,2025-11-21,19,5,14,5,14,false
961,46666A,三帆,北京市三帆中学（德外校区）,北京市,Beijing,China,Middle School,RE-V5RC-25-3592,2025-11-21,19,3,16,3,16,false
962,78877A,Scrappers A,Platte Purchase Middle School,Kansas City,Missouri,United States,Middle School,RE-V5RC-25-0144,2025-11-06,19,1,18,1,18,false
963,95694B,Winters Robotics,WINTERS MIDDLE,"Winters,",California,United States,Middle School,RE-V5RC-25-0123,2025-11-01,19,0,19,1,19,false
964,50009Z,LW-Z,Guangzhou Liwan Children's Palace,Guangzhou,Guangdong,China,Middle School,RE-V5RC-25-1913,2025-11-07,19,0,19,1,19,false
965,2822F,Spartan Design Fireflies,STAUFFER (MARY R.) MIDDLE,Downey,California,United States,Middle School,RE-V5RC-25-0366,2025-10-18,19,0,19,1,19,false
966,99088X,X-tra Fancy Bananas,BEMAN MIDDLE SCHOOL,Middletown,Connecticut,United States,Middle School,RE-V5RC-25-0177,2025-10-25,19,0,19,0,19,false
967,10820E,Titanium Vipers,WILLOW SPRINGS MIDDLE,Lucas,Texas,United States,Middle School,RE-V5RC-25-2014,2025-11-21,19,0,19,0,19,false
968,7899E,Rolling Robots E-Vengers,Rolling Robots,Irvine,California,United States,Middle School,RE-V5RC-25-0649,2025-11-15,19,0,19,0,19,false
969,9447R,The Sitting Ducks,Palmetto Scholars Academy,North Charleston,South Carolina,United States,Middle School,RE-V5RC-25-0045,2025-11-15,19,0,19,0,19,false
970,1247E,The Elements of Robotics,WESTBROOK INT,Friendswood,Texas,United States,Middle School,RE-V5RC-25-2095,2025-10-07,19,0,19,0,19,false
971,3547K,Peach Vibe,Technolgy First,Monroe,Michigan,United States,Middle School,RE-V5RC-25-0381,2025-11-22,19,0,19,0,19,false
972,9142V,Valhalla,WILL ROGERS JHS,Claremore,Oklahoma,United States,Middle School,RE-V5RC-25-2583,2025-11-22,19,0,19,0,19,false
973,457F,Purple,JENISON JUNIOR HIGH SCHOOL,Jenison,Michigan,United States,Middle School,RE-V5RC-25-2283,2025-11-24,19,0,19,0,19,false
974,8838E,Robohawks - Eclipse,ORCHARD HILLS,Irvine,California,United States,Middle School,RE-V5RC-25-0816,2025-09-13,19,0,19,0,19,false
975,9413A,The Jolly Bees,STEAM ACADEMY @ BURKE,Pico Rivera,California,United States,Middle School,RE-V5RC-25-1418,2025-10-04,19,0,19,0,19,false
976,8009K,乐凯战队,河北保定乐凯中学,Baoding,Hebei,China,Middle School,RE-V5RC-25-2050,2025-10-04,19,0,19,0,19,false
977,2037E,Dragon Robotics,DOWNTOWN ELEMENTARY,Bakersfield,California,United States,Middle School,RE-V5RC-25-0072,2025-09-13,19,0,19,0,19,false
978,7690W,FJH Outcast,FRUITVALE JUNIOR HIGH,Bakersfield,California,United States,Middle School,RE-V5RC-25-0072,2025-09-13,19,0,19,0,19,false
979,33249D,The Silver Lions,BOB JONES ACADEMY MIDDLE SCHOOL,Greenville,South Carolina,United States,Middle School,RE-V5RC-25-0050,2025-10-18,19,0,19,0,19,false
980,2822E,Spartan Design Excalibur,STAUFFER (MARY R.) MIDDLE,Downey,California,United States,Middle School,RE-V5RC-25-0366,2025-10-18,19,0,19,0,19,false
981,29651J,Techno Jays,BLUE RIDGE MIDDLE,Greer,South Carolina,United States,Middle School,RE-V5RC-25-0501,2025-10-25,19,0,19,0,19,false
982,29651E,Finger Lickin Fried Chicken,Blue Ridge Middle School,Greer,South Carolina,United States,Middle School,RE-V5RC-25-0796,2025-11-01,19,0,19,0,19,false
983,74162E,Ridge Runners,BLUE RIDGE MIDDLE SCHOOL,Blue Ridge,Texas,United States,Middle School,RE-V5RC-25-1827,2025-10-06,19,0,19,0,19,false
984,51648A,The Muffin Men,MAPLEWOOD MIDDLE SCHOOL,Sulphur,Louisiana,United States,Middle School,RE-V5RC-25-1500,2025-10-02,19,0,19,0,19,false
985,17325E,Banana Klankers 3.0,Glenwood Middle School,Findlay,Ohio,United States,Middle School,RE-V5RC-25-9960,2025-11-14,19,0,19,0,19,false
986,42748C,Gear Heads,Florence Chapel Middle School,Duncan,South Carolina,United States,Middle School,RE-V5RC-25-0045,2025-11-15,19,0,19,0,19,false
987,46C,Clankers,Seton,Manassas,Virginia,United States,Middle School,RE-V5RC-25-0494,2025-11-15,19,0,19,0,19,false
988,7700N,Rolling Robots Noodle Fish,Rolling Robots,Rolling Hills Estates,California,United States,Middle School,RE-V5RC-25-0649,2025-11-15,19,0,19,0,19,false
989,8512A,Nuts and Bolts,MURCHISON MIDDLE,Austin,Texas,United States,Middle School,RE-V5RC-25-0876,2025-11-15,19,0,19,0,19,false
990,34543R,RoboPhish,Top Tier Robotics,Plymouth,Indiana,United States,Middle School,RE-V5RC-25-1978,2025-11-15,19,0,19,0,19,false
991,3650B,Northeast Jaguars,NORTHEAST MIDDLE SCHOOL,Jackson,Tennessee,United States,Middle School,RE-V5RC-25-0384,2025-10-14,19,0,19,0,19,false
992,9594C,RoboCavs,Collingwood,West Vancouver,British Columbia,Canada,Middle School,RE-V5RC-25-0680,2025-11-16,19,0,19,0,19,false
993,1061B,Cold Fusion,King Science/tech Magnet Middle School,Omaha,Nebraska,United States,Middle School,RE-V5RC-25-0456,2025-09-25,19,0,19,0,19,false
994,76249C,Bot Blasters,ELKVIEW MIDDLE SCHOOL,Elkview,West Virginia,United States,Middle School,RE-V5RC-25-1505,2025-11-21,19,0,19,0,19,false
995,10820S,Sparkle Kitties,WILLOW SPRINGS MIDDLE,Lucas,Texas,United States,Middle School,RE-V5RC-25-2014,2025-11-21,19,0,19,0,19,false
996,41120C,A Talking Donkey,ZANESVILLE MIDDLE SCHOOL,Zanesville,Ohio,United States,Middle School,RE-V5RC-25-0882,2025-11-22,19,0,19,0,19,false
997,33705C,★★★★★Galaxy Gators,Coleman Youth Development Academy,Lake Charles,Louisiana,United States,Middle School,RE-V5RC-25-0477,2025-11-22,19,0,19,0,19,false
998,394A,Highlands Inter Robotics,HIGHLANDS INTERMEDIATE SCHOOL,Pearl City,Hawaii,United States,Middle School,RE-V5RC-25-2038,2025-11-22,19,0,19,0,19,false
999,3730T,ten pen pen,Private,Palo Alto,California,United States,Middle School,RE-V5RC-25-0054,2025-11-23,19,0,19,0,19,false
1000,97311G,Unemployed,DUNCAN LAKE MIDDLE SCHOOL,Caledonia,Michigan,United States,Middle School,RE-V5RC-25-2283,2025-11-24,19,0,19,0,19,false
1001,17380D,D-Code,Searsport District Middle/High School,Searsport,Maine,United States,Middle School,RE-V5RC-25-2119,2025-11-22,18,15,3,15,16,false
1002,97435B,Duck Duck Robot,PIZITZ MIDDLE SCHOOL,Vestavia Hills,Alabama,United States,Middle School,RE-V5RC-25-1207,2025-11-20,18,0,18,15,18,false
1003,44654A,Barbie Girls,WEST HOLMES MIDDLE SCHOOL,Millersburg,Ohio,United States,Middle School,RE-V5RC-25-9960,2025-11-14,18,15,3,15,3,false
1004,75442F,PHAT CHIKINZ,Farmersville Junior High School,Farmersville,Texas,United States,Middle School,RE-V5RC-25-2014,2025-11-21,18,15,3,15,3,false
1005,1338W,White HEAT,BRYANT JUNIOR HIGH SCHOOL,Bryant,Arkansas,United States,Middle School,RE-V5RC-25-2000,2025-11-08,18,2,16,2,16,false
1006,73805Z,The Maverick Engineers,GERMANTOWN MIDDLE SCHOOL,Madison,Mississippi,United States,Middle School,RE-V5RC-25-1105,2025-11-08,18,0,18,1,18,false
1007,4233C,Cyber Vortex ,Scott County Middle School,Georgetown,Kentucky,United States,Middle School,RE-V5RC-25-2549,2025-11-22,18,0,18,0,18,false
1008,14323J,Juggernauts,FAIRBANKS MIDDLE SCHOOL,Milford Center,Ohio,United States,Middle School,RE-V5RC-25-9959,2025-11-15,18,0,18,0,18,false
1009,76936C,The Princess Reesecorns,MOUNDSVILLE MIDDLE SCHOOL,Moundsville,West Virginia,United States,Middle School,RE-V5RC-25-0804,2025-11-01,18,0,18,0,18,false
1010,48643B,The Yiga Clan,SPROUL JUNIOR HIGH SCHOOL,Colorado Springs,Colorado,United States,Middle School,RE-V5RC-25-1058,2025-10-18,18,0,18,0,18,false
1011,18962U,Limitless Drive,No.2 Middle School Affiliated to Shanghai Jiao Tong University,Shanghai,Shanghai,China,Middle School,RE-V5RC-25-1748,2025-10-24,18,0,18,0,18,false
1012,65555K,远游冠,云南大学附属中学星耀校区/云师大附属世纪金源学校,昆明市,Yunnan,China,Middle School,RE-V5RC-25-3771,2025-11-14,18,0,18,0,18,false
1013,32088A,Control Alt Defeat,Auburn Community Robotics,Auburn,Alabama,United States,Middle School,RE-V5RC-25-1406,2025-11-15,18,0,18,0,18,false
1014,20360C,North of Aquarius @SHSSIP,suzhou high school SIP,Suzhou,Jiangsu,China,Middle School,RE-V5RC-25-0373,2025-07-17,18,0,18,0,18,false
1015,3219Y,SHSID TEAM Y,Shanghai High School International Division,Shanghai,Shanghai,China,Middle School,RE-V5RC-25-0862,2025-08-22,18,0,18,0,18,false
1016,90471A,Sundevils A,TIERRA DEL SOL MIDDLE,Lakeside,California,United States,Middle School,RE-V5RC-25-0407,2025-10-04,18,0,18,0,18,false
1017,7690F,FJH 7690F,FRUITVALE JUNIOR HIGH,Bakersfield,California,United States,Middle School,RE-V5RC-25-0072,2025-09-13,18,0,18,0,18,false
1018,8975A,Chipman Robotics A - Auto-Monkeys,CHIPMAN JUNIOR HIGH,Bakersfield,California,United States,Middle School,RE-V5RC-25-0072,2025-09-13,18,0,18,0,18,false
1019,83009F,Circuit Breakers,BAILEY MIDDLE SCHOOL,Austin,Texas,United States,Middle School,RE-V5RC-25-0634,2025-10-18,18,0,18,0,18,false
1020,23087A,Saratino,Saratino,Cupertino,California,United States,Middle School,RE-V5RC-25-1472,2025-10-25,18,0,18,0,18,false
1021,33249K,The Cosmic Vanguard,BOB JONES ACADEMY MIDDLE SCHOOL,Greenville,South Carolina,United States,Middle School,RE-V5RC-25-0796,2025-11-01,18,0,18,0,18,false
1022,1262F,OPS - Robotic Falcons,Bluestem Middle School,Omaha,Nebraska,United States,Middle School,RE-V5RC-25-0456,2025-09-25,18,0,18,0,18,false
1023,9089E,SYNT4X 404,BrandywineBOTS,Wilmington,Delaware,United States,Middle School,RE-V5RC-25-0157,2025-10-09,18,0,18,0,18,false
1024,34012D,Blender,THOMAS JEFFERSON CHARTER,Caldwell,Idaho,United States,Middle School,RE-V5RC-25-0327,2025-11-07,18,0,18,0,18,false
1025,8303U,NS-BaiShiZhouV5,深圳市南山外国语学校（集团）文华学校,深圳,Guangdong,China,Middle School,RE-V5RC-25-1913,2025-11-07,18,0,18,0,18,false
1026,99008S,E-Knights,Chill Robotics,Austin,Texas,United States,Middle School,RE-V5RC-25-2066,2025-11-08,18,0,18,0,18,false
1027,52766E,The Goonies,SABIN MIDDLE SCHOOL,Colorado Springs,Colorado,United States,Middle School,RE-V5RC-25-1058,2025-10-18,18,0,18,0,18,false
1028,70663A,Farkle Sharkles,LEBLANC MIDDLE SCHOOL,Sulphur,Louisiana,United States,Middle School,RE-V5RC-25-1500,2025-10-02,18,0,18,0,18,false
1029,74801D,NOT Roberto,Westwood,Gainesville,Florida,United States,Middle School,RE-V5RC-25-1563,2025-11-08,18,0,18,0,18,false
1030,6517X,TRITONBOTS-X,EASTLAKE MIDDLE,Chula Vista,California,United States,Middle School,RE-V5RC-25-0405,2025-09-13,18,0,18,0,18,false
1031,47969E,Mechanized Metal,PIKE ROAD JR HIGH SCHOOL,Pike Road,Alabama,United States,Middle School,RE-V5RC-25-0832,2025-11-08,18,0,18,0,18,false
1032,2701Y,Made in America,Franklin Christian Academy,Franklin,Tennessee,United States,Middle School,RE-V5RC-25-0454,2025-11-08,18,0,18,0,18,false
1033,7187M,Team Name,FAYETTEVILLE HIGH SCHOOL EAST,Fayetteville,Arkansas,United States,Middle School,RE-V5RC-25-2000,2025-11-08,18,0,18,0,18,false
1034,703C,RCC4,NORWELL MIDDLSCHOOL,Ossian,Indiana,United States,Middle School,RE-V5RC-25-1810,2025-11-15,18,0,18,0,18,false
1035,587V,Vulcanoes,LINCOLN JUNIOR HIGH SCHOOL,Plymouth,Indiana,United States,Middle School,RE-V5RC-25-1978,2025-11-15,18,0,18,0,18,false
1036,8871C,Eagles 3,WALTER JOHNSON JUNIOR HIGH SCHOOL ACADEMY OF INTERNATIONAL S,Las  Vegas,Nevada,United States,Middle School,RE-V5RC-25-1270,2025-11-15,18,0,18,0,18,false
1037,1868C,Space Cookies VEX 1868C,Space Cookies VEX Robotics Team,Moffett Field,California,United States,Middle School,RE-V5RC-25-1473,2025-11-15,18,0,18,0,18,false
1038,81819A,BLOAF,Innovac Makerspace,Singapore,,Singapore,Middle School,RE-V5RC-25-1037,2025-11-19,18,0,18,0,18,false
1039,1383B,VLI Robotics,VICTORY LAKES INT,League City,Texas,United States,Middle School,RE-V5RC-25-0205,2025-11-21,18,0,18,0,18,false
1040,2088V,Sleep Deprived,Western Mechatronics Robotics Club,Calgary,Alberta,Canada,Middle School,RE-V5RC-25-1906,2025-11-22,18,0,18,0,18,false
1041,56549E,How to be Cookie Monsters 101,HAWLEY SECONDARY,Hawley,Minnesota,United States,Middle School,RE-V5RC-25-2140,2025-11-22,18,0,18,0,18,false
1042,18891B,G-4s,4-H Club,East Hartland,Connecticut,United States,Middle School,RE-V5RC-25-2155,2025-11-23,18,0,18,0,18,false
1043,457B,THIS IS RIGGED,JENISON JUNIOR HIGH SCHOOL,Jenison,Michigan,United States,Middle School,RE-V5RC-25-2283,2025-11-24,18,0,18,0,18,false
1044,4613C,X-Bots,Barker College,Sydney,New South Wales,Australia,Middle School,RE-V5RC-25-1959,2025-09-04,17,15,2,15,2,false
1045,34071B,HABS-Gliders,Haberdashers' Girls School,Elstree,,United Kingdom,Middle School,RE-V5RC-25-9987,2025-10-16,17,15,2,15,15,false
1046,75442B,LADY LOGICS,Farmersville Junior High School,Farmersville,Texas,United States,Middle School,RE-V5RC-25-2014,2025-11-21,17,15,2,15,2,false
1047,23835B,SSMS Circuit Sharks,SULPHUR SPRINGS MIDDLE,Sulphur Springs,Texas,United States,Middle School,RE-V5RC-25-2014,2025-11-21,17,15,2,15,2,false
1048,8878E,Eclipse,JOCKEY HOLLOW SCHOOL,Monroe,Connecticut,United States,Middle School,RE-V5RC-25-2155,2025-11-23,17,2,15,2,16,false
1049,673H,Power Puff Girls,East Valley Middle School,Nampa,Idaho,United States,Middle School,RE-V5RC-25-1841,2025-10-24,17,2,15,2,15,false
1050,13818X,QRCA,AAA Training and Tuition (RTO 46396),Burleigh Heads,Queensland,Australia,Middle School,RE-V5RC-25-1018,2025-10-25,17,1,16,1,16,false
1051,29485A,Apollo Bots,East Edisto Middle,Summerville,South Carolina,United States,Middle School,RE-V5RC-25-0501,2025-10-25,17,1,16,1,16,false
1052,52407A,Nighthawks,Roboroots,TAYLORS,South Carolina,United States,Middle School,RE-V5RC-25-0501,2025-10-25,17,1,16,1,16,false
1053,7458F,Unexpected Rapid Disassembly,FISHER SECONDARY,Fisher,Minnesota,United States,Middle School,RE-V5RC-25-2140,2025-11-22,17,1,16,1,16,false
1054,3211Y,Operation 6-7,Scouts BSA - Troop 211,Sartell,Minnesota,United States,Middle School,RE-V5RC-25-0745,2025-10-21,17,0,17,0,17,false
1055,14323K,Metal Knights,FAIRBANKS MIDDLE SCHOOL,Milford Center,Ohio,United States,Middle School,RE-V5RC-25-9959,2025-11-15,17,0,17,0,17,false
1056,97435C,MetalHeads,PIZITZ MIDDLE SCHOOL,Vestavia Hills,Alabama,United States,Middle School,RE-V5RC-25-1207,2025-11-20,17,0,17,0,17,false
1057,90235A,ATOMIC,S. J. WELSH MIDDLE SCHOOL,Lake Charles,Louisiana,United States,Middle School,RE-V5RC-25-1500,2025-10-02,17,0,17,0,17,false
1058,1338X,X HEAT,BRYANT JUNIOR HIGH SCHOOL,Bryant,Arkansas,United States,Middle School,RE-V5RC-25-2000,2025-11-08,17,0,17,0,17,false
1059,8878D,Dino-Mite,JOCKEY HOLLOW SCHOOL,Monroe,Connecticut,United States,Middle School,RE-V5RC-25-2155,2025-11-23,17,0,17,0,17,false
1060,52050D,Astro Chaos,Aquinas College,Ringwood,Victoria,Australia,Middle School,RE-V5RC-25-0027,2025-08-12,17,0,17,0,17,false
1061,81016M,M-Pact,Malesus STEM Innovation Center,Jackson,Tennessee,United States,Middle School,RE-V5RC-25-0572,2025-10-03,17,0,17,0,17,false
1062,39475M,RGS Robo Kai 12,The Royal Grammar School Newcastle Upon Tyne,Newcastle Upon Tyne,,United Kingdom,Middle School,RE-V5RC-25-0073,2025-10-11,17,0,17,0,17,false
1063,2516B,Chargers,ST FRANCIS PARISH SCHOOL,Bakersfield,California,United States,Middle School,RE-V5RC-25-0072,2025-09-13,17,0,17,0,17,false
1064,5971C,Compton Junior High,COMPTON JUNIOR HIGH,Bakersfield,California,United States,Middle School,RE-V5RC-25-0072,2025-09-13,17,0,17,0,17,false
1065,15302A,Lynx Robotics,Lincoln Junior High School.,Bakersfield,California,United States,Middle School,RE-V5RC-25-0072,2025-09-13,17,0,17,0,17,false
1066,54345B,LFCD Omega,Landau Forte Derby College,Derby,,United Kingdom,Middle School,RE-V5RC-25-9987,2025-10-16,17,0,17,0,17,false
1067,94773A,Rancho Star-Bots,RANCHO-STARBUCK INTERMEDIATE,Whittier,California,United States,Middle School,RE-V5RC-25-0366,2025-10-18,17,0,17,0,17,false
1068,4813D,Gambit,Taipei American School - Middle School,Taipei,,Taiwan,Middle School,RE-V5RC-25-0320,2025-10-25,17,0,17,0,17,false
1069,29687X,Operation Override,Northwood Middle School,Taylors,South Carolina,United States,Middle School,RE-V5RC-25-0501,2025-10-25,17,0,17,0,17,false
1070,15486D,Royal Flush,VISTA SCHOOL,Ivins,Utah,United States,Middle School,RE-V5RC-25-0566,2025-10-25,17,0,17,0,17,false
1071,29651B,Blooming Bots,Blue Ridge Middle School,Greer,South Carolina,United States,Middle School,RE-V5RC-25-0796,2025-11-01,17,0,17,0,17,false
1072,23001C,Robo Bears 3,TWIN RIVERS MIDDLE SCHOOL,Buford,Georgia,United States,Middle School,RE-V5RC-25-1711,2025-11-01,17,0,17,0,17,false
1073,30044A,Crews BroncoBots,CREWS MIDDLE SCHOOL,Lawrenceville,Georgia,United States,Middle School,RE-V5RC-25-1711,2025-11-01,17,0,17,0,17,false
1074,295W,Eclipse,Placer Robotics (PART),Roseville,California,United States,Middle School,RE-V5RC-25-0123,2025-11-01,17,0,17,0,17,false
1075,52102C,The Undertakers,SOUTH GIRARD SCHOOL,Phenix City,Alabama,United States,Middle School,RE-V5RC-25-2138,2025-11-08,17,0,17,0,17,false
1076,72801C,Circuit Breakers,RUSSELLVILLE JR. HIGH SCHOOL,Russellville,Arkansas,United States,Middle School,RE-V5RC-25-2000,2025-11-08,17,0,17,0,17,false
1077,6356E,Eponymous,TRAIL RIDGE MIDDLE SCHOOL,Longmont,Colorado,United States,Middle School,RE-V5RC-25-2582,2025-11-08,17,0,17,0,17,false
1078,80026B,The Cereal,ANGEVINE MIDDLE SCHOOL,Lafayette,Colorado,United States,Middle School,RE-V5RC-25-2582,2025-11-08,17,0,17,0,17,false
1079,44287A,Grump-a-sauruses,Northwestern Middle School,West Salem,Ohio,United States,Middle School,RE-V5RC-25-9960,2025-11-14,17,0,17,0,17,false
1080,2622C,Chicken Nugget,New Energy Education,Syosset,New York,United States,Middle School,RE-V5RC-25-0363,2025-11-15,17,0,17,0,17,false
1081,28466R,Artic Sharks,SPRINGS STUDIO FOR ACADEMIC EXCELLENCE,Colorado Springs,Colorado,United States,Middle School,RE-V5RC-25-0997,2025-11-15,17,0,17,0,17,false
1082,28466N,Frozen Nuggets,SPRINGS STUDIO FOR ACADEMIC EXCELLENCE,Colorado Springs,Colorado,United States,Middle School,RE-V5RC-25-0997,2025-11-15,17,0,17,0,17,false
1083,6572B,Creekside Intermediate,CREEKSIDE INT,League City,Texas,United States,Middle School,RE-V5RC-25-2095,2025-10-07,17,0,17,0,17,false
1084,6572E,Creekside Intermediate,CREEKSIDE INT,League City,Texas,United States,Middle School,RE-V5RC-25-2095,2025-10-07,17,0,17,0,17,false
1085,25177B,Talk Nerdy To Me,Hayes Middle School,St. Albans,West Virginia,United States,Middle School,RE-V5RC-25-1505,2025-11-21,17,0,17,0,17,false
1086,30202A,Thunder Falcons,Perryville Middle School,Perryville,Maryland,United States,Middle School,RE-V5RC-25-9977,2025-11-21,17,0,17,0,17,false
1087,25312C,The Einstein's,SISSONVILLE MIDDLE SCHOOL,Charleston,West Virginia,United States,Middle School,RE-V5RC-25-1505,2025-11-21,17,0,17,0,17,false
1088,23835A,SSMS RoboRebels,SULPHUR SPRINGS MIDDLE,Sulphur Springs,Texas,United States,Middle School,RE-V5RC-25-2014,2025-11-21,17,0,17,0,17,false
1089,4815A,CPC TEAM A,WEO CHANG PUI CHUNG MEMORIAL SCHOOL,Hong Kong,,Hong Kong,Middle School,RE-V5RC-25-0139,2025-11-22,17,0,17,0,17,false
1090,1383C,VLI: Kill Switch,VICTORY LAKES INT,League City,Texas,United States,Middle School,RE-V5RC-25-0205,2025-11-21,17,0,17,0,17,false
1091,24931A,Bazinga STEMBots,LANIER MIDDLE SCHOOL,Sugar Hill,Georgia,United States,Middle School,RE-V5RC-25-1373,2025-11-22,17,0,17,0,17,false
1092,6844E,Hydronix (MS),MITCHELL HIGH SCHOOL,Mitchell,South Dakota,United States,Middle School,RE-V5RC-25-0630,2025-11-22,17,0,17,0,17,false
1093,25918A,25918A,Christa Mcauliffe Academy,Wichita,Kansas,United States,Middle School,RE-V5RC-25-2573,2025-11-22,17,0,17,0,17,false
1094,46131A,The intergalactic fish,Barker College,Sydney,New South Wales,Australia,Middle School,RE-V5RC-25-1959,2025-09-04,16,15,1,15,1,false
1095,77360H,Middlecat2,ONALASKA JR/SR HIGH,Onalaska,Texas,United States,Middle School,RE-V5RC-25-2095,2025-10-07,16,15,1,15,16,false
1096,4613H,Barker Big Macs,Barker College,Sydney,New South Wales,Australia,Middle School,RE-V5RC-25-1959,2025-09-04,16,15,1,15,1,false
1097,7831A,Super Screwjoints,FRANK H HARRISON MIDDLE SCHOOL,Yarmouth,Maine,United States,Middle School,RE-V5RC-25-1202,2025-11-01,16,15,1,15,1,false
1098,71300E,The Purple Anchors,Lied Middle School,Las Vegas,Nevada,United States,Middle School,RE-V5RC-25-1270,2025-11-15,16,15,1,15,1,false
1099,32285B,CTRL + ALT+ ELITE,Hudsonville Christian School,Hudsonville,Michigan,United States,Middle School,RE-V5RC-25-2283,2025-11-24,16,5,11,5,11,false
1100,9078Z,Zesty Robots,GRIFFITHS MIDDLE,Downey,California,United States,Middle School,RE-V5RC-25-0771,2025-10-11,16,0,16,3,16,false
1101,38678B,Battle Bots,St Pius X Middle School,Edgewood,Kentucky,United States,Middle School,RE-V5RC-25-2148,2025-11-08,16,1,15,1,15,false
1102,89107A,Panther Bots,HYDE PARK MIDDLE SCHOOL,Las Vegas,Nevada,United States,Middle School,RE-V5RC-25-1270,2025-11-15,16,1,15,1,15,false
1103,76412G,Lightning Bots,HENRY SCOTT MIDDLE,Denison,Texas,United States,Middle School,RE-V5RC-25-0197,2025-11-22,16,1,15,1,15,false
1104,119S,Supernatural,ST BERNARD SCHOOL,Uncasville,Connecticut,United States,Middle School,RE-V5RC-25-2155,2025-11-23,16,1,15,1,15,false
1105,7403B,Robot Backwards,CLEAR CREEK INT,League City,Texas,United States,Middle School,RE-V5RC-25-0205,2025-11-21,16,0,16,0,16,false
1106,739F,Breach,Kimball Secondary,Kimball,Minnesota,United States,Middle School,RE-V5RC-25-9984,2025-11-22,16,0,16,0,16,false
1107,8108B,Orion Project,NORTH JUNIOR HIGH,Saint Cloud,Minnesota,United States,Middle School,RE-V5RC-25-0745,2025-10-21,16,0,16,0,16,false
1108,76936D,AC Unit,MOUNDSVILLE MIDDLE SCHOOL,Moundsville,West Virginia,United States,Middle School,RE-V5RC-25-0804,2025-11-01,16,0,16,0,16,false
1109,80658A,S.O.D.A.,Silverleaf School,Salem,Oregon,United States,Middle School,RE-V5RC-25-9942,2025-11-22,16,0,16,0,16,false
1110,63857C,Mashpee Middle High School,Mashpee High School,Mashpee,Massachusetts,United States,Middle School,RE-V5RC-25-0347,2025-10-23,16,0,16,0,16,false
1111,10261A,Cougar Robotics,Sullivan Central Middle School,Blountville,Tennessee,United States,Middle School,RE-V5RC-25-0213,2025-10-25,16,0,16,0,16,false
1112,6446A,Royal Robotics 6446A,RANCHO DEL REY MIDDLE,Chula Vista,California,United States,Middle School,RE-V5RC-25-1026,2025-11-15,16,0,16,0,16,false
1113,93303G,Hippopotomonstrosesquippedaliophobia,Monmouth Robotics,Monmouth,Maine,United States,Middle School,RE-V5RC-25-1202,2025-11-01,16,0,16,0,16,false
1114,45078B,The Dashers,ELLICOTT MIDDLE SCHOOL,Calhan,Colorado,United States,Middle School,RE-V5RC-25-1065,2025-10-18,16,0,16,0,16,false
1115,8878G,Ghost peppers,Jockey Hollow Stem Program,Monroe,Connecticut,United States,Middle School,RE-V5RC-25-0126,2025-11-08,16,0,16,0,16,false
1116,1660C,The Hog Riders,Clover Middle School,Clover,South Carolina,United States,Middle School,RE-V5RC-25-0045,2025-11-15,16,0,16,0,16,false
1117,5971B,Compton Junior High,COMPTON JUNIOR HIGH,Bakersfield,California,United States,Middle School,RE-V5RC-25-0072,2025-09-13,16,0,16,0,16,false
1118,76249B,Steel Storm ,ELKVIEW MIDDLE SCHOOL,Elkview,West Virginia,United States,Middle School,RE-V5RC-25-1503,2025-10-10,16,0,16,0,16,false
1119,75877A,KnightBots,CASTLE PARK MIDDLE,Chula Vista,California,United States,Middle School,RE-V5RC-25-0405,2025-09-13,16,0,16,0,16,false
1120,8383A,Washington Middle School,WASHINGTON MIDDLE,Bakersfield,California,United States,Middle School,RE-V5RC-25-0072,2025-09-13,16,0,16,0,16,false
1121,2719S,Bob Wilson,TRITON CENTRAL MIDDLE SCHOOL,Fairland,Indiana,United States,Middle School,RE-V5RC-25-1413,2025-10-18,16,0,16,0,16,false
1122,16495B,Technically Terrifying Titans,TROY SOUTH MIDDLE SCHOOL,Moscow Mills,Missouri,United States,Middle School,RE-V5RC-25-0963,2025-10-18,16,0,16,0,16,false
1123,29651N,Nuclear Newts,BLUE RIDGE MIDDLE,Greer,South Carolina,United States,Middle School,RE-V5RC-25-0501,2025-10-25,16,0,16,0,16,false
1124,82718H,Crypto Crusaders,THUNDER BASIN HIGH SCHOOL,Gillette,Wyoming,United States,Middle School,RE-V5RC-25-0610,2025-10-25,16,0,16,0,16,false
1125,13000N,602,GRANDVILLE MIDDLE SCHOOL,Grandville,Michigan,United States,Middle School,RE-V5RC-25-3070,2025-10-27,16,0,16,0,16,false
1126,16610B,Be Happy,Techblazers,Richmond Hill,Ontario,Canada,Middle School,RE-V5RC-25-0104,2025-11-01,16,0,16,0,16,false
1127,76426D,Digital Designers,BRYSON SCHOOL,Bryson,Texas,United States,Middle School,RE-V5RC-25-1976,2025-11-01,16,0,16,0,16,false
1128,2148X,Deadly Pyroraptors,Greenville Middle School,Greenville,Texas,United States,Middle School,RE-V5RC-25-1603,2025-11-01,16,0,16,0,16,false
1129,80550C,Fried Orange Juice Jackets,WINDSOR CHARTER ACADEMY MIDDLE AND EARLY COLLEGE H,Windsor,Colorado,United States,Middle School,RE-V5RC-25-1210,2025-11-01,16,0,16,0,16,false
1130,6390C,Clank3r,HIGHLAND MIDDLE SCHOOL,Marengo,Ohio,United States,Middle School,RE-V5RC-25-1243,2025-11-06,16,0,16,0,16,false
1131,9089W,Nuclear Squirrels,BrandywineBOTS,Wilmington,Delaware,United States,Middle School,RE-V5RC-25-0157,2025-10-09,16,0,16,0,16,false
1132,6390R,Robo Raptors,Highland Middle School,Marengo,Ohio,United States,Middle School,RE-V5RC-25-1243,2025-11-06,16,0,16,0,16,false
1133,83686F,Glizzies,SOUTH MIDDLE SCHOOL,Nampa,Idaho,United States,Middle School,RE-V5RC-25-0327,2025-11-07,16,0,16,0,16,false
1134,24049A,OPMS Transformers,OAK PARK MIDDLE SCHOOL,Lake Charles,Louisiana,United States,Middle School,RE-V5RC-25-1500,2025-10-02,16,0,16,0,16,false
1135,46390C,Tri-Township Robotics,Tri-Township School,Wanatah,Indiana,United States,Middle School,RE-V5RC-25-1856,2025-11-08,16,0,16,0,16,false
1136,48643C,Gart Babee,SPROUL JUNIOR HIGH SCHOOL,Colorado Springs,Colorado,United States,Middle School,RE-V5RC-25-1058,2025-10-18,16,0,16,0,16,false
1137,12362S,Stardust Crusaders,WHEELING MIDDLE SCHOOL,Wheeling,West Virginia,United States,Middle School,RE-V5RC-25-1854,2025-11-08,16,0,16,0,16,false
1138,67915A,Rockets MS,LAUNCH VIRTUAL ACADEMY,Chula Vista,California,United States,Middle School,RE-V5RC-25-0405,2025-09-13,16,0,16,0,16,false
1139,6517Z,TRITONBOTS-Z,EASTLAKE MIDDLE,Chula Vista,California,United States,Middle School,RE-V5RC-25-0405,2025-09-13,16,0,16,0,16,false
1140,6047S,Hogriders,WESTVIEW MIDDLE SCHOOL,Longmont,Colorado,United States,Middle School,RE-V5RC-25-2582,2025-11-08,16,0,16,0,16,false
1141,93528C,Frictionless,Colorado Early Colleges Fort Collins Middle School,Fort Collins,Colorado,United States,Middle School,RE-V5RC-25-2582,2025-11-08,16,0,16,0,16,false
1142,7187T,Pull Forward,FAYETTEVILLE HIGH SCHOOL EAST,Fayetteville,Arkansas,United States,Middle School,RE-V5RC-25-2000,2025-11-08,16,0,16,0,16,false
1143,8614A,Chubby Chipmunks,Bentonville Schools,Bentonville,Arkansas,United States,Middle School,RE-V5RC-25-2000,2025-11-08,16,0,16,0,16,false
1144,938P,Blaze Robotics Qubits,Blaze Robotics Academy,Bellevue,Washington,United States,Middle School,RE-V5RC-25-0980,2025-11-12,16,0,16,0,16,false
1145,1365X,Spartabots,East Ridge Middle School,Clermont,Florida,United States,Middle School,RE-V5RC-25-2382,2025-11-15,16,0,16,0,16,false
1146,42748E,Mystery Machine,Florence Chapel Middle School,Duncan,South Carolina,United States,Middle School,RE-V5RC-25-0045,2025-11-15,16,0,16,0,16,false
1147,10058D,Mecha Eagles,CORAL ACADEMY OF SCIENCE LAS VEGAS - Cadence,Henderson,Nevada,United States,Middle School,RE-V5RC-25-1270,2025-11-15,16,0,16,0,16,false
1148,94773B,Rancho Star-Bots,RANCHO-STARBUCK INTERMEDIATE,Whittier,California,United States,Middle School,RE-V5RC-25-0771,2025-10-11,16,0,16,0,16,false
1149,9048B,Cotton Candy Squad,York Robotics ,York,Maine,United States,Middle School,RE-V5RC-25-9998,2025-11-15,16,0,16,0,16,false
1150,87411X,EverBotics ,Private/Independent,San Jose,California,United States,Middle School,RE-V5RC-25-1473,2025-11-15,16,0,16,0,16,false
1151,75693D,The Blue World Comets,MIKE OCALLAGHAN MIDDLE SCHOOL,Las Vegas,Nevada,United States,Middle School,RE-V5RC-25-1270,2025-11-15,16,0,16,0,16,false
1152,47418B,Boonsboro Middle Robotics Club,Boonsboro Middle School,Boonsboro,Maryland,United States,Middle School,RE-V5RC-25-1465,2025-11-15,16,0,16,0,16,false
1153,9447Y,Fried,Palmetto Scholars Academy,North Charleston,South Carolina,United States,Middle School,RE-V5RC-25-0045,2025-11-15,16,0,16,0,16,false
1154,28466X,Ice Crushers,SPRINGS STUDIO FOR ACADEMIC EXCELLENCE,Colorado Springs,Colorado,United States,Middle School,RE-V5RC-25-0997,2025-11-15,16,0,16,0,16,false
1155,29449B,The Voltage Vangards,HAUT GAP MIDDLE,Johns Island,South Carolina,United States,Middle School,RE-V5RC-25-0045,2025-11-15,16,0,16,0,16,false
1156,3358X,Gearshift,Wheelhouse Robotics LLC,Irving,Texas,United States,Middle School,RE-V5RC-25-2518,2025-11-15,16,0,16,0,16,false
1157,5298D,DangerBot,The Bishop Strachan School,Toronto,Ontario,Canada,Middle School,RE-V5RC-25-0071,2025-11-04,16,0,16,0,16,false
1158,2148E,Los Cholos,Greenville Middle School,Greenville,Texas,United States,Middle School,RE-V5RC-25-2014,2025-11-21,16,0,16,0,16,false
1159,2148C,Purple Cats,Greenville Middle School,Greenville,Texas,United States,Middle School,RE-V5RC-25-2014,2025-11-21,16,0,16,0,16,false
1160,24523D,JAMS - Team D,JOHN ADAMS MIDDLE SCHOOL,Charleston,West Virginia,United States,Middle School,RE-V5RC-25-1505,2025-11-21,16,0,16,0,16,false
1161,4911D,Thunder Truck,Robo-Tech Zone of Michiana,Dowagiac,Michigan,United States,Middle School,RE-V5RC-25-1606,2025-11-22,16,0,16,0,16,false
1162,11333A,Snellville Comets,GCPS Schools (Snellville MS),Snellville,Georgia,United States,Middle School,RE-V5RC-25-1373,2025-11-22,16,0,16,0,16,false
1163,40684Z,Slightly Salmon Sailfish,NAPOLEON MIDDLE SCHOOL,Napoleon,Michigan,United States,Middle School,RE-V5RC-25-0381,2025-11-22,16,0,16,0,16,false
1164,18700B,S.W.A.T.,TRINITY ACADEMY,Wichita,Kansas,United States,Middle School,RE-V5RC-25-2573,2025-11-22,16,0,16,0,16,false
1165,60667B,Robodawgs,Hancock Middle School,Hancock,Michigan,United States,Middle School,RE-V5RC-25-2030,2025-11-22,16,0,16,0,16,false
1166,11532D,Steve,BEMIDJI MIDDLE,Bemidji,Minnesota,United States,Middle School,RE-V5RC-25-2140,2025-11-22,16,0,16,0,16,false
1167,61061N,RoboNón,Singapore International School Binh Duong,Ho Chi Minh,,Vietnam,Middle School,RE-V5RC-25-1400,2025-11-22,16,0,16,0,16,false
1168,16438Y,VEXBOX,UNION CITY MIDDLE SCHOOL,Union City,Pennsylvania,United States,Middle School,RE-V5RC-25-2848,2025-11-24,16,0,16,0,16,false
1169,8630B,Colegio Columbia 2,Colegio Columbia,Tampico,Tamaulipas,Mexico,Middle School,RE-V5RC-25-0637,2025-11-26,16,0,16,0,16,false
1170,1940E,1940E,Knox Grammar School,Wahroonga,New South Wales,Australia,Middle School,RE-V5RC-25-3206,2025-10-24,15,15,0,15,10,false
1171,71610K,Knockout,Gordon Parks Academy ,Wichita,Kansas,United States,Middle School,RE-V5RC-25-0579,2025-10-25,15,15,0,15,15,false
1172,24118A,BOBomelons,Southwest Middle School,Albert Lea,Minnesota,United States,Middle School,RE-V5RC-25-9919,2025-11-15,15,15,0,15,0,false
1173,71610R,shaRRRks,Gordon Parks Academy ,Wichita,Kansas,United States,Middle School,RE-V5RC-25-2573,2025-11-22,15,15,0,15,0,false
1174,24118D,Mechanical Dragons,Southwest Middle School,Albert Lea,Minnesota,United States,Middle School,RE-V5RC-25-9919,2025-11-15,15,15,0,15,0,false
1175,44654E,Five And A Half Men,WEST HOLMES MIDDLE SCHOOL,Millersburg,Ohio,United States,Middle School,RE-V5RC-25-9960,2025-11-14,15,15,0,15,0,false
1176,41000B,The Cosmic Coders,GRANDVILLE MIDDLE SCHOOL,Grandville,Michigan,United States,Middle School,RE-V5RC-25-2283,2025-11-24,15,15,0,15,2,false
1177,4613T,My other bot is a 5090,Barker College,Sydney,New South Wales,Australia,Middle School,RE-V5RC-25-1959,2025-09-04,15,15,0,15,0,false
1178,86606B,UtlraSeven,Shanghai Children`s Library,Shanghai,Shanghai,China,Middle School,RE-V5RC-25-0373,2025-07-17,15,3,12,3,12,false
1179,46131D,The ever winding chronicles of DS,Barker College,Sydney,New South Wales,Australia,Middle School,RE-V5RC-25-1959,2025-09-04,15,0,15,0,15,false
1180,65100B,Lightning McQueen,"Pymble Ladies College, Sydney, Australia",Sydney,New South Wales,Australia,Middle School,RE-V5RC-25-1957,2025-10-11,15,0,15,0,15,false
1181,7830P,ACP Noble Knights,Arizona College Prep Middle School,Chandler,Arizona,United States,Middle School,RE-V5RC-25-0270,2025-11-15,15,0,15,0,15,false
1182,97435D,The Sea Dragons,PIZITZ MIDDLE SCHOOL,Vestavia Hills,Alabama,United States,Middle School,RE-V5RC-25-1207,2025-11-20,15,0,15,0,15,false
1183,7784T,C-Bots Tardigrades,CAVELERO MID HIGH SCHOOL,Lake Stevens,Washington,United States,Middle School,RE-V5RC-25-2122,2025-11-22,15,0,15,0,15,false
1184,80852C,Royal Robotics,HANALANI SCHOOLS,Mililani,Hawaii,United States,Middle School,RE-V5RC-25-2038,2025-11-22,15,0,15,0,15,false
1185,33848Z,Sam's Club,Catholic High School,New Iberia,Louisiana,United States,Middle School,RE-V5RC-25-1988,2025-11-20,15,0,15,0,15,false
1186,35016X,(AERO) CHOPbotics,ARAB JUNIOR HIGH SCHOOL,Arab,Alabama,United States,Middle School,RE-V5RC-25-1207,2025-11-20,15,0,15,0,15,false
1187,76500V,Requiem Robots,EWA MAKAI MIDDLE SCHOOL,Ewa Beach,Hawaii,United States,Middle School,RE-V5RC-25-2405,2025-11-15,15,0,15,0,15,false
1188,41000C,CTRL-ALT-DEFEAT,GRANDVILLE MIDDLE SCHOOL,Grandville,Michigan,United States,Middle School,RE-V5RC-25-1739,2025-11-04,15,0,15,0,15,false
1189,23438D,The Quantum Four,FIVE FORKS MIDDLE SCHOOL,Lawrenceville,Georgia,United States,Middle School,RE-V5RC-25-1373,2025-11-22,15,0,15,0,15,false
1190,7831B,Metal to the Pedal,FRANK H HARRISON MIDDLE SCHOOL,Yarmouth,Maine,United States,Middle School,RE-V5RC-25-9998,2025-11-15,15,0,15,0,15,false
1191,13000J,605,GRANDVILLE MIDDLE SCHOOL,Grandville,Michigan,United States,Middle School,RE-V5RC-25-3070,2025-10-27,15,0,15,0,15,false
1192,63633B,Eaglebots: Kirby Crusaders,GRAND RAPIDS CHRISTIAN,Grand Rapids,Michigan,United States,Middle School,RE-V5RC-25-2224,2025-11-15,15,0,15,0,15,false
1193,1660D,The Rustbucket Warriors,Clover Middle School,Clover,South Carolina,United States,Middle School,RE-V5RC-25-0045,2025-11-15,15,0,15,0,15,false
1194,24931B,Quantum STEMBots,LANIER MIDDLE SCHOOL,Sugar Hill,Georgia,United States,Middle School,RE-V5RC-25-1373,2025-11-22,15,0,15,0,15,false
1195,81000E,Enigma,BAY CREEK MIDDLE SCHOOL,Grayson,Georgia,United States,Middle School,RE-V5RC-25-1373,2025-11-22,15,0,15,0,15,false
1196,5450D,Devious Daredevils,Marshall County Central High School,Newfolden,Minnesota,United States,Middle School,RE-V5RC-25-2140,2025-11-22,15,0,15,0,15,false
1197,27000B,Focus,Modus Novus Robotics Club,Anderson,California,United States,Middle School,RE-V5RC-25-1557,2025-10-04,15,0,15,0,15,false
1198,13000Z,401,GRANDVILLE MIDDLE SCHOOL,Grandville,Michigan,United States,Middle School,RE-V5RC-25-3070,2025-10-27,15,0,15,0,15,false
1199,75458B,Dark Destroyers,BLAND MIDDLE,Celeste,Texas,United States,Middle School,RE-V5RC-25-1827,2025-10-06,15,0,15,0,15,false
1200,16859F,CIS,LAKEWAY CHRISTIAN ACADEMY,White Pine,Tennessee,United States,Middle School,RE-V5RC-25-0432,2025-11-08,15,0,15,0,15,false
1201,48787A,Lakeside Llama’s,Lakeside Middle School,Lexington,South Carolina,United States,Middle School,RE-V5RC-25-0045,2025-11-15,15,0,15,0,15,false
1202,14323M,Robo Gals,FAIRBANKS MIDDLE SCHOOL,Milford Center,Ohio,United States,Middle School,RE-V5RC-25-9959,2025-11-15,15,0,15,0,15,false
1203,21421R,SLAY,All Saints Catholic School,Bangor,Maine,United States,Middle School,RE-V5RC-25-2119,2025-11-22,15,0,15,0,15,false
1204,1002V,Templestowe college,Templestowe College,Templestowe Lower,Victoria,Australia,Middle School,RE-V5RC-25-9975,2025-07-01,15,0,15,0,15,false
1205,46665B,46665B,太原森孚机器人,太原市,Shanxi,China,Middle School,RE-V5RC-25-0641,2025-07-29,15,0,15,0,15,false
1206,87959A,HPSC- IDK,Hampton Park Secondary College,Hampton Park,Victoria,Australia,Middle School,RE-V5RC-25-0027,2025-08-12,15,0,15,0,15,false
1207,28660B,Bread,Magikid Tustin,Tustin,California,United States,Middle School,RE-V5RC-25-0816,2025-09-13,15,0,15,0,15,false
1208,663Z,4D Squares,CHATTANOOGA CHRISTIAN SCHOOL,Chattanooga,Tennessee,United States,Middle School,RE-V5RC-25-0282,2025-10-03,15,0,15,0,15,false
1209,27000A,Opus,Modus Novus Robotics Club,Anderson,California,United States,Middle School,RE-V5RC-25-1557,2025-10-04,15,0,15,0,15,false
1210,76249D,Diamond Divas,ELKVIEW MIDDLE SCHOOL,Elkview,West Virginia,United States,Middle School,RE-V5RC-25-1503,2025-10-10,15,0,15,0,15,false
1211,663Y,The 501st Legion,CHATTANOOGA CHRISTIAN SCHOOL,Chattanooga,Tennessee,United States,Middle School,RE-V5RC-25-0281,2025-10-10,15,0,15,0,15,false
1212,10230B,Bravo,SEQUOIA MIDDLE,Bakersfield,California,United States,Middle School,RE-V5RC-25-0072,2025-09-13,15,0,15,0,15,false
1213,3083W,The Vex Sharks,Walter Stiern Middle School,Bakersfield,California,United States,Middle School,RE-V5RC-25-0072,2025-09-13,15,0,15,0,15,false
1214,51192B,Knights Robotics,NORRIS MIDDLE,Bakersfield,California,United States,Middle School,RE-V5RC-25-0072,2025-09-13,15,0,15,0,15,false
1215,46131K,Titanic swim team,Barker College,Sydney,New South Wales,Australia,Middle School,RE-V5RC-25-1959,2025-09-04,15,0,15,0,15,false
1216,32547B,Mavericks - TEAM B,Grand Mountain Junior High School,Colorado Springs,Colorado,United States,Middle School,RE-V5RC-25-1058,2025-10-18,15,0,15,0,15,false
1217,32547E,Mavericks - TEAM E,Grand Mountain Junior High School,Colorado Springs,Colorado,United States,Middle School,RE-V5RC-25-1058,2025-10-18,15,0,15,0,15,false
1218,52766F,Sushi Bros,SABIN MIDDLE SCHOOL,Colorado Springs,Colorado,United States,Middle School,RE-V5RC-25-1058,2025-10-18,15,0,15,0,15,false
1219,84927B,The Rook,MARY G. PORTER TRADITIONAL,Woodbridge,Virginia,United States,Middle School,RE-V5RC-25-9935,2025-10-25,15,0,15,0,15,false
1220,99088U,Ultra Duckz,BEMAN MIDDLE SCHOOL,Middletown,Connecticut,United States,Middle School,RE-V5RC-25-0177,2025-10-25,15,0,15,0,15,false
1221,1262G,OPS - The Rookies,Bluestem Middle School,Omaha,Nebraska,United States,Middle School,RE-V5RC-25-0438,2025-10-25,15,0,15,0,15,false
1222,99088C,Star Struck,Beman Middle school,Middletown,Connecticut,United States,Middle School,RE-V5RC-25-0177,2025-10-25,15,0,15,0,15,false
1223,65292F,Flash,Central Middle School,Bartlesville,Oklahoma,United States,Middle School,RE-V5RC-25-0478,2025-10-25,15,0,15,0,15,false
1224,13000S,504,GRANDVILLE MIDDLE SCHOOL,Grandville,Michigan,United States,Middle School,RE-V5RC-25-3070,2025-10-27,15,0,15,0,15,false
1225,13000K,Mickey Mouse Clubhouse Kids,GRANDVILLE MIDDLE SCHOOL,Grandville,Michigan,United States,Middle School,RE-V5RC-25-3070,2025-10-27,15,0,15,0,15,false
1226,22331B,Hemingway Team 2,Blaine County School District (Ernest Hemingway STEAM School),Ketchum,Idaho,United States,Middle School,RE-V5RC-25-0365,2025-10-22,15,0,15,0,15,false
1227,75442D,DEATH STAR,Farmersville Junior High School,Farmersville,Texas,United States,Middle School,RE-V5RC-25-1827,2025-10-06,15,0,15,0,15,false
1228,540A,Appleby,Appleby College,Oakville,Ontario,Canada,Middle School,RE-V5RC-25-0071,2025-11-04,15,0,15,0,15,false
1229,6390F,Pioneers,HIGHLAND MIDDLE SCHOOL,Marengo,Ohio,United States,Middle School,RE-V5RC-25-1243,2025-11-06,15,0,15,0,15,false
1230,83686A,Yodeling Pickles,SOUTH MIDDLE SCHOOL,Nampa,Idaho,United States,Middle School,RE-V5RC-25-0327,2025-11-07,15,0,15,0,15,false
1231,5013Z,Blitz,ALL NATIONS COMMUNITY SCHOOL,Oak Ridge North,Texas,United States,Middle School,RE-V5RC-25-1234,2025-11-08,15,0,15,0,15,false
1232,24049B,OPMS ShockWave,OAK PARK MIDDLE SCHOOL,Lake Charles,Louisiana,United States,Middle School,RE-V5RC-25-1500,2025-10-02,15,0,15,0,15,false
1233,52766H,Marble Pi,SABIN MIDDLE SCHOOL,Colorado Springs,Colorado,United States,Middle School,RE-V5RC-25-1065,2025-10-18,15,0,15,0,15,false
1234,66465B,Sharkbite,BRIDGE STREET MIDDLE SCHOOL,Wheeling,West Virginia,United States,Middle School,RE-V5RC-25-1854,2025-11-08,15,0,15,0,15,false
1235,6047J,Resistance is Futile,WESTVIEW MIDDLE SCHOOL,Longmont,Colorado,United States,Middle School,RE-V5RC-25-2582,2025-11-08,15,0,15,0,15,false
1236,77774C,Chicken Nugget Warriors,Madison Middle School,Madison,Mississippi,United States,Middle School,RE-V5RC-25-1105,2025-11-08,15,0,15,0,15,false
1237,77938C,MVA Robotics,MAR VISTA ACADEMY,San Diego,California,United States,Middle School,RE-V5RC-25-0405,2025-09-13,15,0,15,0,15,false
1238,84778Z,The Robots of OZ,WARWOOD SCHOOL,Wheeling,West Virginia,United States,Middle School,RE-V5RC-25-1854,2025-11-08,15,0,15,0,15,false
1239,43125B,Eagles,RIVERA MIDDLE,Pico Rivera,California,United States,Middle School,RE-V5RC-25-1807,2025-11-08,15,0,15,0,15,false
1240,31881A,Howling Hardware 1,Truitt Middle School,Houston,Texas,United States,Middle School,RE-V5RC-25-1618,2025-11-12,15,0,15,0,15,false
1241,21434A,Legacy Jets 1,LEGACY MIDDLE,Orlando,Florida,United States,Middle School,RE-V5RC-25-2382,2025-11-15,15,0,15,0,15,false
1242,11559X,The Hot Cheeto Crew,CANYON DAY JUNIOR HIGH SCHOOL,Whiteriver,Arizona,United States,Middle School,RE-V5RC-25-1416,2025-11-13,15,0,15,0,15,false
1243,2601A,Phoenix,Mead Middle School,Wichita,Kansas,United States,Middle School,RE-V5RC-25-0580,2025-11-15,15,0,15,0,15,false
1244,9012C,All Knighters,Northern Middle School,Hagerstown,Maryland,United States,Middle School,RE-V5RC-25-1465,2025-11-15,15,0,15,0,15,false
1245,45078A,The Cookie Monsters,ELLICOTT MIDDLE SCHOOL,Calhan,Colorado,United States,Middle School,RE-V5RC-25-0997,2025-11-15,15,0,15,0,15,false
1246,47418D,Boonsboro Middle Robotics Club,Boonsboro Middle School,Boonsboro,Maryland,United States,Middle School,RE-V5RC-25-1465,2025-11-15,15,0,15,0,15,false
1247,1868M,Space Cookies VEX 1868M,Space Cookies VEX Robotics Team,Moffett Field,California,United States,Middle School,RE-V5RC-25-1473,2025-11-15,15,0,15,0,15,false
1248,1812B,NM-The Clash,North Marion High School,Aurora,Oregon,United States,Middle School,RE-V5RC-25-1984,2025-11-15,15,0,15,0,15,false
1249,587Y,Y,LINCOLN JUNIOR HIGH SCHOOL,Plymouth,Indiana,United States,Middle School,RE-V5RC-25-1978,2025-11-15,15,0,15,0,15,false
1250,48787C,Warbots,Lakeside Middle School,Lexington,South Carolina,United States,Middle School,RE-V5RC-25-0045,2025-11-15,15,0,15,0,15,false
1251,75458E,Vortex,BLAND MIDDLE,Celeste,Texas,United States,Middle School,RE-V5RC-25-2014,2025-11-21,15,0,15,0,15,false
1252,75458A,Automatic Undertakers,BLAND MIDDLE,Celeste,Texas,United States,Middle School,RE-V5RC-25-2014,2025-11-21,15,0,15,0,15,false
1253,70291H,THE  BOMBERS,Commerce High School,Commerce,Texas,United States,Middle School,RE-V5RC-25-2014,2025-11-21,15,0,15,0,15,false
1254,30202P,Snow Falcons,Perryville Middle School,Perryville,Maryland,United States,Middle School,RE-V5RC-25-9977,2025-11-21,15,0,15,0,15,false
1255,30202S,4 Musketeers,North East Middle School,North East,Maryland,United States,Middle School,RE-V5RC-25-9977,2025-11-21,15,0,15,0,15,false
1256,2148F,Untitled Team name,Greenville Middle School,Greenville,Texas,United States,Middle School,RE-V5RC-25-2014,2025-11-21,15,0,15,0,15,false
1257,70291J,GEARS OF WAR,Commerce High School,Commerce,Texas,United States,Middle School,RE-V5RC-25-2014,2025-11-21,15,0,15,0,15,false
1258,61526F,St. Therese Robotics Girl Powered,ST THERESE SCHOOL,Kansas City,Missouri,United States,Middle School,RE-V5RC-25-2182,2025-11-22,15,0,15,0,15,false
1259,54345C,LFCD Imperials,Landau Forte Derby College,Derby,,United Kingdom,Middle School,RE-V5RC-25-9988,2025-11-22,15,0,15,0,15,false
1260,56000D,Squishy Squad,Northern Michigan Robotics Club,Interlochen,Michigan,United States,Middle School,RE-V5RC-25-1606,2025-11-22,15,0,15,0,15,false
1261,28727C,Crusaders,CHRIST THE REDEEMER CATHOLIC SCHOOL,Houston,Texas,United States,Middle School,RE-V5RC-25-2263,2025-11-22,15,0,15,0,15,false
1262,61526E,ST Therese Robotics Girl Powered,ST THERESE SCHOOL,Kansas City,Missouri,United States,Middle School,RE-V5RC-25-2182,2025-11-22,15,0,15,0,15,false
1263,33111A,Robot Mastery,Robot Mastery,Houston,Texas,United States,Middle School,RE-V5RC-25-2263,2025-11-22,15,0,15,0,15,false
1264,20250B,Just The Two Of Us,Garland ISD - Jackson Technology Center,Garland,Texas,United States,Middle School,RE-V5RC-25-0197,2025-11-22,15,0,15,0,15,false
1265,81000D,Disaster,BAY CREEK MIDDLE SCHOOL,Grayson,Georgia,United States,Middle School,RE-V5RC-25-1373,2025-11-22,15,0,15,0,15,false
1266,55615B,Inevitable,FMS Raider Robotics,Flushing,Michigan,United States,Middle School,RE-V5RC-25-0381,2025-11-22,15,0,15,0,15,false
1267,87265J,Robo Ridge,Southridge School,Surrey,British Columbia,Canada,Middle School,RE-V5RC-25-2529,2025-11-22,15,0,15,0,15,false
1268,21352B,Sphinx,Tointon Academy of Pre-Engineering,Greeley,Colorado,United States,Middle School,RE-V5RC-25-1628,2025-11-22,15,0,15,0,15,false
1269,99088W,Robo Warriors,BEMAN MIDDLE SCHOOL,Middletown,Connecticut,United States,Middle School,RE-V5RC-25-2155,2025-11-23,15,0,15,0,15,false
1270,89789V,Chaos Squad,创物星球,Shanghai,Shanghai,China,Middle School,RE-V5RC-25-0834,2025-08-14,14,0,14,0,14,false
1271,20315B,Marcelline B,Collège Sainte-Marcelline,Montreal,Quebec,Canada,Middle School,RE-V5RC-25-2145,2025-10-25,14,0,14,0,14,false
1272,1570M,Lions - Mane Attraction,LOMIRA HIGH,Lomira,Wisconsin,United States,Middle School,RE-V5RC-25-1267,2025-11-15,14,0,14,0,14,false
1273,16334B,CrossBots MS,CROSSPOINTE PREPARATORY,Searcy,Arkansas,United States,Middle School,RE-V5RC-25-0135,2025-11-15,13,3,10,3,10,false
1274,21709E,ASJ-E team,Ai Tech Robotics,佛山市,Guangdong,China,Middle School,RE-V5RC-25-1177,2025-09-26,13,0,13,0,13,false
1275,73805F,The Fantastic Four,GERMANTOWN MIDDLE SCHOOL,Madison,Mississippi,United States,Middle School,RE-V5RC-25-1450,2025-10-20,13,0,13,0,13,false
1276,17924M,Bombshell,Boswin Robotics,Mississauga,Ontario,Canada,Middle School,RE-V5RC-25-0104,2025-11-01,13,0,13,0,13,false
1277,31389D,Scram,SANTAN JUNIOR HIGH SCHOOL,Chandler,Arizona,United States,Middle School,RE-V5RC-25-0270,2025-11-15,13,0,13,0,13,false
1278,66618Z,TBC,TBC Robotics,Birmingham,,United Kingdom,Middle School,RE-V5RC-25-2142,2025-11-16,13,0,13,0,13,false
1279,32025N,法拉第电磁感应,温州森马协和学校,温州,Zhejiang,China,Middle School,RE-V5RC-25-3592,2025-11-21,12,4,8,4,8,false
1280,22443A,Full House,Buckeye High School,Deville,Louisiana,United States,Middle School,RE-V5RC-25-1988,2025-11-20,12,0,12,0,12,false
1281,81818V,SIA-V,Sendelta International Academy,Shenzhen,Guangdong,China,Middle School,RE-V5RC-25-3592,2025-11-21,12,0,12,0,12,false
1282,47510B,Big Bananas,"Robotics Edge, LLC.",Chandler,Arizona,United States,Middle School,RE-V5RC-25-1637,2025-10-21,12,0,12,0,12,false
1283,97435A,Push Pops,PIZITZ MIDDLE SCHOOL,Vestavia Hills,Alabama,United States,Middle School,RE-V5RC-25-1645,2025-10-25,12,0,12,0,12,false
1284,938V,Blaze Velocity,Blaze Robotics Academy,Bellevue,Washington,United States,Middle School,RE-V5RC-25-0980,2025-11-12,12,0,12,0,12,false
1285,4400A,RoboVoyagers,KAIMUKI MIDDLE SCHOOL,Honolulu,Hawaii,United States,Middle School,RE-V5RC-25-2405,2025-11-15,12,0,12,0,12,false
1286,95271B,爱科B队,Ai Tech Robotics,Foshan,Guangdong,China,Middle School,RE-V5RC-25-1177,2025-09-26,11,3,8,3,8,false
1287,77360R,Onalaska77360R,ONALASKA JR/SR HIGH,Onalaska,Texas,United States,Middle School,RE-V5RC-25-2095,2025-10-07,11,0,11,0,11,false
1288,18279A,Get Back 2 Work,Independent,Rochester Hills,Michigan,United States,Middle School,RE-V5RC-25-0376,2025-11-01,11,0,11,0,11,false
1289,20850N,Nautilus ,AOE Robotics Club ,Rockville,Maryland,United States,Middle School,RE-V5RC-25-0506,2025-11-08,11,0,11,0,11,false
1290,84260A,Nova,Cabot High School,Cabot,Arkansas,United States,Middle School,RE-V5RC-25-0135,2025-11-15,11,0,11,0,11,false
1291,27301M,Code Blue,Waianae Intermediate School,Waianae,Hawaii,United States,Middle School,RE-V5RC-25-2038,2025-11-22,11,0,11,0,11,false
1292,80088B,DFD-B,Dongfengdong Road Primary School,Guangzhou,Guangdong,China,Middle School,RE-V5RC-25-1744,2025-10-03,10,2,8,2,8,false
1293,457G,Lightning Bots,JENISON JUNIOR HIGH SCHOOL,Jenison,Michigan,United States,Middle School,RE-V5RC-25-2224,2025-11-15,10,1,9,1,9,false
1294,31260Y,Underclocked,Camberwell Grammar School,Canterbury,Victoria,Australia,Middle School,RE-V5RC-25-0034,2025-11-15,10,0,10,0,10,false
1295,6756X,Flying Pigs,Flying Pigs,Ashburn,Virginia,United States,Middle School,RE-V5RC-25-9935,2025-10-25,10,0,10,0,10,false
1296,3134W,Robolabs Wise,Robolabs,Dublin,California,United States,Middle School,RE-V5RC-25-1021,2025-10-18,10,0,10,0,10,false
1297,57152E,The Minions,CABOT JUNIOR HIGH NORTH,Cabot,Arkansas,United States,Middle School,RE-V5RC-25-0135,2025-11-15,10,0,10,0,10,false
1298,10863A,Neptune I,DENTON MAGNET SCHOOL OF TECHNOLOGY,Mobile,Alabama,United States,Middle School,RE-V5RC-25-1205,2025-09-30,10,0,10,0,10,false
1299,4275C,CCK-3,CMA Choi Cheung Kok Secondary School,NT,,Hong Kong,Middle School,RE-V5RC-25-1744,2025-10-03,10,0,10,0,10,false
1300,10261B,Cougar Robotics,Sullivan Central Middle School,Blountville,Tennessee,United States,Middle School,RE-V5RC-25-0213,2025-10-25,10,0,10,0,10,false
1301,13909B,The Rockets,WEST OAK MIDDLE,Westminster,South Carolina,United States,Middle School,RE-V5RC-25-0088,2025-11-08,10,0,10,0,10,false
1302,63438Z,Valpo Vipers: Zebra snake,BENJAMIN FRANKLIN MIDDLE SCHOOL,Valparaiso,Indiana,United States,Middle School,RE-V5RC-25-1856,2025-11-08,10,0,10,0,10,false
1303,57711C,Chicken Jockey,Alchemy Global STEM Institute,Morristown,Tennessee,United States,Middle School,RE-V5RC-25-0154,2025-11-12,10,0,10,0,10,false
1304,50853B,Scavengers,ORANGEWOOD CHRISTIAN SCHOOL,Maitland,Florida,United States,Middle School,RE-V5RC-25-2382,2025-11-15,10,0,10,0,10,false
1305,355G,Gearquest,Fox Valley Robotics,Batavia,Illinois,United States,Middle School,RE-V5RC-25-1647,2025-11-16,10,0,10,0,10,false
1306,40404N,Error 404,Error 404 - A.N. Myer S.S.,Niagara Falls,Ontario,Canada,Middle School,RE-V5RC-25-0124,2025-10-28,10,0,10,0,10,false
1307,3358C,Code blooded,Wheelhouse Robotics LLC,Irving,Texas,United States,Middle School,RE-V5RC-25-2014,2025-11-21,10,0,10,0,10,false
1308,79001C,FUTURE Star,FUTURE KEYS,上海市,Shanghai,China,Middle School,RE-V5RC-25-3592,2025-11-21,10,0,10,0,10,false
1309,23457N,BL RUBBER DUCK,BRICK lab Robotics,Ho Chi Minh,,Vietnam,Middle School,RE-V5RC-25-1400,2025-11-22,10,0,10,0,10,false
1310,63633A,Eaglebots: Who Knows?!,Grand Rapids Christian Middle School,Grand Rapids,Michigan,United States,Middle School,RE-V5RC-25-2283,2025-11-24,10,0,10,0,10,false
1311,1383Z,VLI Robotics,VICTORY LAKES INT,League City,Texas,United States,Middle School,RE-V5RC-25-2095,2025-10-07,9,3,6,3,6,false
1312,65892D,Monklings,GLENWOOD SENIOR HIGH SCHOOL,Glenwood,Iowa,United States,Middle School,RE-V5RC-25-0046,2025-11-15,9,2,7,2,7,false
1313,46037D,Short Circuit,Highgate School,London,,United Kingdom,Middle School,RE-V5RC-25-0670,2025-11-22,9,1,8,1,8,false
1314,462B,Wolverines,HARVARD-WESTLAKE,Los Angeles,California,United States,Middle School,RE-V5RC-25-0343,2025-11-08,9,0,9,0,9,false
1315,32025C,温州鸭舌,温州森马协和学校,温州,Zhejiang,China,Middle School,RE-V5RC-25-3592,2025-11-21,9,0,9,0,9,false
1316,97733A,97733A,上海市世外中学,上海,Shanghai,China,Middle School,RE-V5RC-25-1748,2025-10-24,9,0,9,0,9,false
1317,65292A,Road Runners,Central Middle School,Bartlesville,Oklahoma,United States,Middle School,RE-V5RC-25-0478,2025-10-25,9,0,9,0,9,false
1318,4139D,Bikini ROBOTtom,Steam Labs Technology and Robotics Studio,Bangkok,,Thailand,Middle School,RE-V5RC-25-0576,2025-10-31,9,0,9,0,9,false
1319,1469E,pink fluffy unicorns,OLIVER WENDELL HOLMES MIDDLE,Northridge,California,United States,Middle School,RE-V5RC-25-0343,2025-11-08,9,0,9,0,9,false
1320,54010B,Ducks And Cats,Cyberadelphia,Newtown Square,Pennsylvania,United States,Middle School,RE-V5RC-25-0154,2025-11-12,9,0,9,0,9,false
1321,726X,RattleBytes Jagwires,DESERT RIDGE JR. HIGH,Mesa,Arizona,United States,Middle School,RE-V5RC-25-0270,2025-11-15,9,0,9,0,9,false
1322,77789C,FA-MDM,Futurum Academy Singapore,Singapore,,Singapore,Middle School,RE-V5RC-25-1037,2025-11-19,9,0,9,0,9,false
1323,9050A,G-Force,GROTON AREA HIGH SCHOOL - 01,Groton,South Dakota,United States,Middle School,RE-V5RC-25-0630,2025-11-22,9,0,9,0,9,false
1324,75442A,THE VINDICATORS,Farmersville Junior High School,Farmersville,Texas,United States,Middle School,RE-V5RC-25-1827,2025-10-06,8,1,7,1,7,false
1325,57783A,Skrewd Up (MS),SPEARFISH MIDDLE SCHOOL - 05,Spearfish,South Dakota,United States,Middle School,RE-V5RC-25-0630,2025-11-22,8,1,7,1,7,false
1326,80550B,Acceleration,WINDSOR CHARTER ACADEMY MIDDLE AND EARLY COLLEGE H,Windsor,Colorado,United States,Middle School,RE-V5RC-25-1210,2025-11-01,8,0,8,0,8,false
1327,52612A,Sasuke-vex Team,育才科技学校,Hangzhou City,Zhejiang,China,Middle School,RE-V5RC-25-1748,2025-10-24,8,0,8,0,8,false
1328,5811A,宁波上海世外学校,宁波上海世外学校,宁波,Zhejiang,China,Middle School,RE-V5RC-25-1748,2025-10-24,8,0,8,0,8,false
1329,4139F,Team Nut,Steam Labs Technology and Robotics Studio,Bangkok,,Thailand,Middle School,RE-V5RC-25-0576,2025-10-31,8,0,8,0,8,false
1330,88454F,Tater Bots,FAITH Homeschool Co-op,Elizabethtown,Kentucky,United States,Middle School,RE-V5RC-25-2148,2025-11-08,8,0,8,0,8,false
1331,21434X,Legacy World,LEGACY MIDDLE,Orlando,Florida,United States,Middle School,RE-V5RC-25-2382,2025-11-15,8,0,8,0,8,false
1332,91625E,Brea Botcats AKNUB ABOO,Brea Junior High School,Brea,California,United States,Middle School,RE-V5RC-25-0771,2025-10-11,8,0,8,0,8,false
1333,3134E,Robolabs Explorer,RLS,Dublin,California,United States,Middle School,RE-V5RC-25-1473,2025-11-15,8,0,8,0,8,false
1334,76412J,The Swarm,HENRY SCOTT MIDDLE,Denison,Texas,United States,Middle School,RE-V5RC-25-0197,2025-11-22,8,0,8,0,8,false
1335,69666M,重庆市育才中学校,重庆市育才中学校,重庆,Chongqing,China,Middle School,RE-V5RC-25-0862,2025-08-22,7,0,7,4,7,false
1336,79338A,Sweet Balon Bots,Westchester Middle School,Chesterton,Indiana,United States,Middle School,RE-V5RC-25-1978,2025-11-15,7,0,7,0,7,false
1337,49161X,北京市正泽学校,北京市正泽学校,Beijing,Beijing,China,Middle School,RE-V5RC-25-2050,2025-10-04,7,0,7,0,7,false
1338,886C,WPRA,Western Pacific Robotics Academy,Richmond,British Columbia,Canada,Middle School,RE-V5RC-25-2572,2025-10-12,7,0,7,0,7,false
1339,88588B,88588B,余姚市青少年宫,余姚,Zhejiang,China,Middle School,RE-V5RC-25-1748,2025-10-24,7,0,7,0,7,false
1340,839Y,// Caution Tape Yankee //,Caution Tape Robotics ////,Markham,Ontario,Canada,Middle School,RE-V5RC-25-0104,2025-11-01,7,0,7,0,7,false
1341,52766J,Saber-tooth Robotics,SABIN MIDDLE SCHOOL,Colorado Springs,Colorado,United States,Middle School,RE-V5RC-25-1065,2025-10-18,7,0,7,0,7,false
1342,57152C,Kilauea,CABOT JUNIOR HIGH NORTH,Cabot,Arkansas,United States,Middle School,RE-V5RC-25-0135,2025-11-15,7,0,7,0,7,false
1343,2769A,The Resolvers,Canberra Secondary School,Singapore,,Singapore,Middle School,RE-V5RC-25-1037,2025-11-19,7,0,7,0,7,false
1344,97435E,Mechieval,PIZITZ MIDDLE SCHOOL,Vestavia Hills,Alabama,United States,Middle School,RE-V5RC-25-1207,2025-11-20,7,0,7,0,7,false
1345,4670D,The Tusks,SUMMIT MIDDLE CHARTER SCHOOL,Boulder,Colorado,United States,Middle School,RE-V5RC-25-1628,2025-11-22,7,0,7,0,7,false
1346,9050E,Galaxy,GROTON AREA HIGH SCHOOL - 01,Groton,South Dakota,United States,Middle School,RE-V5RC-25-0630,2025-11-22,7,0,7,0,7,false
1347,13455A,Marce Herz Team #1: GT and D,MARCE HERZ MIDDLE SCHOOL,Reno,Nevada,United States,Middle School,RE-V5RC-25-2924,2025-11-08,6,1,5,1,5,false
1348,24118C,EndCode,Southwest Middle School,Albert Lea,Minnesota,United States,Middle School,RE-V5RC-25-9919,2025-11-15,6,0,6,0,6,false
1349,9210K,KLASHERS,SAUK RAPIDS-RICE MIDDLE SCHOOL,Sauk Rapids,Minnesota,United States,Middle School,RE-V5RC-25-0745,2025-10-21,6,0,6,0,6,false
1350,714W,We Push Back,ThinkRobots Marion County 4-H,Molalla,Oregon,United States,Middle School,RE-V5RC-25-1984,2025-11-15,6,0,6,0,6,false
1351,43010C,Brainstorming,长沙市岳麓区萤火羽翼机器人活动中心,Changsha,Hunan,China,Middle School,RE-V5RC-25-0373,2025-07-17,6,0,6,0,6,false
1352,93535F,Fulton,FULTON AND ALSBURY ACADEMY OF ARTS AND ENGINEERING,Lancaster,California,United States,Middle School,RE-V5RC-25-0072,2025-09-13,6,0,6,0,6,false
1353,2701Z,Elvis Impersonators,Franklin Christian Academy,Franklin,Tennessee,United States,Middle School,RE-V5RC-25-0454,2025-11-08,6,0,6,0,6,false
1354,1338B,Blue HEAT,BRYANT JUNIOR HIGH SCHOOL,Bryant,Arkansas,United States,Middle School,RE-V5RC-25-2000,2025-11-08,6,0,6,0,6,false
1355,4727D,The Forgery,BROOKSIDE INT,Friendswood,Texas,United States,Middle School,RE-V5RC-25-0205,2025-11-21,6,0,6,0,6,false
1356,57783B,Broken Parts,SPEARFISH MIDDLE SCHOOL - 05,Spearfish,South Dakota,United States,Middle School,RE-V5RC-25-0630,2025-11-22,6,0,6,0,6,false
1357,99213K,Future Soldier EZ,Experimental School of Shanghai Conservatory of Music,上海,Shanghai,China,Middle School,RE-V5RC-25-0834,2025-08-14,6,0,6,0,6,false
1358,7899A,Rolling Robots,Rolling Robots,Irvine,California,United States,Middle School,RE-V5RC-25-0816,2025-09-13,6,0,6,0,6,false
1359,55252G,Team Cassini,Local club,pleasanton,California,United States,Middle School,RE-V5RC-25-0852,2025-09-27,6,0,6,0,6,false
1360,20850M,Proboscis monkeys,AOE Robotics Club ,Rockville,Maryland,United States,Middle School,RE-V5RC-25-0755,2025-10-04,6,0,6,0,6,false
1361,19176S,SDSZ,SDSZ,Beijing,Beijing,China,Middle School,RE-V5RC-25-2050,2025-10-04,6,0,6,0,6,false
1362,7262Y,中国人民大学附属中学,The High School Affiliated to Renmin University of China,Beijing,Beijing,China,Middle School,RE-V5RC-25-3092,2025-10-24,6,0,6,0,6,false
1363,99088T,Top Notch Tater Tots,BEMAN MIDDLE SCHOOL,Middletown,Connecticut,United States,Middle School,RE-V5RC-25-0177,2025-10-25,6,0,6,0,6,false
1364,13000F,703,GRANDVILLE MIDDLE SCHOOL,Grandville,Michigan,United States,Middle School,RE-V5RC-25-3070,2025-10-27,6,0,6,0,6,false
1365,13115B,Minor Game Violations,FAIRFOREST MIDDLE,Spartanburg,South Carolina,United States,Middle School,RE-V5RC-25-0796,2025-11-01,6,0,6,0,6,false
1366,9089X,Xplosion,BrandywineBOTS,Wilmington,Delaware,United States,Middle School,RE-V5RC-25-0157,2025-10-09,6,0,6,0,6,false
1367,13000B,That One Team,GRANDVILLE MIDDLE SCHOOL,Grandville,Michigan,United States,Middle School,RE-V5RC-25-1441,2025-11-08,6,0,6,0,6,false
1368,66567A,Molo-Robo Warriors,Ray D. Molo Magnet Middle School,Lake Charles,Louisiana,United States,Middle School,RE-V5RC-25-1500,2025-10-02,6,0,6,0,6,false
1369,70699A,Wolverine Robotics,F. K. WHITE MIDDLE SCHOOL,Lake Charles,Louisiana,United States,Middle School,RE-V5RC-25-1500,2025-10-02,6,0,6,0,6,false
1370,91233F,IRVINE RUIGUAN,IRVINE RUIGUAN,Irvine,California,United States,Middle School,RE-V5RC-25-0343,2025-11-08,6,0,6,0,6,false
1371,25900C,Prodigies,ALLISON TRADITIONAL MAGNET MIDDLE,Wichita,Kansas,United States,Middle School,RE-V5RC-25-0580,2025-11-15,6,0,6,0,6,false
1372,92244B,StarTech,KASSON-MANTORVILLE MIDDLE SCHOOL,Kasson,Minnesota,United States,Middle School,RE-V5RC-25-9919,2025-11-15,6,0,6,0,6,false
1373,67960E,Quantum Eclipse,Parkside Robotics,Irving,Texas,United States,Middle School,RE-V5RC-25-2518,2025-11-15,6,0,6,0,6,false
1374,28466B,Frozen Bananas,SPRINGS STUDIO FOR ACADEMIC EXCELLENCE,Colorado Springs,Colorado,United States,Middle School,RE-V5RC-25-0997,2025-11-15,6,0,6,0,6,false
1375,66042P,Red-Tailed Hawks,PLEASANT HILL MIDDLE,Lexington,South Carolina,United States,Middle School,RE-V5RC-25-0045,2025-11-15,6,0,6,0,6,false
1376,61538D,Father and Sons,CHENEY MIDDLE SCHOOL,Cheney,Kansas,United States,Middle School,RE-V5RC-25-2573,2025-11-22,6,0,6,0,6,false
1377,23001A,Robo Bears 1,TWIN RIVERS MIDDLE SCHOOL,Buford,Georgia,United States,Middle School,RE-V5RC-25-1373,2025-11-22,6,0,6,0,6,false
1378,7784W,C-Bots We Love Robotics,Cavelero Mid High School,Lake Stevens,Washington,United States,Middle School,RE-V5RC-25-2122,2025-11-22,6,0,6,0,6,false
1379,99157C,IronMechs 3.0,Abacus Robotics Corp,Haymarket,Virginia,United States,Middle School,RE-V5RC-25-0755,2025-10-04,5,5,0,5,0,false
1380,73805C,Cosmic Brownies,GERMANTOWN MIDDLE SCHOOL,Madison,Mississippi,United States,Middle School,RE-V5RC-25-1450,2025-10-20,5,5,0,5,0,false
1381,88109D,广东碧桂园学校初中D队,GuangDong Country Garden School（junior）,Foshan,Guangdong,China,Middle School,RE-V5RC-25-1913,2025-11-07,5,5,0,5,0,false
1382,70699C,Wolverine Robotics,F. K. WHITE MIDDLE SCHOOL,Lake Charles,Louisiana,United States,Middle School,RE-V5RC-25-1500,2025-10-02,5,1,4,1,4,false
1383,18000A,Iron Patriots - ,Sullivan East Middle School,Bluff City,Tennessee,United States,Middle School,RE-V5RC-25-0213,2025-10-25,5,1,4,1,4,false
1384,4073B,VEX JETS,JOE WALKER MIDDLE,Lancaster,California,United States,Middle School,RE-V5RC-25-0072,2025-09-13,5,1,4,1,4,false
1385,6572A,Creekside Intermediate,CREEKSIDE INT,League City,Texas,United States,Middle School,RE-V5RC-25-2095,2025-10-07,5,1,4,1,4,false
1386,14287D,Circuit Breakers,DU PONT MIDDLE SCHOOL,Belle,West Virginia,United States,Middle School,RE-V5RC-25-1503,2025-10-10,5,0,5,0,5,false
1387,76426C,Broken Axles,BRYSON SCHOOL,Bryson,Texas,United States,Middle School,RE-V5RC-25-1976,2025-11-01,5,0,5,0,5,false
1388,1338G,Gray HEAT,BRYANT JUNIOR HIGH SCHOOL,Bryant,Arkansas,United States,Middle School,RE-V5RC-25-2000,2025-11-08,5,0,5,0,5,false
1389,17760S,Blueprints,Capitol City Robotics,Washington,District of Columbia,United States,Middle School,RE-V5RC-25-0494,2025-11-15,5,0,5,0,5,false
1390,38053W,Error 404,OAKLAND CHRISTIAN SCHOOL,Auburn Hills,Michigan,United States,Middle School,RE-V5RC-25-0381,2025-11-22,5,0,5,0,5,false
1391,8683B,AIK,Jin Yang Zheng,Boxhill,Victoria,Australia,Middle School,RE-V5RC-25-0862,2025-08-22,5,0,5,0,5,false
1392,79793M,RoboPirates,MAGNOLIA SCIENCE ACADEMY SANTA ANA,Santa Ana,California,United States,Middle School,RE-V5RC-25-0816,2025-09-13,5,0,5,0,5,false
1393,27182A,Robco,SIERRA MIDDLE,Bakersfield,California,United States,Middle School,RE-V5RC-25-0072,2025-09-13,5,0,5,0,5,false
1394,8781C,OK Robotics,OLIVE KNOLLS CHRISTIAN SCHOOL,Bakersfield,California,United States,Middle School,RE-V5RC-25-0072,2025-09-13,5,0,5,0,5,false
1395,8975B,Chipman Robotics B - Supernovas!,CHIPMAN JUNIOR HIGH,Bakersfield,California,United States,Middle School,RE-V5RC-25-0072,2025-09-13,5,0,5,0,5,false
1396,52766B,The Predators,SABIN MIDDLE SCHOOL,Colorado Springs,Colorado,United States,Middle School,RE-V5RC-25-1065,2025-10-18,5,0,5,0,5,false
1397,83009J,The Pancakes,BAILEY MIDDLE SCHOOL,Austin,Texas,United States,Middle School,RE-V5RC-25-0634,2025-10-18,5,0,5,0,5,false
1398,78759F,Hurricane Impossible,CVMS STEM ,Austin,Texas,United States,Middle School,RE-V5RC-25-0634,2025-10-18,5,0,5,0,5,false
1399,4813E,Sentinels,Taipei American School - Middle School,Taipei,,Taiwan,Middle School,RE-V5RC-25-0320,2025-10-25,5,0,5,0,5,false
1400,33249F,The Nebula Knights,BOB JONES ACADEMY MIDDLE SCHOOL,Greenville,South Carolina,United States,Middle School,RE-V5RC-25-0501,2025-10-25,5,0,5,0,5,false
1401,1060X,OPS - The Imperial bots​,ALICE BUFFETT MAGNET MIDDLE SCHOOL,Omaha,Nebraska,United States,Middle School,RE-V5RC-25-0438,2025-10-25,5,0,5,0,5,false
1402,7700T,Rolling Robots,Rolling Robots,Rolling Hills Estates,California,United States,Middle School,RE-V5RC-25-1388,2025-10-25,5,0,5,0,5,false
1403,15486M,Lord of the Strings,VISTA SCHOOL,Ivins,Utah,United States,Middle School,RE-V5RC-25-0566,2025-10-25,5,0,5,0,5,false
1404,13000U,502,GRANDVILLE MIDDLE SCHOOL,Grandville,Michigan,United States,Middle School,RE-V5RC-25-3070,2025-10-27,5,0,5,0,5,false
1405,11897A,Sea Monkeys,ST MICHAEL PARISH SCHOOL,Wheeling,West Virginia,United States,Middle School,RE-V5RC-25-0804,2025-11-01,5,0,5,0,5,false
1406,938R,Blaze Robotics Qubits,Blaze Robotics Academy,Bellevue,Washington,United States,Middle School,RE-V5RC-25-0800,2025-11-01,5,0,5,0,5,false
1407,9089B,9089B,BrandywineBOTS,Wilmington,Delaware,United States,Middle School,RE-V5RC-25-0157,2025-10-09,5,0,5,0,5,false
1408,13909A,RoboWarriors,WEST OAK MIDDLE,Westminster,South Carolina,United States,Middle School,RE-V5RC-25-0088,2025-11-08,5,0,5,0,5,false
1409,73805U,Diabolical Electric Pickles,GERMANTOWN MIDDLE SCHOOL,Madison,Mississippi,United States,Middle School,RE-V5RC-25-1105,2025-11-08,5,0,5,0,5,false
1410,93528B,Pneumonoultramicroscopicsilicovolcanoconiosis,Colorado Early Colleges Fort Collins Middle School,Fort Collins,Colorado,United States,Middle School,RE-V5RC-25-2582,2025-11-08,5,0,5,0,5,false
1411,77774E,Chill Bots,Madison Middle School,Madison,Mississippi,United States,Middle School,RE-V5RC-25-1105,2025-11-08,5,0,5,0,5,false
1412,4233V,Valkyries,Scott County Middle School,Georgetown,Kentucky,United States,Middle School,RE-V5RC-25-2148,2025-11-08,5,0,5,0,5,false
1413,91123A,MECS 9's,Mount Evelyn Christian School,Montrose,Victoria,Australia,Middle School,RE-V5RC-25-0034,2025-11-15,5,0,5,0,5,false
1414,44110D,PDS MIARMY,Patumwan Demonstration School,Bangkok ,,Thailand,Middle School,RE-V5RC-25-0588,2025-11-15,5,0,5,0,5,false
1415,8871B,Metal Militia,WALTER JOHNSON JUNIOR HIGH SCHOOL ACADEMY OF INTERNATIONAL S,Las  Vegas,Nevada,United States,Middle School,RE-V5RC-25-1270,2025-11-15,5,0,5,0,5,false
1416,63633C,Eaglebots: When Everything Goes Wrong,GRAND RAPIDS CHRISTIAN,Grand Rapids,Michigan,United States,Middle School,RE-V5RC-25-2224,2025-11-15,5,0,5,0,5,false
1417,2719Y,Are we doing this?,TRITON CENTRAL MIDDLE SCHOOL,Fairland,Indiana,United States,Middle School,RE-V5RC-25-1810,2025-11-15,5,0,5,0,5,false
1418,62185C,Pteradaxles,Homebot Robotics,Mankato,Minnesota,United States,Middle School,RE-V5RC-25-9919,2025-11-15,5,0,5,0,5,false
1419,7225B,Clock Shot,Southland High School,Adams,Minnesota,United States,Middle School,RE-V5RC-25-9919,2025-11-15,5,0,5,0,5,false
1420,6007X,Quantum Flux,Rolling Robots West LA,Los Angeles,California,United States,Middle School,RE-V5RC-25-0285,2025-11-15,5,0,5,0,5,false
1421,466B,466B -The Sharks,CENTRAL MIDDLE SCHOOL,Galveston,Texas,United States,Middle School,RE-V5RC-25-0205,2025-11-21,5,0,5,0,5,false
1422,938Z,Blaze Zephyr,Blaze Robotics Academy,Bellevue,Washington,United States,Middle School,RE-V5RC-25-0205,2025-11-21,5,0,5,0,5,false
1423,88454G,Pending...,FAITH Homeschool Co-op,Elizabethtown,Kentucky,United States,Middle School,RE-V5RC-25-2549,2025-11-22,5,0,5,0,5,false
1424,11532C,Indecisive,BEMIDJI MIDDLE,Bemidji,Minnesota,United States,Middle School,RE-V5RC-25-2140,2025-11-22,5,0,5,0,5,false
1425,9594T,RoboCavs,Collingwood School,West Vancouver,British Columbia,Canada,Middle School,RE-V5RC-25-2529,2025-11-22,5,0,5,0,5,false
1426,9149C,Robocats,Meyer Middle School Robotics,River Falls,Wisconsin,United States,Middle School,RE-V5RC-25-9984,2025-11-22,5,0,5,0,5,false
1427,9594N,RoboCavs,Collingwood School,West Vancouver,British Columbia,Canada,Middle School,RE-V5RC-25-2529,2025-11-22,5,0,5,0,5,false
1428,2088C,Nexus-9,Western Mechatronics,Calgary,Alberta,Canada,Middle School,RE-V5RC-25-1906,2025-11-22,5,0,5,0,5,false
1429,86266B,Naaʼatchʼííní (Warrior),DISHCHII'BIKOH COMMUNITY SCHOOL,Cibecue,Arizona,United States,Middle School,RE-V5RC-25-2984,2025-11-22,5,0,5,0,5,false
1430,97311C,Purple Pigs More Bacon,DUNCAN LAKE MIDDLE SCHOOL,Caledonia,Michigan,United States,Middle School,RE-V5RC-25-2283,2025-11-24,5,0,5,0,5,false
1431,10825B,SD-B,sidunxuetang,Foshan,Guangdong,China,Middle School,RE-V5RC-25-1744,2025-10-03,4,4,0,4,0,false
1432,57711M,G Money,Alchemy Global STEM Institute,White Pine,Tennessee,United States,Middle School,RE-V5RC-25-0154,2025-11-12,4,2,2,2,2,false
1433,18000C,Iron Patriots ,Sullivan East Middle School,Bluff City,Tennessee,United States,Middle School,RE-V5RC-25-0213,2025-10-25,4,1,3,1,3,false
1434,67671B,Robo Royals,REDLAND MIDDLE SCHOOL,Homestead,Florida,United States,Middle School,RE-V5RC-25-1521,2025-10-18,4,1,3,1,3,false
1435,38150E,Team Co-Op,Team Co-Op,Glendale,California,United States,Middle School,RE-V5RC-25-0343,2025-11-08,4,0,4,0,4,false
1436,85301S,Serendipitous Lemons,The International School of Macao,Macau,,Macau,Middle School,RE-V5RC-25-0576,2025-10-31,4,0,4,0,4,false
1437,48329D,RoboKnights D,SOUTHWOOD JR-SR HIGH SCHOOL,Wabash,Indiana,United States,Middle School,RE-V5RC-25-1978,2025-11-15,4,0,4,0,4,false
1438,52077X,Mummur,Senyes Vanguard,Nonthaburi,,Thailand,Middle School,RE-V5RC-25-0588,2025-11-15,4,0,4,0,4,false
1439,97625A,Bolt Busters,WALHALLA MIDDLE,Walhalla,South Carolina,United States,Middle School,RE-V5RC-25-0796,2025-11-01,4,0,4,0,4,false
1440,7831X,The Fritos,FRANK H HARRISON MIDDLE SCHOOL,Yarmouth,Maine,United States,Middle School,RE-V5RC-25-9998,2025-11-15,4,0,4,0,4,false
1441,99406A,Curran Robotics A,CURRAN MIDDLE,Bakersfield,California,United States,Middle School,RE-V5RC-25-0072,2025-09-13,4,0,4,0,4,false
1442,84949C,84949C,SUSSMAN (EDWARD A.) MIDDLE,Downey,California,United States,Middle School,RE-V5RC-25-0771,2025-10-11,4,0,4,0,4,false
1443,1365Y,Spartabots,East Ridge Middle School,Clermont,Florida,United States,Middle School,RE-V5RC-25-2382,2025-11-15,4,0,4,0,4,false
1444,3333V,Snowy Circuit,Notre Dame Prep,Pontiac,Michigan,United States,Middle School,RE-V5RC-25-0452,2025-08-02,4,0,4,0,4,false
1445,99232X,QiongWolf X,QongWolf Studio,foshan,Guangdong,China,Middle School,RE-V5RC-25-0862,2025-08-22,4,0,4,0,4,false
1446,4613J,The Falcon Force,Barker College,Sydney,New South Wales,Australia,Middle School,RE-V5RC-25-1959,2025-09-04,4,0,4,0,4,false
1447,25304A,EagleForce8,HORACE MANN MIDDLE SCHOOL,Charleston,West Virginia,United States,Middle School,RE-V5RC-25-1503,2025-10-10,4,0,4,0,4,false
1448,10042F,Pink Potato,Framwellgate School Durham,Durham,,United Kingdom,Middle School,RE-V5RC-25-0073,2025-10-11,4,0,4,0,4,false
1449,7690S,FJH Rusty Robot,FRUITVALE JUNIOR HIGH,Bakersfield,California,United States,Middle School,RE-V5RC-25-0072,2025-09-13,4,0,4,0,4,false
1450,13465Z,Fantastic Five IRA,Garage Team,Saratoga,California,United States,Middle School,RE-V5RC-25-0113,2025-10-12,4,0,4,0,4,false
1451,82391E,Error 404: Team Not Found,Troy Middle School,Troy,Missouri,United States,Middle School,RE-V5RC-25-0963,2025-10-18,4,0,4,0,4,false
1452,10420A,Super Grain Cells,Norman Robotics Club,Norman,Oklahoma,United States,Middle School,RE-V5RC-25-0794,2025-10-18,4,0,4,0,4,false
1453,13115A,Episode 5,FAIRFOREST MIDDLE,Spartanburg,South Carolina,United States,Middle School,RE-V5RC-25-0050,2025-10-18,4,0,4,0,4,false
1454,10301C,The Blue Jays,DOTY MIDDLE,Downey,California,United States,Middle School,RE-V5RC-25-0366,2025-10-18,4,0,4,0,4,false
1455,2150U,Chadwick Robotics U,CHADWICK SCHOOL,Palos Verdes Peninsula,California,United States,Middle School,RE-V5RC-25-0366,2025-10-18,4,0,4,0,4,false
1456,99182W,yogurt,Cupertino STEM,Cupertino,California,United States,Middle School,RE-V5RC-25-1021,2025-10-18,4,0,4,0,4,false
1457,96607A,Perry the Platybot,S. P. ARNETT MIDDLE SCHOOL,Westlake,Louisiana,United States,Middle School,RE-V5RC-25-1500,2025-10-02,4,0,4,0,4,false
1458,4139E,in progress…,Steam Labs Technology and Robotics Studio,Bangkok,,Thailand,Middle School,RE-V5RC-25-0576,2025-10-31,4,0,4,0,4,false
1459,29651R,Ballistic Bots,BLUE RIDGE MIDDLE,Greer,South Carolina,United States,Middle School,RE-V5RC-25-0796,2025-11-01,4,0,4,0,4,false
1460,295B,PART B,Placer Robotics (PART),Roseville,California,United States,Middle School,RE-V5RC-25-0123,2025-11-01,4,0,4,0,4,false
1461,2148G,Goofy Goobers,Greenville Middle School,Greenville,Texas,United States,Middle School,RE-V5RC-25-1603,2025-11-01,4,0,4,0,4,false
1462,938Y,Blaze Yellow Dragon,Blaze Robotics Academy,Bellevue,Washington,United States,Middle School,RE-V5RC-25-0800,2025-11-01,4,0,4,0,4,false
1463,76936B,The Costco Hotdogs,MOUNDSVILLE MIDDLE SCHOOL,Moundsville,West Virginia,United States,Middle School,RE-V5RC-25-1854,2025-11-08,4,0,4,0,4,false
1464,12909Z,Team Zero,FOUNTAIN MIDDLE SCHOOL,Fountain,Colorado,United States,Middle School,RE-V5RC-25-1065,2025-10-18,4,0,4,0,4,false
1465,2568J,Porta-Botz! Jelly Roll,Portage Middle School,Portage,Indiana,United States,Middle School,RE-V5RC-25-1856,2025-11-08,4,0,4,0,4,false
1466,99905G,RoboGryphs,ST GEORGE'S INDEPENDENT SCHOOL,Collierville,Tennessee,United States,Middle School,RE-V5RC-25-0454,2025-11-08,4,0,4,0,4,false
1467,9048C,Bad 2 the Bone,York Robotics ,York,Maine,United States,Middle School,RE-V5RC-25-9998,2025-11-15,4,0,4,0,4,false
1468,55615A,Calamity,FMS Raider Robotics,FLUSHING,Michigan,United States,Middle School,RE-V5RC-25-0380,2025-11-15,4,0,4,0,4,false
1469,51521D,Reckless Drivers,NORTH PARK ACADEMY OF THE ARTS,Pico Riverra,California,United States,Middle School,RE-V5RC-25-0771,2025-10-11,4,0,4,0,4,false
1470,28784N,Mechanical Maestros,Mechanical Maestros,Austin,Texas,United States,Middle School,RE-V5RC-25-0876,2025-11-15,4,0,4,0,4,false
1471,19306G,Quantum Lizz,ASBURY HIGH SCHOOL,Albertville,Alabama,United States,Middle School,RE-V5RC-25-1406,2025-11-15,4,0,4,0,4,false
1472,84949B,84949B,SUSSMAN (EDWARD A.) MIDDLE,Downey,California,United States,Middle School,RE-V5RC-25-0771,2025-10-11,4,0,4,0,4,false
1473,9413B,The Tater-Naters,STEAM ACADEMY @ BURKE,Pico Rivera,California,United States,Middle School,RE-V5RC-25-0771,2025-10-11,4,0,4,0,4,false
1474,55117Y,Robotic Men,FREMONT HIGH,Plain City,Utah,United States,Middle School,RE-V5RC-25-1483,2025-11-15,4,0,4,0,4,false
1475,66042M,Moon Monks,PLEASANT HILL MIDDLE,Lexington,South Carolina,United States,Middle School,RE-V5RC-25-0045,2025-11-15,4,0,4,0,4,false
1476,30117B,CMS Robotics,Carrollton Middle School,Carrollton,Georgia,United States,Middle School,RE-V5RC-25-1207,2025-11-20,4,0,4,0,4,false
1477,466D,466D - The Lebot James,CENTRAL MIDDLE SCHOOL,Galveston,Texas,United States,Middle School,RE-V5RC-25-0205,2025-11-21,4,0,4,0,4,false
1478,70909C,CLBSS,CLBSS,Hong Kong,,Hong Kong,Middle School,RE-V5RC-25-0139,2025-11-22,4,0,4,0,4,false
1479,24931C,STEMBots,LANIER MIDDLE SCHOOL,Sugar Hill,Georgia,United States,Middle School,RE-V5RC-25-1373,2025-11-22,4,0,4,0,4,false
1480,61538F,The Bolts,CHENEY MIDDLE SCHOOL  6-8,Cheney,Kansas,United States,Middle School,RE-V5RC-25-2573,2025-11-22,4,0,4,0,4,false
1481,2481D,Frosted Phoenix,COLORADO SPRINGS EARLY COLLEGES,Colorado Springs,Colorado,United States,Middle School,RE-V5RC-25-1628,2025-11-22,4,0,4,0,4,false
1482,16438X,Dinosaurs and Tacos,UNION CITY MIDDLE SCHOOL,Union City,Pennsylvania,United States,Middle School,RE-V5RC-25-2848,2025-11-24,4,0,4,0,4,false
1483,70000X,Beng-Beng,Beijing Lecheng International School,Beijing,Beijing,China,Middle School,RE-V5RC-25-3129,2025-10-24,3,3,0,3,0,false
1484,9285A,WuXi JiangNan Middle School Team A,WuXi JiangNan Middle School,Wuxi,Jiangsu,China,Middle School,RE-V5RC-25-0862,2025-08-22,3,3,0,3,0,false
1485,70634C,Techno Vipers,EAST BEAUREGARD HIGH SCHOOL,Deridder,Louisiana,United States,Middle School,RE-V5RC-25-1502,2025-09-25,3,1,2,1,2,false
1486,9460B,Iron Eagles,PRINCE OF PEACE LUTHERAN SCHOOL,Saint Cloud,Minnesota,United States,Middle School,RE-V5RC-25-0745,2025-10-21,3,0,3,0,3,false
1487,8108A,Apex Megalodons,NORTH JUNIOR HIGH,Saint Cloud,Minnesota,United States,Middle School,RE-V5RC-25-0745,2025-10-21,3,0,3,0,3,false
1488,938S,Blaze The Six Cyclones,Blaze Robotics Academy,Bellevue,Washington,United States,Middle School,RE-V5RC-25-0800,2025-11-01,3,0,3,0,3,false
1489,3440C,CheeseBurger,REACT ,Elizabethtown,Kentucky,United States,Middle School,RE-V5RC-25-2148,2025-11-08,3,0,3,0,3,false
1490,38247D,Brainz 'N Boltz,Bogle Junior High School,Chandler,Arizona,United States,Middle School,RE-V5RC-25-0270,2025-11-15,3,0,3,0,3,false
1491,96231A,AllSpark Innovators,Shetty Robotics Lab,Concord,North Carolina,United States,Middle School,RE-V5RC-25-2375,2025-11-15,3,0,3,0,3,false
1492,18000H,Iron Patriots Hot-E,Sullivan East Middle School,Bluff City,Tennessee,United States,Middle School,RE-V5RC-25-0213,2025-10-25,3,0,3,0,3,false
1493,79546A,Chezburber,ROTAN K-12,Rotan,Texas,United States,Middle School,RE-V5RC-25-2542,2025-10-25,3,0,3,0,3,false
1494,79901A,Guillen Robotics,GUILLEN MIDDLE,El Paso,Texas,United States,Middle School,RE-V5RC-25-2036,2025-10-30,3,0,3,0,3,false
1495,49959C,404 Error No Name,PINNACLE VIEW MIDDLE SCHOOL,Little Rock,Arkansas,United States,Middle School,RE-V5RC-25-1447,2025-11-08,3,0,3,0,3,false
1496,65892K,that.,GLENWOOD SENIOR HIGH SCHOOL,Glenwood,Iowa,United States,Middle School,RE-V5RC-25-0046,2025-11-15,3,0,3,0,3,false
1497,1247D,Awesome Sauce,WESTBROOK INT,Friendswood,Texas,United States,Middle School,RE-V5RC-25-2095,2025-10-07,3,0,3,0,3,false
1498,4670A,Ctrl-Z,SUMMIT MIDDLE CHARTER SCHOOL,Boulder,Colorado,United States,Middle School,RE-V5RC-25-1628,2025-11-22,3,0,3,0,3,false
1499,99213V,Future Soldier MG,Experimental School of Shanghai Conservatory of Music,上海,Shanghai,China,Middle School,RE-V5RC-25-0373,2025-07-17,3,0,3,0,3,false
1500,8975C,Chipman Robotics C - Metal Claws,CHIPMAN JUNIOR HIGH,Bakersfield,California,United States,Middle School,RE-V5RC-25-0072,2025-09-13,3,0,3,0,3,false
1501,70565A,SaberNetics,MCFARLAND Junior High School,Mcfarland,California,United States,Middle School,RE-V5RC-25-0072,2025-09-13,3,0,3,0,3,false
1502,93535N,Nighthawks,FULTON AND ALSBURY ACADEMY OF ARTS AND ENGINEERING,Lancaster,California,United States,Middle School,RE-V5RC-25-0072,2025-09-13,3,0,3,0,3,false
1503,13115C,Something Hornet Related,FAIRFOREST MIDDLE,Spartanburg,South Carolina,United States,Middle School,RE-V5RC-25-0050,2025-10-18,3,0,3,0,3,false
1504,74042B,North Parkway Robotics,NORTH PARKWAY MIDDLE SCHOOL,Jackson,Tennessee,United States,Middle School,RE-V5RC-25-0384,2025-10-14,3,0,3,0,3,false
1505,29687K,T.E.D.,Northwood Middle School,Taylors,South Carolina,United States,Middle School,RE-V5RC-25-0501,2025-10-25,3,0,3,0,3,false
1506,1028E,Sigma Turtles,Brownell Talbot College Preparatory School,Omaha,Nebraska,United States,Middle School,RE-V5RC-25-0438,2025-10-25,3,0,3,0,3,false
1507,92315P,PantherBots P,POTOMAC MIDDLE,Dumfries,Virginia,United States,Middle School,RE-V5RC-25-9935,2025-10-25,3,0,3,0,3,false
1508,44287D,44287D,Northwestern Middle School,West Salem,Ohio,United States,Middle School,RE-V5RC-25-0168,2025-11-01,3,0,3,0,3,false
1509,2148T,Teletubbies,Greenville Middle School,Greenville,Texas,United States,Middle School,RE-V5RC-25-1603,2025-11-01,3,0,3,0,3,false
1510,42239B,Sufur,SILOAM SPRINGS MIDDLE SCHOOL,Siloam Springs,Arkansas,United States,Middle School,RE-V5RC-25-2000,2025-11-08,3,0,3,0,3,false
1511,73805B,Bionic Bulldogs,Germantown Middle School,Madison,Mississippi,United States,Middle School,RE-V5RC-25-1105,2025-11-08,3,0,3,0,3,false
1512,6047D,Mini Pekka,WESTVIEW MIDDLE SCHOOL,Longmont,Colorado,United States,Middle School,RE-V5RC-25-2582,2025-11-08,3,0,3,0,3,false
1513,46673A,Pythons,IPREP  ACADEMY NORTH,Miami,Florida,United States,Middle School,RE-V5RC-25-1986,2025-11-08,3,0,3,0,3,false
1514,9806D,Crusaderbots,BONITA VISTA MIDDLE,Chula Vista,California,United States,Middle School,RE-V5RC-25-0405,2025-09-13,3,0,3,0,3,false
1515,6517Y,TRITONBOTS-Y,EASTLAKE MIDDLE,Chula Vista,California,United States,Middle School,RE-V5RC-25-0405,2025-09-13,3,0,3,0,3,false
1516,3324E,Supernova E,SCIENCE ACADEMY STEM MAGNET,North Hollywood,California,United States,Middle School,RE-V5RC-25-0343,2025-11-08,3,0,3,0,3,false
1517,6403D,Team Name,Brookside Middle School,Sheffield Village,Ohio,United States,Middle School,RE-V5RC-25-9960,2025-11-14,3,0,3,0,3,false
1518,2601B,Manic Mangos,Mead Middle School,Wichita,Kansas,United States,Middle School,RE-V5RC-25-0580,2025-11-15,3,0,3,0,3,false
1519,1660A,Clanker's Founding Fathers,Clover Middle School,Clover,South Carolina,United States,Middle School,RE-V5RC-25-0045,2025-11-15,3,0,3,0,3,false
1520,1365W,Spartabots,East Ridge Middle School,Clermont,Florida,United States,Middle School,RE-V5RC-25-2382,2025-11-15,3,0,3,0,3,false
1521,68689J,JeBron James,BP STEM ACADEMY,Baldwin Park,California,United States,Middle School,RE-V5RC-25-0771,2025-10-11,3,0,3,0,3,false
1522,51521A,Krispy Kreamers,NORTH PARK ACADEMY OF THE ARTS,Pico Riverra,California,United States,Middle School,RE-V5RC-25-0771,2025-10-11,3,0,3,0,3,false
1523,8153B,Dino Nuggets,Hudsonville Robotics - Riley MS,Hudsonville,Michigan,United States,Middle School,RE-V5RC-25-2224,2025-11-15,3,0,3,0,3,false
1524,11462D,Certified 5 Beans,GIBSON  ROBERT O MIDDLE SCHOOL LEADERSHIP ACADEMY,Las Vegas,Nevada,United States,Middle School,RE-V5RC-25-1270,2025-11-15,3,0,3,0,3,false
1525,1660B,Triple Trouble,Clover Middle School,Clover,South Carolina,United States,Middle School,RE-V5RC-25-0045,2025-11-15,3,0,3,0,3,false
1526,84260M,Wave Wranglers,Cabot High School,Cabot,Arkansas,United States,Middle School,RE-V5RC-25-0135,2025-11-15,3,0,3,0,3,false
1527,50250C,Rust In Pieces,BASHA HIGH SCHOOL,Chandler,Arizona,United States,Middle School,RE-V5RC-25-0270,2025-11-15,3,0,3,0,3,false
1528,65892P,ICTS,GLENWOOD SENIOR HIGH SCHOOL,Glenwood,Iowa,United States,Middle School,RE-V5RC-25-0046,2025-11-15,3,0,3,0,3,false
1529,1247F,The Mechanic Monster,WESTBROOK INT,Friendswood,Texas,United States,Middle School,RE-V5RC-25-2095,2025-10-07,3,0,3,0,3,false
1530,10820X,Speedy Metal,WILLOW SPRINGS MIDDLE,Lucas,Texas,United States,Middle School,RE-V5RC-25-2014,2025-11-21,3,0,3,0,3,false
1531,19991A,The 3 Stooges,TEXAS SCHOOL FOR THE DEAF,Austin,Texas,United States,Middle School,RE-V5RC-25-2014,2025-11-21,3,0,3,0,3,false
1532,87422C,Miku Miku Beam,JONES MIDDLE SCHOOL,Buford,Georgia,United States,Middle School,RE-V5RC-25-1373,2025-11-22,3,0,3,0,3,false
1533,72733X,Mustangs,Fraser Academy,Vancouver,British Columbia,Canada,Middle School,RE-V5RC-25-2529,2025-11-22,3,0,3,0,3,false
1534,25900D,Lemons sponsored by PrintCrypto.io,ALLISON TRADITIONAL MAGNET MIDDLE,Wichita,Kansas,United States,Middle School,RE-V5RC-25-2573,2025-11-22,3,0,3,0,3,false
1535,2885A,WM NEXT,Next Robotics,Calgary,Alberta,Canada,Middle School,RE-V5RC-25-1906,2025-11-22,3,0,3,0,3,false
1536,9791A,WalshBots - Messy Wires,WALSH MIDDLE SCHOOL,Framingham,Massachusetts,United States,Middle School,RE-V5RC-25-9990,2025-11-23,3,0,3,0,3,false
1537,80745D,Kode_Killers,St. Modan's High School,Stirling,,United Kingdom,Middle School,RE-V5RC-25-0779,2025-11-25,3,0,3,0,3,false
1538,457C,Speedy Pancakes,JENISON JUNIOR HIGH SCHOOL,Jenison,Michigan,United States,Middle School,RE-V5RC-25-2283,2025-11-24,3,0,3,0,3,false
1539,33123B,火星先锋,火星派科技(北京)有限公司,北京市,Beijing,China,Middle School,RE-V5RC-25-3092,2025-10-24,2,2,0,2,0,false
1540,41000D,Butter,GRANDVILLE MIDDLE SCHOOL,Grandville,Michigan,United States,Middle School,RE-V5RC-25-1441,2025-11-08,2,1,1,1,1,false
1541,87412C,Circuit Cyborgs,Circuit Cyborgs,Palo Alto,California,United States,Middle School,RE-V5RC-25-1021,2025-10-18,2,0,2,0,2,false
1542,38247C,Piercing Boltz,Bogle Junior High School,Chandler,Arizona,United States,Middle School,RE-V5RC-25-0270,2025-11-15,2,0,2,0,2,false
1543,8108D,Radioactive Cookies,NORTH JUNIOR HIGH,Saint Cloud,Minnesota,United States,Middle School,RE-V5RC-25-0745,2025-10-21,2,0,2,0,2,false
1544,1247C,Mini PEKKAs,WESTBROOK INT,Friendswood,Texas,United States,Middle School,RE-V5RC-25-2095,2025-10-07,2,0,2,0,2,false
1545,96607C,Krusty Krab,S. P. ARNETT MIDDLE SCHOOL,Westlake,Louisiana,United States,Middle School,RE-V5RC-25-1500,2025-10-02,2,0,2,0,2,false
1546,18000M,Iron Patriots ,Sullivan East Middle School,Bluff City,Tennessee,United States,Middle School,RE-V5RC-25-0213,2025-10-25,2,0,2,0,2,false
1547,6446C,Royal Robotics 6446C,RANCHO DEL REY MIDDLE,Chula Vista,California,United States,Middle School,RE-V5RC-25-0405,2025-09-13,2,0,2,0,2,false
1548,53397S,Loose Screws,South Coast Baptist College,Waikiki,Western Australia,Australia,Middle School,RE-V5RC-25-1218,2025-10-17,2,0,2,0,2,false
1549,57437A,The Knights,EUREKA HIGH SCHOOL - 01,Eureka,South Dakota,United States,Middle School,RE-V5RC-25-0630,2025-11-22,2,0,2,0,2,false
1550,20360D,North of Aquarius @SHSSIP,suzhou high school SIP,Suzhou,Jiangsu,China,Middle School,RE-V5RC-25-0373,2025-07-17,2,0,2,0,2,false
1551,52050F,BAZINGA!,Aquinas College,Ringwood,Victoria,Australia,Middle School,RE-V5RC-25-0027,2025-08-12,2,0,2,0,2,false
1552,3083A,Tiger Sharks,WALTER STIERN MIDDLE,Bakersfield,California,United States,Middle School,RE-V5RC-25-0072,2025-09-13,2,0,2,0,2,false
1553,4613Z,The way I gear,Barker College,Sydney,New South Wales,Australia,Middle School,RE-V5RC-25-1959,2025-09-04,2,0,2,0,2,false
1554,46131J,Xanadu,Barker College,Sydney,New South Wales,Australia,Middle School,RE-V5RC-25-1959,2025-09-04,2,0,2,0,2,false
1555,3457A,Robolabs Aquarius,Robolabs ,Dublin,California,United States,Middle School,RE-V5RC-25-1019,2025-10-04,2,0,2,0,2,false
1556,79192A,Bob the Builders,ANDREW JACKSON MIDDLE SCHOOL,Cross Lanes,West Virginia,United States,Middle School,RE-V5RC-25-1503,2025-10-10,2,0,2,0,2,false
1557,39475J,RGS Robo Kai 9,The Royal Grammar School Newcastle Upon Tyne,Newcastle Upon Tyne,,United Kingdom,Middle School,RE-V5RC-25-0073,2025-10-11,2,0,2,0,2,false
1558,77938B,MVA Robotics,MAR VISTA ACADEMY,San Diego,California,United States,Middle School,RE-V5RC-25-0405,2025-09-13,2,0,2,0,2,false
1559,27182B,Cybot Galactica,SIERRA MIDDLE,Bakersfield,California,United States,Middle School,RE-V5RC-25-0072,2025-09-13,2,0,2,0,2,false
1560,52451C,Cavalier Robotics,PAUL L. CATO MIDDLE,Bakersfield,California,United States,Middle School,RE-V5RC-25-0072,2025-09-13,2,0,2,0,2,false
1561,92808B,Phantom Surge ,RIO BRAVO GREELEY,Bakersfield,California,United States,Middle School,RE-V5RC-25-0072,2025-09-13,2,0,2,0,2,false
1562,79419C,"Wir sind dumm, alles ist kaput",Carey Baptist College,Harrisdale,Western Australia,Australia,Middle School,RE-V5RC-25-1218,2025-10-17,2,0,2,0,2,false
1563,90121B,OverCode,ACADEMY FOR ADVANCED AND CREATIVE LEARNING,Colorado Springs,Colorado,United States,Middle School,RE-V5RC-25-1058,2025-10-18,2,0,2,0,2,false
1564,66969A,Bob the Builders,Dr. Player Robotics Lab. Taipei,Taipei City,,Taiwan,Middle School,RE-V5RC-25-0037,2025-10-19,2,0,2,0,2,false
1565,20315A,Marcelline A,Collège Sainte-Marcelline,Montreal,Quebec,Canada,Middle School,RE-V5RC-25-2145,2025-10-25,2,0,2,0,2,false
1566,18000B,Iron Patriots - ,Sullivan East Middle School,Bluff City,Tennessee,United States,Middle School,RE-V5RC-25-0213,2025-10-25,2,0,2,0,2,false
1567,19140B,Tekkeronies,W. W. LEWIS MIDDLE SCHOOL,Sulphur,Louisiana,United States,Middle School,RE-V5RC-25-1500,2025-10-02,2,0,2,0,2,false
1568,81000C,Galaxy Rovers,BAY CREEK MIDDLE SCHOOL,Grayson,Georgia,United States,Middle School,RE-V5RC-25-1711,2025-11-01,2,0,2,0,2,false
1569,81016T,M-Force,Malesus STEM Innovation Center,Jackson,Tennessee,United States,Middle School,RE-V5RC-25-0384,2025-10-14,2,0,2,0,2,false
1570,45173A,The Vexanots,Fennville Middle School,Fennville,Michigan,United States,Middle School,RE-V5RC-25-0378,2025-11-08,2,0,2,0,2,false
1571,2775U,Jackson Area Robotics,Jackson Area Robotics,Jackson,Tennessee,United States,Middle School,RE-V5RC-25-0454,2025-11-08,2,0,2,0,2,false
1572,12909W,WireWasps,FOUNTAIN MIDDLE SCHOOL,Fountain,Colorado,United States,Middle School,RE-V5RC-25-1065,2025-10-18,2,0,2,0,2,false
1573,96607B,Doodle Bots,S. P. ARNETT MIDDLE SCHOOL,Westlake,Louisiana,United States,Middle School,RE-V5RC-25-1500,2025-10-02,2,0,2,0,2,false
1574,52766C,The Ravens,SABIN MIDDLE SCHOOL,Colorado Springs,Colorado,United States,Middle School,RE-V5RC-25-1065,2025-10-18,2,0,2,0,2,false
1575,32547K,Mavericks - TEAM K,Grand Mountain Junior High School,Colorado Springs,Colorado,United States,Middle School,RE-V5RC-25-1058,2025-10-18,2,0,2,0,2,false
1576,19901A,Janitell Jagwires - TEAM A,JANITELL JUNIOR HIGH SCHOOL,Colorado Springs,Colorado,United States,Middle School,RE-V5RC-25-1058,2025-10-18,2,0,2,0,2,false
1577,67915B,SpaceBots,LAUNCH VIRTUAL ACADEMY,Chula Vista,California,United States,Middle School,RE-V5RC-25-0405,2025-09-13,2,0,2,0,2,false
1578,63438Y,Valpo Vipers: Mini Medusae,BENJAMIN FRANKLIN MIDDLE SCHOOL,Valparaiso,Indiana,United States,Middle School,RE-V5RC-25-1856,2025-11-08,2,0,2,0,2,false
1579,70663C,Goblin Goonies,LEBLANC MIDDLE SCHOOL,Sulphur,Louisiana,United States,Middle School,RE-V5RC-25-1502,2025-09-25,2,0,2,0,2,false
1580,63724A,University School Sharks Robotics,NSU UNIVERSITY SCHOOL,Ft. Lauderdale,Florida,United States,Middle School,RE-V5RC-25-1986,2025-11-08,2,0,2,0,2,false
1581,84778G,Green Arrow,WARWOOD SCHOOL,Wheeling,West Virginia,United States,Middle School,RE-V5RC-25-1854,2025-11-08,2,0,2,0,2,false
1582,70663B,RoboGuppies,LEBLANC MIDDLE SCHOOL,Sulphur,Louisiana,United States,Middle School,RE-V5RC-25-1500,2025-10-02,2,0,2,0,2,false
1583,6356C,Mythic Dragons,TRAIL RIDGE MIDDLE SCHOOL,Longmont,Colorado,United States,Middle School,RE-V5RC-25-2582,2025-11-08,2,0,2,0,2,false
1584,6517C,TRITONBOTS-C,EASTLAKE MIDDLE,Chula Vista,California,United States,Middle School,RE-V5RC-25-0405,2025-09-13,2,0,2,0,2,false
1585,6047C,Downtown Girls,WESTVIEW MIDDLE SCHOOL,Longmont,Colorado,United States,Middle School,RE-V5RC-25-2582,2025-11-08,2,0,2,0,2,false
1586,93528A,Kraftwork,Colorado Early Colleges Fort Collins Middle School,Fort Collins,Colorado,United States,Middle School,RE-V5RC-25-2582,2025-11-08,2,0,2,0,2,false
1587,42239Z,The Panthers,SILOAM SPRINGS MIDDLE SCHOOL,Siloam Springs,Arkansas,United States,Middle School,RE-V5RC-25-2000,2025-11-08,2,0,2,0,2,false
1588,43050A,VALIANT,MOUNT VERNON MIDDLE SCHOOL,Mount Vernon,Ohio,United States,Middle School,RE-V5RC-25-9960,2025-11-14,2,0,2,0,2,false
1589,92244C,Cosmic Coders,KASSON-MANTORVILLE MIDDLE SCHOOL,Kasson,Minnesota,United States,Middle School,RE-V5RC-25-9919,2025-11-15,2,0,2,0,2,false
1590,79338C,Clashers,Westchester Middle School,Chesterton,Indiana,United States,Middle School,RE-V5RC-25-1978,2025-11-15,2,0,2,0,2,false
1591,1262E,OPS - The Two Brain Cells,Bluestem Middle School,Omaha,Nebraska,United States,Middle School,RE-V5RC-25-0046,2025-11-15,2,0,2,0,2,false
1592,22201E,Peanut Brains,PLEASANT VALLEY MIDDLE SCHOOL,Wichita,Kansas,United States,Middle School,RE-V5RC-25-0580,2025-11-15,2,0,2,0,2,false
1593,71300D,Scrap Mayhem,Lied Middle School,Las Vegas,Nevada,United States,Middle School,RE-V5RC-25-1270,2025-11-15,2,0,2,0,2,false
1594,2822B,Spartan Design Blackhawks,STAUFFER (MARY R.) MIDDLE,Downey,California,United States,Middle School,RE-V5RC-25-0771,2025-10-11,2,0,2,0,2,false
1595,17380B,Big Boi,Searsport District Middle/High School,Searsport,Maine,United States,Middle School,RE-V5RC-25-1318,2025-11-15,2,0,2,0,2,false
1596,31389C,The Rust Bucket Ducks,SANTAN JUNIOR HIGH SCHOOL,Chandler,Arizona,United States,Middle School,RE-V5RC-25-0270,2025-11-15,2,0,2,0,2,false
1597,43125C,Eagles,RIVERA MIDDLE,Pico Rivera,California,United States,Middle School,RE-V5RC-25-0771,2025-10-11,2,0,2,0,2,false
1598,71300X,Badminton Baddies,Lied Middle School,Las Vegas,Nevada,United States,Middle School,RE-V5RC-25-1270,2025-11-15,2,0,2,0,2,false
1599,28466H,Frozone,SPRINGS STUDIO FOR ACADEMIC EXCELLENCE,Colorado Springs,Colorado,United States,Middle School,RE-V5RC-25-0997,2025-11-15,2,0,2,0,2,false
1600,37768E,Big Nacho,BROWN JR. (WILLIE L) MIDDLE,San Francisco,California,United States,Middle School,RE-V5RC-25-1473,2025-11-15,2,0,2,0,2,false
1601,25304C,EagleForce6A,HORACE MANN MIDDLE SCHOOL,Charleston,West Virginia,United States,Middle School,RE-V5RC-25-1505,2025-11-21,2,0,2,0,2,false
1602,7403C,Men in Slacks,CLEAR CREEK INT,Houston,Texas,United States,Middle School,RE-V5RC-25-0205,2025-11-21,2,0,2,0,2,false
1603,466C,466C - Five Two,CENTRAL MIDDLE SCHOOL,Galveston,Texas,United States,Middle School,RE-V5RC-25-0205,2025-11-21,2,0,2,0,2,false
1604,28991Z,Bulldog Bionics,DUNBAR MIDDLE SCHOOL,Dunbar,West Virginia,United States,Middle School,RE-V5RC-25-1505,2025-11-21,2,0,2,0,2,false
1605,30202C,Linear Actuator,Rising Sun Middle School,Rising Sun,Maryland,United States,Middle School,RE-V5RC-25-9977,2025-11-21,2,0,2,0,2,false
1606,30202H,Elkton Middle School,Elkton Middle School,Elkton,Maryland,United States,Middle School,RE-V5RC-25-9977,2025-11-21,2,0,2,0,2,false
1607,1434G,Dungeoneers,SPACE CENTER INT,Houston,Texas,United States,Middle School,RE-V5RC-25-0205,2025-11-21,2,0,2,0,2,false
1608,87711A,Bad Chad,NATIONAL INVENTORS HALL OF FAME SCHOOL CENTER FOR STEM,Akron,Ohio,United States,Middle School,RE-V5RC-25-2292,2025-11-21,2,0,2,0,2,false
1609,41120B,Arctic-Nova,ZANESVILLE MIDDLE SCHOOL,Zanesville,Ohio,United States,Middle School,RE-V5RC-25-0882,2025-11-22,2,0,2,0,2,false
1610,70773A,RMS Titans Team A,RICHARDS MIDDLE SCHOOL,Lawrenceville,Georgia,United States,Middle School,RE-V5RC-25-1373,2025-11-22,2,0,2,0,2,false
1611,11532B,I Guess I Don't Know,BEMIDJI MIDDLE,Bemidji,Minnesota,United States,Middle School,RE-V5RC-25-2140,2025-11-22,2,0,2,0,2,false
1612,11333B,Snellville Comets,GCPS Schools (Snellville MS),Snellville,Georgia,United States,Middle School,RE-V5RC-25-1373,2025-11-22,2,0,2,0,2,false
1613,1506E,Gear Jammers,PACT CHARTER SCHOOL,Ramsey,Minnesota,United States,Middle School,RE-V5RC-25-9984,2025-11-22,2,0,2,0,2,false
1614,4670E,The RoboRoyals,SUMMIT MIDDLE CHARTER SCHOOL,Boulder,Colorado,United States,Middle School,RE-V5RC-25-1628,2025-11-22,2,0,2,0,2,false
1615,11532J,Artificial Idiots,BEMIDJI MIDDLE,Bemidji,Minnesota,United States,Middle School,RE-V5RC-25-2140,2025-11-22,2,0,2,0,2,false
1616,394B,Highlands Inter Robotics,HIGHLANDS INTERMEDIATE SCHOOL,Pearl City,Hawaii,United States,Middle School,RE-V5RC-25-2038,2025-11-22,2,0,2,0,2,false
1617,33249J,Cyber Wolves,BOB JONES ACADEMY MIDDLE SCHOOL,Greenville,South Carolina,United States,Middle School,RE-V5RC-25-0796,2025-11-01,1,1,0,1,0,false
1618,88111A,88111A,上海宋庆龄学校,中国上海,Shanghai,China,Middle School,RE-V5RC-25-0834,2025-08-14,1,1,0,1,0,false
1619,6047A,The Airballers,WESTVIEW MIDDLE SCHOOL,Longmont,Colorado,United States,Middle School,RE-V5RC-25-2582,2025-11-08,1,1,0,1,0,false
1620,9210J,Turtle Bread,SAUK RAPIDS-RICE MIDDLE SCHOOL,Sauk Rapids,Minnesota,United States,Middle School,RE-V5RC-25-0745,2025-10-21,1,0,1,0,1,false
1621,119M,Meter Sticks,ST BERNARD SCHOOL,Uncasville,Connecticut,United States,Middle School,RE-V5RC-25-2155,2025-11-23,1,0,1,0,1,false
1622,48643E,Euphoria,SPROUL JUNIOR HIGH SCHOOL,Colorado Springs,Colorado,United States,Middle School,RE-V5RC-25-1065,2025-10-18,1,0,1,0,1,false
1623,79338D,Dead Batteries,Westchester Middle School,Chesterton,Indiana,United States,Middle School,RE-V5RC-25-1978,2025-11-15,1,0,1,0,1,false
1624,9012G,All in a Knight's Work,Northern Middle School,Hagerstown,Maryland,United States,Middle School,RE-V5RC-25-1465,2025-11-15,1,0,1,0,1,false
1625,68610A,YT Alpha,Yishun Town Secondary School,Singapore,,Singapore,Middle School,RE-V5RC-25-1037,2025-11-19,1,0,1,0,1,false
1626,9393V,Rockbots,Rockway Middle School,Miami,Florida,United States,Middle School,RE-V5RC-25-1986,2025-11-08,1,0,1,0,1,false
1627,15224B,Highland Christian,Highland Christian School,Highland,Indiana,United States,Middle School,RE-V5RC-25-1214,2025-11-01,1,0,1,0,1,false
1628,726Y,Rattler Radiation Jagwires,DESERT RIDGE JR. HIGH,Mesa,Arizona,United States,Middle School,RE-V5RC-25-0270,2025-11-15,1,0,1,0,1,false
1629,44654B,BATT13 80TZ,WEST HOLMES MIDDLE SCHOOL,Millersburg,Ohio,United States,Middle School,RE-V5RC-25-9960,2025-11-14,1,0,1,0,1,false
1630,14287C,System Overload,DU PONT MIDDLE SCHOOL,Belle,West Virginia,United States,Middle School,RE-V5RC-25-1505,2025-11-21,1,0,1,0,1,false
1631,23660T,Why_So_Serious?,Loreto Kirribilli,Kirribilli Sydney,New South Wales,Australia,Middle School,RE-V5RC-25-0741,2025-09-20,1,0,1,0,1,false
1632,9413D,Team Invincible,STEAM ACADEMY @ BURKE,Pico Rivera,California,United States,Middle School,RE-V5RC-25-1418,2025-10-04,1,0,1,0,1,false
1633,9413E,The Six Seven Monkeyteers,STEAM ACADEMY @ BURKE,Pico Rivera,California,United States,Middle School,RE-V5RC-25-1418,2025-10-04,1,0,1,0,1,false
1634,24523B,JAMS - Team B,JOHN ADAMS MIDDLE SCHOOL,Charleston,West Virginia,United States,Middle School,RE-V5RC-25-1503,2025-10-10,1,0,1,0,1,false
1635,93535A,Alsbury,FULTON AND ALSBURY ACADEMY OF ARTS AND ENGINEERING,Lancaster,California,United States,Middle School,RE-V5RC-25-0072,2025-09-13,1,0,1,0,1,false
1636,9806A,Crusaderbots,BONITA VISTA MIDDLE,Chula Vista,California,United States,Middle School,RE-V5RC-25-0405,2025-09-13,1,0,1,0,1,false
1637,6446B,Royal Robotics 6446B,RANCHO DEL REY MIDDLE,Chula Vista,California,United States,Middle School,RE-V5RC-25-0405,2025-09-13,1,0,1,0,1,false
1638,99406B,Curran Robotics B,CURRAN MIDDLE,Bakersfield,California,United States,Middle School,RE-V5RC-25-0072,2025-09-13,1,0,1,0,1,false
1639,13077C,PROUD Robotics,Youth Support Services,Bakersfield,California,United States,Middle School,RE-V5RC-25-0072,2025-09-13,1,0,1,0,1,false
1640,8383B,Washington Middle School,WASHINGTON MIDDLE,Bakersfield,California,United States,Middle School,RE-V5RC-25-0072,2025-09-13,1,0,1,0,1,false
1641,51192A,Knights Robotics,NORRIS MIDDLE,Bakersfield,California,United States,Middle School,RE-V5RC-25-0072,2025-09-13,1,0,1,0,1,false
1642,2037D,Dragon Robotics,DOWNTOWN ELEMENTARY,Bakersfield,California,United States,Middle School,RE-V5RC-25-0072,2025-09-13,1,0,1,0,1,false
1643,16495A,Metal Heads,TROY SOUTH MIDDLE SCHOOL,Moscow Mills,Missouri,United States,Middle School,RE-V5RC-25-0963,2025-10-18,1,0,1,0,1,false
1644,33249G,Techno Legion,BOB JONES ACADEMY MIDDLE SCHOOL,Greenville,South Carolina,United States,Middle School,RE-V5RC-25-0050,2025-10-18,1,0,1,0,1,false
1645,67282D,Zero Brain Cells,WATSON JUNIOR HIGH SCHOOL,Colorado Springs,Colorado,United States,Middle School,RE-V5RC-25-1065,2025-10-18,1,0,1,0,1,false
1646,99766G,Cyberstorm,North Kirkwood Middle School,Kirkwood,Missouri,United States,Middle School,RE-V5RC-25-0963,2025-10-18,1,0,1,0,1,false
1647,2150S,Chadwick Robotics S,CHADWICK SCHOOL,Palos Verdes Peninsula,California,United States,Middle School,RE-V5RC-25-0366,2025-10-18,1,0,1,0,1,false
1648,23660S,The Mechanism in a Mechanical Pencil,Loreto Kirribilli,Kirribilli Sydney,New South Wales,Australia,Middle School,RE-V5RC-25-1972,2025-10-25,1,0,1,0,1,false
1649,4813B,Butterflies,Taipei American School - Middle School,Taipei,,Taiwan,Middle School,RE-V5RC-25-0320,2025-10-25,1,0,1,0,1,false
1650,88588A,88588A,余姚市青少年宫,余姚,Zhejiang,China,Middle School,RE-V5RC-25-1748,2025-10-24,1,0,1,0,1,false
1651,88588C,88588C,余姚市青少年宫,余姚,Zhejiang,China,Middle School,RE-V5RC-25-1748,2025-10-24,1,0,1,0,1,false
1652,84927A,Hypersphere,MARY G. PORTER TRADITIONAL,Woodbridge,Virginia,United States,Middle School,RE-V5RC-25-9935,2025-10-25,1,0,1,0,1,false
1653,84927E,NEAAAD,MARY G. PORTER TRADITIONAL,Woodbridge,Virginia,United States,Middle School,RE-V5RC-25-9935,2025-10-25,1,0,1,0,1,false
1654,84927F,Sassy Sharks,MARY G. PORTER TRADITIONAL,Woodbridge,Virginia,United States,Middle School,RE-V5RC-25-9935,2025-10-25,1,0,1,0,1,false
1655,99515B,Patribots (MS),Douglas Middle School,Rapid City,South Dakota,United States,Middle School,RE-V5RC-25-0610,2025-10-25,1,0,1,0,1,false
1656,70663Z,Crashout Crew,LEBLANC MIDDLE SCHOOL,Sulphur,Louisiana,United States,Middle School,RE-V5RC-25-1500,2025-10-02,1,0,1,0,1,false
1657,93303A,The Little Lemons,Monmouth Robotics,Monmouth,Maine,United States,Middle School,RE-V5RC-25-1202,2025-11-01,1,0,1,0,1,false
1658,23001B,Robo Bears 2,TWIN RIVERS MIDDLE SCHOOL,Buford,Georgia,United States,Middle School,RE-V5RC-25-1711,2025-11-01,1,0,1,0,1,false
1659,9185D,Scooby Dudes,BELLEFONTAINE MIDDLE SCHOOL,Bellefontaine,Ohio,United States,Middle School,RE-V5RC-25-0168,2025-11-01,1,0,1,0,1,false
1660,38053F,Ladies of Light,OAKLAND CHRISTIAN SCHOOL,Auburn Hills,Michigan,United States,Middle School,RE-V5RC-25-1231,2025-11-01,1,0,1,0,1,false
1661,7831C,The Clankers,FRANK H HARRISON MIDDLE SCHOOL,Yarmouth,Maine,United States,Middle School,RE-V5RC-25-1202,2025-11-01,1,0,1,0,1,false
1662,69267A,Galaxy,Independent,REDMOND,Washington,United States,Middle School,RE-V5RC-25-0800,2025-11-01,1,0,1,0,1,false
1663,65404K,SAS - Kangaroos,Singapore American School - Middle School Division,Singapore,,Singapore,Middle School,RE-V5RC-25-0371,2025-11-01,1,0,1,0,1,false
1664,33249E,Arcturus,BOB JONES ACADEMY MIDDLE SCHOOL,Greenville,South Carolina,United States,Middle School,RE-V5RC-25-0088,2025-11-08,1,0,1,0,1,false
1665,19140C,Coding Kings,W. W. LEWIS MIDDLE SCHOOL,Sulphur,Louisiana,United States,Middle School,RE-V5RC-25-1500,2025-10-02,1,0,1,0,1,false
1666,63438X,Valpo Vipers: Xenon Cobras,BENJAMIN FRANKLIN MIDDLE SCHOOL,Valparaiso,Indiana,United States,Middle School,RE-V5RC-25-1856,2025-11-08,1,0,1,0,1,false
1667,32547F,Mavericks - TEAM F,Grand Mountain Junior High School,Colorado Springs,Colorado,United States,Middle School,RE-V5RC-25-1065,2025-10-18,1,0,1,0,1,false
1668,52102B,The Unpredictables,SOUTH GIRARD SCHOOL,Phenix City,Alabama,United States,Middle School,RE-V5RC-25-2138,2025-11-08,1,0,1,0,1,false
1669,90121A,Mechanical Minds,ACADEMY FOR ADVANCED AND CREATIVE LEARNING,Colorado Springs,Colorado,United States,Middle School,RE-V5RC-25-1058,2025-10-18,1,0,1,0,1,false
1670,19901B,Janitell Jagwires 2,JANITELL JUNIOR HIGH SCHOOL,Colorado Springs,Colorado,United States,Middle School,RE-V5RC-25-1058,2025-10-18,1,0,1,0,1,false
1671,90235B,Bluey,S. J. WELSH MIDDLE SCHOOL,Lake Charles,Louisiana,United States,Middle School,RE-V5RC-25-1500,2025-10-02,1,0,1,0,1,false
1672,9806E,Crusaderbots,BONITA VISTA MIDDLE,Chula Vista,California,United States,Middle School,RE-V5RC-25-0405,2025-09-13,1,0,1,0,1,false
1673,6356A,Souls of the Phoenix,TRAIL RIDGE MIDDLE SCHOOL,Longmont,Colorado,United States,Middle School,RE-V5RC-25-2582,2025-11-08,1,0,1,0,1,false
1674,9806C,Crusaderbots,BONITA VISTA MIDDLE,Chula Vista,California,United States,Middle School,RE-V5RC-25-0405,2025-09-13,1,0,1,0,1,false
1675,61783F,Daniel,Surrey Christian School,Surrey,British Columbia,Canada,Middle School,RE-V5RC-25-0133,2025-11-08,1,0,1,0,1,false
1676,6356F,Automatic Bots,TRAIL RIDGE MIDDLE SCHOOL,Longmont,Colorado,United States,Middle School,RE-V5RC-25-2582,2025-11-08,1,0,1,0,1,false
1677,40471A,Steamcats2,TWENTYNINE PALMS JUNIOR HIGH,Twentynine Palms,California,United States,Middle School,RE-V5RC-25-1807,2025-11-08,1,0,1,0,1,false
1678,13727A,WC Pirates,WEST CARROLLTON MIDDLE SCHOOL,West Carrollton,Ohio,United States,Middle School,RE-V5RC-25-0058,2025-10-21,1,0,1,0,1,false
1679,17325C,Chaotic Gizmos,Glenwood Middle School,Findlay,Ohio,United States,Middle School,RE-V5RC-25-9960,2025-11-14,1,0,1,0,1,false
1680,43050C,Cogzilla,MOUNT VERNON MIDDLE SCHOOL,Mount Vernon,Ohio,United States,Middle School,RE-V5RC-25-9960,2025-11-14,1,0,1,0,1,false
1681,38657R,Unbrickables,Shrewsbury International School,Bangkok,,Thailand,Middle School,RE-V5RC-25-0588,2025-11-15,1,0,1,0,1,false
1682,21421H,AI Generated,All Saints Catholic School,Bangor,Maine,United States,Middle School,RE-V5RC-25-1318,2025-11-15,1,0,1,0,1,false
1683,6750A,Springfield Cougars,SPRINGFIELD MIDDLE,Williamsport,Maryland,United States,Middle School,RE-V5RC-25-1465,2025-11-15,1,0,1,0,1,false
1684,22201M,Patasium Pumblers,PLEASANT VALLEY MIDDLE SCHOOL,Wichita,Kansas,United States,Middle School,RE-V5RC-25-0580,2025-11-15,1,0,1,0,1,false
1685,74177B,Quack Attack,Pinecrest Academy Sloan Canyon,Henderson,Nevada,United States,Middle School,RE-V5RC-25-1270,2025-11-15,1,0,1,0,1,false
1686,75693A,The Diamond Comets,MIKE OCALLAGHAN MIDDLE SCHOOL I3 LEARN ACADEMY,Las Vegas,Nevada,United States,Middle School,RE-V5RC-25-1270,2025-11-15,1,0,1,0,1,false
1687,37768D,D1BB,BROWN JR. (WILLIE L) MIDDLE,San Francisco,California,United States,Middle School,RE-V5RC-25-1473,2025-11-15,1,0,1,0,1,false
1688,10749A,[null],Liberty Middle School,Chesterton,Indiana,United States,Middle School,RE-V5RC-25-1978,2025-11-15,1,0,1,0,1,false
1689,25900G,NMD,ALLISON TRADITIONAL MAGNET MIDDLE,Wichita,Kansas,United States,Middle School,RE-V5RC-25-0580,2025-11-15,1,0,1,0,1,false
1690,8512E,BLT Sandwich,MURCHISON MIDDLE,Austin,Texas,United States,Middle School,RE-V5RC-25-0876,2025-11-15,1,0,1,0,1,false
1691,57152D,Yin & Yang,CABOT JUNIOR HIGH NORTH,Cabot,Arkansas,United States,Middle School,RE-V5RC-25-0135,2025-11-15,1,0,1,0,1,false
1692,38247A,One Piece of Steak,Bogle Junior High School,Chandler,Arizona,United States,Middle School,RE-V5RC-25-0270,2025-11-15,1,0,1,0,1,false
1693,98721F,Rogue Robotics,Rogue Robotics,Fremont,California,United States,Middle School,RE-V5RC-25-1473,2025-11-15,1,0,1,0,1,false
1694,4400C,RoboVoyagers,KAIMUKI MIDDLE SCHOOL,Honolulu,Hawaii,United States,Middle School,RE-V5RC-25-2405,2025-11-15,1,0,1,0,1,false
1695,92614B,SLMS Sharks 2,SOUTH LAKE MIDDLE,Irvine,California,United States,Middle School,RE-V5RC-25-1249,2025-11-16,1,0,1,0,1,false
1696,2368C,RoboKnights,BAYSIDE INT,League City,Texas,United States,Middle School,RE-V5RC-25-2095,2025-10-07,1,0,1,0,1,false
1697,6572D,Creekside Intermediate,CREEKSIDE INT,League City,Texas,United States,Middle School,RE-V5RC-25-2095,2025-10-07,1,0,1,0,1,false
1698,97435F,Python,PIZITZ MIDDLE SCHOOL,Vestavia Hills,Alabama,United States,Middle School,RE-V5RC-25-1207,2025-11-20,1,0,1,0,1,false
1699,19670A,OPS - Auto Aviators,ALFONZA W DAVIS MIDDLE SCHOOL,Omaha,Nebraska,United States,Middle School,RE-V5RC-25-0456,2025-09-25,1,0,1,0,1,false
1700,12169E,Red Alert,TRENTON MIDDLE SCHOOL,Trenton,Texas,United States,Middle School,RE-V5RC-25-2014,2025-11-21,1,0,1,0,1,false
1701,24523C,JAMS - Team C,JOHN ADAMS MIDDLE SCHOOL,Charleston,West Virginia,United States,Middle School,RE-V5RC-25-1505,2025-11-21,1,0,1,0,1,false
1702,25304D,EagleForce6B,HORACE MANN MIDDLE SCHOOL,Charleston,West Virginia,United States,Middle School,RE-V5RC-25-1505,2025-11-21,1,0,1,0,1,false
1703,14287E,Wired Wierdos,DU PONT MIDDLE SCHOOL,Belle,West Virginia,United States,Middle School,RE-V5RC-25-1505,2025-11-21,1,0,1,0,1,false
1704,30202N,Falcon Storm,Perryville Middle School,Perryville,Maryland,United States,Middle School,RE-V5RC-25-9977,2025-11-21,1,0,1,0,1,false
1705,23835C,SSMS The Gear Heads,SULPHUR SPRINGS MIDDLE,Sulphur Springs,Texas,United States,Middle School,RE-V5RC-25-2014,2025-11-21,1,0,1,0,1,false
1706,12169D,Da Kiwi Club,TRENTON MIDDLE SCHOOL,Trenton,Texas,United States,Middle School,RE-V5RC-25-2014,2025-11-21,1,0,1,0,1,false
1707,40129A,TCS Vexcaliber,The Cotswold Academy,Cheltenham,,United Kingdom,Middle School,RE-V5RC-25-9988,2025-11-22,1,0,1,0,1,false
1708,1706A,Nova FSE,Frontier School of Excellence,Kansas City,Missouri,United States,Middle School,RE-V5RC-25-2182,2025-11-22,1,0,1,0,1,false
1709,10440D,The Bad Batch,Bangor Homeschool,Bangor,Maine,United States,Middle School,RE-V5RC-25-2119,2025-11-22,1,0,1,0,1,false
1710,1061C,Lucky Blocks,KING SCIENCE/TECH MAGNET MIDDLE SCHOOL,Omaha,Nebraska,United States,Middle School,RE-V5RC-25-2882,2025-11-22,1,0,1,0,1,false
1711,31319Y,Cougar Robotics,COLEMAN MIDDLE SCHOOL,Wichita,Kansas,United States,Middle School,RE-V5RC-25-2573,2025-11-22,1,0,1,0,1,false
1712,6364X,4 piece nuggies,BG Hudson Middle School,Sachse,Texas,United States,Middle School,RE-V5RC-25-0197,2025-11-22,1,0,1,0,1,false
1713,57783C,Spearfish South DaCoders,SPEARFISH MIDDLE SCHOOL - 05,Spearfish,South Dakota,United States,Middle School,RE-V5RC-25-0630,2025-11-22,1,0,1,0,1,false
1714,51769H,Knightly Robotics,Jordan Middle School,Lawrenceville,Georgia,United States,Middle School,RE-V5RC-25-1373,2025-11-22,1,0,1,0,1,false
1715,17380A,Asteroid Destroyer,Searsport District Middle/High School,Searsport,Maine,United States,Middle School,RE-V5RC-25-2119,2025-11-22,1,0,1,0,1,false
1716,20468B,Panthers Purple,Brooks Magnet Middle School,Wichita,Kansas,United States,Middle School,RE-V5RC-25-2573,2025-11-22,1,0,1,0,1,false
1717,71610S,I.EAT.DIRT,Gordon Parks Academy ,Wichita,Kansas,United States,Middle School,RE-V5RC-25-2573,2025-11-22,1,0,1,0,1,false
1718,99088K,Kool Kingz,BEMAN MIDDLE SCHOOL,Middletown,Connecticut,United States,Middle School,RE-V5RC-25-2155,2025-11-23,1,0,1,0,1,false
1719,99088M,M Town,BEMAN MIDDLE SCHOOL,Middletown,Connecticut,United States,Middle School,RE-V5RC-25-2155,2025-11-23,1,0,1,0,1,false
1720,17814A,VEXtacular,WESTON MIDDLE SCHOOL,Weston,Connecticut,United States,Middle School,RE-V5RC-25-2155,2025-11-23,1,0,1,0,1,false